step,layer,grad_norm,relative_norm,inter_layer_ratio,confidence,update_norm,pre_clip_update_norm,trust_clipped,starved,recovered,trust,effective_trust,amp,recovery_scale,starved_steps
36,0,2.3185340314313407e-09,0.18885828089467896,0.16977657151418685,0.6206548463497056,0.000892021635081619,0.000892021635081619,False,True,False,0.10800000000000001,0.30000000000000004,1.25,1.05,1
36,2,3.656383862349344e-09,0.3023109552368395,0.10355610406352554,0.617664604252609,0.0002028884191531688,0.0002028884191531688,False,False,False,0.10800000000000001,0.28181818181818186,1.0,1.0,0
36,4,2.5308240836352525e-08,1.03349108257557,0.14090459217760318,0.5991261953393372,0.0008584083407185972,0.0008584083407185972,False,False,False,0.10800000000000001,0.2636363636363636,1.0,1.0,0
36,6,1.696126048500446e-07,1.5587539934878007,0.1483874974094764,0.5870204262103276,0.004386825952678919,0.004386825952678919,False,False,False,0.10800000000000001,0.24545454545454548,1.0,1.0,0
36,8,1.1330383813401568e-06,1.5501697586918042,0.14792110192114702,0.5868077039235516,0.016651924699544907,0.016651924699544907,False,False,False,0.10800000000000001,0.22727272727272727,1.0,1.0,0
36,10,7.649748113180976e-06,1.6587128078779398,0.14948250524355455,0.5808029184149965,0.029200198128819466,0.029200198128819466,False,False,False,0.10800000000000001,0.2090909090909091,1.0,1.0,0
36,12,5.116487227496691e-05,1.5025082589277596,0.14400181016587693,0.5837378011142477,0.03533010929822922,0.03533010929822922,False,False,False,0.10800000000000001,0.19090909090909092,1.0,1.0,0
36,14,0.00035529714659787714,1.3971925559088265,0.15725733440559272,0.5956468132008262,0.0412067249417305,0.0412067249417305,False,False,False,0.10800000000000001,0.17272727272727273,1.0,1.0,0
36,16,0.002259325934574008,1.304794387086163,0.1351834768390862,0.5976562137037011,0.036394938826560974,0.036394938826560974,False,False,False,0.10800000000000001,0.15454545454545454,1.0,1.0,0
36,18,0.01671302318572998,1.3281093285873418,0.16455528737726172,0.5994460468189363,0.03243710845708847,0.03243710845708847,False,False,False,0.10800000000000001,0.13636363636363635,1.0,1.0,0
36,20,0.10156477987766266,1.1436672438920372,0.1446320476816608,0.5762415803424431,0.022793132811784744,0.022793132811784744,False,False,False,0.10800000000000001,0.1181818181818182,1.0,1.0,0
36,22,0.7022287249565125,1.1722013367764021,1.0,0.5804315500218343,0.007099814247339964,0.007099814247339964,False,False,False,0.10800000000000001,0.1,1.0,1.0,0
37,0,2.92919155597815e-09,0.2379511941317624,0.19816851963906232,0.6177522565406501,0.0009416360990144312,0.0009416360990144312,False,True,False,0.11664000000000002,0.35100000000000003,1.25,1.1025,2
37,2,4.781316231827759e-09,0.393256558392857,0.11562745494494514,0.6146353495906766,0.0002380546648055315,0.0002380546648055315,False,False,False,0.09720000000000001,0.3043636363636364,1.0,1.0,0
37,4,3.135104620355378e-08,1.2592943599898039,0.13849203670817556,0.5957548337271746,0.00110762903932482,0.00110762903932482,False,False,False,0.09720000000000001,0.2847272727272728,1.0,1.0,0
37,6,2.16374360206828e-07,1.923078052079568,0.14727894684001616,0.5835679933875262,0.0057511781342327595,0.0057511781342327595,False,False,False,0.09720000000000001,0.2650909090909091,1.0,1.0,0
37,8,1.4591465742341825e-06,1.9963356318090237,0.14417564040519465,0.5833688749137654,0.021171588450670242,0.021171588450670242,False,False,False,0.09720000000000001,0.24545454545454545,1.0,1.0,0
37,10,1.0110617949976586e-05,2.19230898077415,0.15843126323665307,0.5774285611535463,0.03674376383423805,0.03674376383423805,False,False,False,0.09720000000000001,0.22581818181818183,1.0,1.0,0
37,12,6.380706327036023e-05,1.8737589928187572,0.15641983835982037,0.585678507499819,0.04204123839735985,0.04204123839735985,False,False,False,0.09720000000000001,0.20618181818181822,1.0,1.0,0
37,14,0.0004079118079971522,1.575868225781238,0.14752888233326023,0.6151658918516919,0.04843742027878761,0.04843742027878761,False,False,False,0.09720000000000001,0.18654545454545457,1.0,1.0,0
37,16,0.0027649523690342903,1.5690418176843957,0.1438052863800298,0.6180296778408184,0.04418162629008293,0.04418162629008293,False,False,False,0.09720000000000001,0.16690909090909092,1.0,1.0,0
37,18,0.0192270465195179,1.5193636343232368,0.14970875185680896,0.6167070903705149,0.04031243547797203,0.04031243547797203,False,False,False,0.09720000000000001,0.14727272727272728,1.0,1.0,0
37,20,0.12842966616153717,1.4261879146891119,0.16000598108002093,0.5994458182569864,0.030640868470072746,0.030640868470072746,False,False,False,0.09720000000000001,0.12763636363636366,1.0,1.0,0
37,22,0.8026553988456726,1.3102463439717162,1.0,0.5972073808394317,0.00831689778715372,0.00831689778715372,False,False,False,0.09720000000000001,0.10800000000000001,1.0,1.0,0
38,0,2.201040683047495e-09,0.178644471612005,0.1847879342164339,0.6151212476975843,0.0009744897251948714,0.0009744897251948714,False,True,False,0.12597120000000003,0.40824000000000005,1.5625,1.323,3
38,2,1.9111709992358783e-09,0.1564780848194018,0.08754031469420147,0.6115901628940007,0.0007904038648121059,0.0007904038648121059,False,True,False,0.10497600000000001,0.27392727272727274,1.25,1.2,1
38,4,1.183189546338781e-08,0.4644195259923402,0.13409576330338993,0.5889793590562287,0.0010421507759019732,0.0010421507759019732,False,False,False,0.10497600000000001,0.25625454545454546,1.0,1.0,0
38,6,7.823467029766107e-08,0.6770033787808691,0.14545018611391172,0.576137884954509,0.00525300158187747,0.00525300158187747,False,False,False,0.10497600000000001,0.2385818181818182,1.0,1.0,0
38,8,5.278794787955121e-07,0.7164908593836327,0.14671335126030097,0.5758364724877956,0.01916222646832466,0.01916222646832466,False,False,False,0.10497600000000001,0.22090909090909092,1.0,1.0,0
38,10,3.588032996049151e-06,0.7330917089849002,0.12323677114757495,0.5694145381104899,0.03204567730426788,0.03204567730426788,False,False,False,0.10497600000000001,0.20323636363636366,1.0,1.0,0
38,12,2.9104954592185095e-05,0.8259988774580861,0.1289858373780829,0.5755968645581578,0.04024622216820717,0.04024622216820717,False,False,False,0.10497600000000001,0.18556363636363638,1.0,1.0,0
38,14,0.00022563457605428994,0.8529538988648354,0.13481133919893948,0.6029858513920469,0.04861876741051674,0.04861876741051674,False,False,False,0.10497600000000001,0.16789090909090912,1.0,1.0,0
38,16,0.001673696213401854,0.9302105701799092,0.1445918747556854,0.6019771446357483,0.0437086746096611,0.0437086746096611,False,False,False,0.10497600000000001,0.15021818181818183,1.0,1.0,0
38,18,0.011575303040444851,0.9111571051914167,0.15071969934531523,0.6030374243069566,0.03905807435512543,0.03905807435512543,False,False,False,0.10497600000000001,0.13254545454545455,1.0,1.0,0
38,20,0.07680018991231918,0.8484246825110069,0.16227329214979966,0.5844089953829411,0.030020341277122498,0.030020341277122498,False,False,False,0.10497600000000001,0.11487272727272729,1.0,1.0,0
38,22,0.473276823759079,0.75178602332657,1.0,0.5842079424815882,0.008376718498766422,0.008376718498766422,False,False,False,0.10497600000000001,0.09720000000000001,1.0,1.0,0
39,0,1.7927890283431225e-09,0.14550928165340324,0.15504114891780443,0.6186820587563098,0.000983608071692288,0.000983608071692288,False,True,False,0.13604889600000006,0.47239200000000015,1.953125,1.5876,4
39,2,1.563311036179016e-09,0.12799687574588156,0.07989359988200151,0.6152671400840531,0.0007164296112023294,0.0007164296112023294,False,True,False,0.11337408000000002,0.3220854545454546,1.5625,1.44,2
39,4,9.567412639910344e-09,0.3755352011813705,0.11070730403555333,0.5930428267259338,0.0008269454119727015,0.0008269454119727015,False,False,False,0.11337408000000002,0.2767549090909091,1.0,1.0,0
39,6,7.642078969638533e-08,0.661306970895509,0.15841449524505308,0.5831370827451062,0.004134833347052336,0.004134833347052336,False,False,False,0.11337408000000002,0.2576683636363637,1.0,1.0,0
39,8,4.724103348507924e-07,0.6412025858085537,0.13842255594515718,0.5826072928828195,0.015083079226315022,0.015083079226315022,False,False,False,0.11337408000000002,0.2385818181818182,1.0,1.0,0
39,10,3.4028132631647168e-06,0.6952483974357897,0.1352262408130142,0.575765529184755,0.02408760040998459,0.02408760040998459,False,False,False,0.11337408000000002,0.21949527272727276,1.0,1.0,0
39,12,2.5153853130177595e-05,0.7138665818379616,0.1399527243886056,0.5791189903954276,0.029499666765332222,0.029499666765332222,False,False,False,0.11337408000000002,0.2004087272727273,1.0,1.0,0
39,14,0.0001797210716176778,0.6793896193798798,0.13608826897003898,0.5860391581591078,0.03583357855677605,0.03583357855677605,False,False,False,0.11337408000000002,0.18132218181818185,1.0,1.0,0
39,16,0.0013206113362684846,0.7339722789952976,0.13009672777846384,0.5942619279889412,0.033138781785964966,0.033138781785964966,False,False,False,0.11337408000000002,0.1622356363636364,1.0,1.0,0
39,18,0.010150985792279243,0.7990410961177653,0.1497113880171926,0.5913640123500601,0.02958124503493309,0.02958124503493309,False,False,False,0.11337408000000002,0.14314909090909092,1.0,1.0,0
39,20,0.06780368834733963,0.7490388086910099,0.15855720580870292,0.5674397864185774,0.018580831587314606,0.018580831587314606,False,False,False,0.11337408000000002,0.12406254545454548,1.0,1.0,0
39,22,0.42762917280197144,0.6792761004559069,1.0,0.5702715691575918,0.005549489986151457,0.005549489986151457,False,False,False,0.11337408000000002,0.10497600000000001,1.0,1.0,0
40,0,1.9050625521543907e-09,0.15462180941891074,0.15984980633321988,0.6217380449784309,0.0010828684316948056,0.0010828684316948056,False,True,False,0.14693280768000008,0.5441955840000002,1.5625,1.66698,5
40,2,1.9178283405807406e-09,0.15702315798347222,0.08452356380687068,0.6183461193086265,0.0008123203297145665,0.0008123203297145665,False,True,False,0.12244400640000003,0.376195810909091,1.25,1.512,3
40,4,1.2689866046855514e-08,0.49809614973554495,0.13340745618413752,0.5958775107204597,0.0008828274440020323,0.0008828274440020323,False,False,False,0.12244400640000003,0.29889530181818186,1.0,1.0,0
40,6,8.512111548952817e-08,0.7365952022645641,0.14530577338975714,0.5862340646639961,0.004625359550118446,0.004625359550118446,False,False,False,0.12244400640000003,0.27828183272727275,1.0,1.0,0
40,8,5.758068368777458e-07,0.7815426663958712,0.15168182707887254,0.585360411817631,0.017252981662750244,0.017252981662750244,False,False,False,0.12244400640000003,0.25766836363636364,1.0,1.0,0
40,10,3.7861491364310496e-06,0.7735699599067791,0.14322282232429312,0.5786101520292598,0.02968461625277996,0.02968461625277996,False,False,False,0.12244400640000003,0.23705489454545456,1.0,1.0,0
40,12,2.6425375835970044e-05,0.7499524078549876,0.14188761291838053,0.5817140100784868,0.03712897747755051,0.03712897747755051,False,False,False,0.12244400640000003,0.2164414254545455,1.0,1.0,0
40,14,0.00018623159849084914,0.7040010037574215,0.14361085929977502,0.5846862955182976,0.039332352578639984,0.039332352578639984,False,False,False,0.12244400640000003,0.1958279563636364,1.0,1.0,0
40,16,0.0012967693619430065,0.7207213339588385,0.15334945177359816,0.589803175924611,0.0364522784948349,0.0364522784948349,False,False,False,0.12244400640000003,0.1752144872727273,1.0,1.0,0
40,18,0.008456292562186718,0.667794296623713,0.14668800088591713,0.5934410051420053,0.0318530835211277,0.0318530835211277,False,False,False,0.12244400640000003,0.15460101818181818,1.0,1.0,0
40,20,0.05764814466238022,0.636848800613227,0.13570842490334167,0.5722889934833124,0.022791046649217606,0.022791046649217606,False,False,False,0.12244400640000003,0.13398754909090912,1.0,1.0,0
40,22,0.42479413747787476,0.6747727319719731,1.0,0.5752457832414406,0.005971282720565796,0.005971282720565796,False,False,False,0.12244400640000003,0.11337408000000002,1.0,1.0,0
41,0,1.9176296106593327e-09,0.1560944013350187,0.1624456184705822,0.6187369804039936,0.0011087119346484542,0.0011087119346484542,False,True,False,0.1586874322944001,0.6244644326400004,1.953125,2.0003759999999997,6
41,2,1.8047481287197797e-09,0.14868830001383776,0.08378357777358231,0.615321761376718,0.0007530574803240597,0.0007530574803240597,False,True,False,0.13223952691200003,0.4369024773818183,1.5625,1.8144,4
41,4,1.154059514618666e-08,0.46355730153819197,0.13143575897738896,0.5957033697418898,0.0007115119369700551,0.0007115119369700551,False,False,False,0.13223952691200003,0.3228069259636364,1.0,1.0,0
41,6,7.780407429436309e-08,0.6915020222120394,0.13681100605127453,0.5857090150239153,0.003758868435397744,0.003758868435397744,False,False,False,0.13223952691200003,0.30054437934545464,1.0,1.0,0
41,8,5.586974793914123e-07,0.7643835822979899,0.139672143463966,0.5847087770706062,0.014183545485138893,0.014183545485138893,False,False,False,0.13223952691200003,0.27828183272727275,1.0,1.0,0
41,10,3.990063760284102e-06,0.8651748744548862,0.14093333329947175,0.5779401337779078,0.026551079005002975,0.026551079005002975,False,False,False,0.13223952691200003,0.25601928610909097,1.0,1.0,0
41,12,2.8301710699452087e-05,0.8311083791860868,0.12658369496084954,0.581981861198645,0.030370643362402916,0.030370643362402916,False,False,False,0.13223952691200003,0.23375673949090917,1.0,1.0,0
41,14,0.00022357101261150092,0.8579198561511211,0.14283923619093206,0.5914493764023456,0.03082316741347313,0.03082316741347313,False,False,False,0.13223952691200003,0.21149419287272733,1.0,1.0,0
41,16,0.0015651832800358534,0.8737332544446815,0.1272385601254217,0.5958957243126334,0.027298273518681526,0.027298273518681526,False,False,False,0.13223952691200003,0.1892316462545455,1.0,1.0,0
41,18,0.012301160953938961,0.9775183360799682,0.15652805524840388,0.5971700755712057,0.026217523962259293,0.026217523962259293,False,False,False,0.13223952691200003,0.16696909963636367,1.0,1.0,0
41,20,0.07858756929636002,0.8681701647573771,0.12968520930895133,0.5796716050468793,0.022237397730350494,0.022237397730350494,False,False,False,0.13223952691200003,0.14470655301818186,1.0,1.0,0
41,22,0.6059871315956116,0.9625923623956038,1.0,0.5833912705139236,0.006413547787815332,0.006413547787815332,False,False,False,0.13223952691200003,0.12244400640000003,1.0,1.0,0
42,0,2.0834955982707015e-09,0.1701201227209433,0.16959921006227816,0.6218611258892751,0.0012889611534774303,0.0012889611534774303,False,True,False,0.17138242687795213,0.7140934453248005,1.5625,2.1003947999999997,7
42,2,2.284819000664129e-09,0.1896940627032445,0.08382491750184688,0.6184435672425307,0.0007738348795101047,0.0007738348795101047,False,True,False,0.14281868906496004,0.5049145573003637,1.25,1.9051200000000001,5
42,4,1.7257038464890684e-08,0.7047109864511051,0.13493926934109027,0.5953697644886677,0.0005652187392115593,0.0005652187392115593,False,False,False,0.14281868906496004,0.3486314800407273,1.0,1.0,0
42,6,1.1788744558316466e-07,1.0833954631337377,0.1337168647551716,0.5850121829714738,0.00319219590164721,0.00319219590164721,False,False,False,0.14281868906496004,0.32458792969309097,1.0,1.0,0
42,8,8.71619874942553e-07,1.246288840780054,0.1516274423524119,0.5840209620218008,0.01230626367032528,0.01230626367032528,False,False,False,0.14281868906496004,0.3005443793454546,1.0,1.0,0
42,10,5.73843090023729e-06,1.259607013312021,0.1391921016054,0.5773620086596558,0.02507651597261429,0.02507651597261429,False,False,False,0.14281868906496004,0.27650082899781825,1.0,1.0,0
42,12,4.121669917367399e-05,1.2266372584580252,0.14876365749518777,0.5821080607213931,0.03094577230513096,0.03094577230513096,False,False,False,0.14281868906496004,0.25245727865018186,1.0,1.0,0
42,14,0.0002770516148302704,1.0631435567841332,0.13154492456327102,0.5940356343034089,0.027757903560996056,0.027757903560996056,False,False,False,0.14281868906496004,0.2284137283025455,1.0,1.0,0
42,16,0.0021061268635094166,1.1757045339030834,0.14439809004246532,0.5980232320757137,0.02858494222164154,0.02858494222164154,False,False,False,0.14281868906496004,0.20437017795490914,1.0,1.0,0
42,18,0.014585549011826515,1.1590484552019484,0.158193143032627,0.5957543040270588,0.02567465417087078,0.02567465417087078,False,False,False,0.14281868906496004,0.18032662760727275,1.0,1.0,0
42,20,0.0922008827328682,1.0185587398830176,0.14764778510094576,0.5747852435304837,0.021056415513157845,0.021056415513157845,False,False,False,0.14281868906496004,0.15628307725963642,1.0,1.0,0
42,22,0.6244650483131409,0.9919439782598581,1.0,0.5766939751863414,0.00620329100638628,0.00620329100638628,False,False,False,0.14281868906496004,0.13223952691200003,1.0,1.0,0
43,0,1.834179252924173e-09,0.15007284229485585,0.16417624602337808,0.6188957724359491,0.0013302951119840145,0.0013302951119840145,False,True,False,0.1850930210281883,0.8140665276702727,1.953125,2.5204737599999993,8
43,2,1.1720135972836943e-09,0.09730487217918149,0.06700814355419075,0.6156985624502779,0.0007962105446495116,0.0007962105446495116,False,True,False,0.15424418419015684,0.5810123941506329,1.5625,2.286144,6
43,4,7.490614351013392e-09,0.30588784044069695,0.11431053977601961,0.5898330613861744,0.0005049745668657124,0.0005049745668657124,False,False,False,0.15424418419015684,0.37652199844398554,1.0,1.0,0
43,6,5.552864124069856e-08,0.5103128471107111,0.13635315532749018,0.5861774476813031,0.0029613757506012917,0.0029613757506012917,False,False,False,0.15424418419015684,0.35055496406853826,1.0,1.0,0
43,8,3.972413367137051e-07,0.5679969666541534,0.14834698089680062,0.5852133856368724,0.01082748081535101,0.01082748081535101,False,False,False,0.15424418419015684,0.32458792969309097,1.0,1.0,0
43,10,2.667785111043486e-06,0.5855887949684658,0.1580463144791839,0.5751426716409402,0.020293353125452995,0.020293353125452995,False,False,False,0.15424418419015684,0.2986208953176437,1.0,1.0,0
43,12,1.686976793280337e-05,0.5020558730509445,0.13386379312337054,0.5818958177658705,0.02359163388609886,0.02359163388609886,False,False,False,0.15424418419015684,0.27265386094219646,1.0,1.0,0
43,14,0.00012601188791450113,0.48355151005555147,0.15229559930700542,0.5878332680962247,0.023014022037386894,0.023014022037386894,False,False,False,0.15424418419015684,0.24668682656674915,1.0,1.0,0
43,16,0.0008274064748547971,0.46188364087745903,0.1277544014186063,0.5910092881681649,0.021262120455503464,0.021262120455503464,False,False,False,0.15424418419015684,0.22071979219130186,1.0,1.0,0
43,18,0.006476529873907566,0.5146609112440806,0.13293973549252616,0.5888854885486512,0.021794987842440605,0.021794987842440605,False,False,False,0.15424418419015684,0.19475275781585458,1.0,1.0,0
43,20,0.04871777817606926,0.5381935321886895,0.1344166826856809,0.5676754139451978,0.016287073493003845,0.016287073493003845,False,False,False,0.15424418419015684,0.16878572344040732,1.0,1.0,0
43,22,0.36243847012519836,0.579703015252514,1.0,0.567633907148375,0.005418699234724045,0.005418699234724045,False,False,False,0.15424418419015684,0.14281868906496004,1.0,1.0,0
44,0,2.2212298667056984e-09,0.18174138593886324,0.17866553845433752,0.6220215382651395,0.0016641876427456737,0.0016641876427456737,False,True,False,0.1999004627104434,0.9254651051409415,1.5625,2.6464974479999994,9
44,2,2.432335222124493e-09,0.20194140105053338,0.087063739836942,0.6187592424922764,0.0008194692782126367,0.0008194692782126367,False,True,False,0.1665837189253694,0.6660544317302227,1.25,2.4004512000000005,7
44,4,1.793740800337673e-08,0.7324946580001517,0.1456379734695338,0.5957738532790341,0.0003753674973268062,0.0003753674973268062,False,False,False,0.1665837189253694,0.4066437583195044,1.0,1.0,0
44,6,1.1316436143715691e-07,1.0399899256698364,0.14507392196253782,0.5886441307472436,0.002227660734206438,0.002227660734206438,False,False,False,0.1665837189253694,0.3785993611940213,1.0,1.0,0
44,8,7.700461992499186e-07,1.1010533520400965,0.1491412378419605,0.587512997338161,0.009315190836787224,0.009315190836787224,False,False,False,0.1665837189253694,0.35055496406853826,1.0,1.0,0
44,10,5.153201072971569e-06,1.167216118422023,0.12673917528434708,0.5771391936692776,0.019483216106891632,0.019483216106891632,False,False,False,0.1665837189253694,0.3225105669430552,1.0,1.0,0
44,12,4.064989116159268e-05,1.2566188332866715,0.14671106248721988,0.5801886471952509,0.0256635919213295,0.0256635919213295,False,False,False,0.1665837189253694,0.2944661698175722,1.0,1.0,0
44,14,0.0002770644787233323,1.1530972963726989,0.15070822582834187,0.5881956967980012,0.030512018129229546,0.030512018129229546,False,False,False,0.1665837189253694,0.2664217726920891,1.0,1.0,0
44,16,0.0018384064314886928,1.0617071031151721,0.13174396067714894,0.592572319130201,0.021881937980651855,0.021881937980651855,False,False,False,0.1665837189253694,0.23837737556660601,1.0,1.0,0
44,18,0.01395437866449356,1.1228365418215196,0.16884417449156844,0.5897124490238541,0.024645688012242317,0.024645688012242317,False,False,False,0.1665837189253694,0.21033297844112295,1.0,1.0,0
44,20,0.08264648169279099,0.9177740385432351,0.1450307100235733,0.5782094079477536,0.020595388486981392,0.020595388486981392,False,False,False,0.1665837189253694,0.1822885813156399,1.0,1.0,0
44,22,0.5698550343513489,0.9262530220899405,1.0,0.5732072672435363,0.006385210435837507,0.006385210435837507,False,False,False,0.1665837189253694,0.15424418419015684,1.0,1.0,0
45,0,1.7434118593229186e-09,0.14277229922346735,0.15335351785270832,0.6189713772783831,0.001689197844825685,0.001689197844825685,False,True,False,0.2158924997272789,0.999502313552217,1.953125,3.175796937599999,10
45,2,1.3685808042396275e-09,0.1130288650956555,0.06783834546251427,0.615719428757196,0.0009465221082791686,0.0009465221082791686,False,True,False,0.17991041643939898,0.7609847159999831,1.5625,2.8805414400000005,8
45,4,1.0174147746511153e-08,0.4086704728033013,0.11827381033692737,0.5928083553595931,0.0004664299194701016,0.0004664299194701016,False,False,False,0.17991041643939898,0.4391752589850648,1.0,1.0,0
45,6,7.602198337508526e-08,0.6808780096485603,0.14518169794023633,0.5824554795825052,0.00279584270901978,0.00279584270901978,False,False,False,0.17991041643939898,0.4088873100895431,1.0,1.0,0
45,8,5.136333811606164e-07,0.7027290051622446,0.15798567323924895,0.5813904433695798,0.011299383826553822,0.011299383826553822,False,False,False,0.17991041643939898,0.3785993611940214,1.0,1.0,0
45,10,3.241138983867131e-06,0.702783760342321,0.14571650041179401,0.5743099273473073,0.023421043530106544,0.023421043530106544,False,False,False,0.17991041643939898,0.34831141229849966,1.0,1.0,0
45,12,2.223277260782197e-05,0.6616625733338287,0.14583690616853417,0.5780447067316781,0.028215806931257248,0.028215806931257248,False,False,False,0.17991041643939898,0.318023463402978,1.0,1.0,0
45,14,0.00015243956295307726,0.5820572644808008,0.13331848443953215,0.5886635194924196,0.025085343047976494,0.025085343047976494,False,False,False,0.17991041643939898,0.28773551450745627,1.0,1.0,0
45,16,0.0011434140615165234,0.6382887562686962,0.1284915274630144,0.5880397148058643,0.02815643884241581,0.02815643884241581,False,False,False,0.17991041643939898,0.25744756561193455,1.0,1.0,0
45,18,0.008898740634322166,0.7071431851547634,0.13738989660728695,0.5898347413671633,0.02800603024661541,0.02800603024661541,False,False,False,0.17991041643939898,0.22715961671641283,1.0,1.0,0
45,20,0.06476996839046478,0.7192586332591542,0.14933908442898658,0.5732849700581474,0.024126360192894936,0.024126360192894936,False,False,False,0.17991041643939898,0.19687166782089113,1.0,1.0,0
45,22,0.4337107539176941,0.704961564455502,1.0,0.5765738560529216,0.007267445791512728,0.007267445791512728,False,False,False,0.17991041643939898,0.1665837189253694,1.0,1.0,0
46,0,1.8333012885562994e-09,0.15013356639559677,0.16361056563658577,0.6220256190746409,0.0021822177805006504,0.0021822177805006504,False,True,False,0.23316389970546123,1.0,1.5625,3.334586784479999,11
46,2,1.205274435811532e-09,0.10032287286628737,0.06984138218913005,0.6187355692856823,0.00105787324719131,0.00105787324719131,False,True,False,0.1943032497545509,0.8668410973898315,1.25,3.0245685120000005,9
46,4,7.257310752351032e-09,0.2963606200262302,0.10047908228368786,0.5924080425318949,0.0012767290463671088,0.0012767290463671088,False,True,False,0.1943032497545509,0.47430927970387,1.25,1.05,1
46,6,6.222708037739721e-08,0.6121223034482566,0.1429475839612127,0.5850796344736362,0.002035493031144142,0.002035493031144142,False,False,False,0.1943032497545509,0.4415982948967066,1.0,1.0,0
46,8,4.253139707088849e-07,0.6298896067034176,0.13489070342687004,0.5838159401421686,0.008159978315234184,0.008159978315234184,False,False,False,0.1943032497545509,0.4088873100895431,1.0,1.0,0
46,10,3.14302656079235e-06,0.7236892057348959,0.12961724647126965,0.5733678988761474,0.016893867403268814,0.016893867403268814,False,False,False,0.1943032497545509,0.37617632528237965,1.0,1.0,0
46,12,2.4238521291408688e-05,0.7492906247823456,0.13073688199532538,0.5764841730019765,0.020037135109305382,0.020037135109305382,False,False,False,0.1943032497545509,0.34346534047521626,1.0,1.0,0
46,14,0.00018538926087785512,0.7715599505205913,0.1426927895326183,0.5856194249760261,0.028125334531068802,0.028125334531068802,False,False,False,0.1943032497545509,0.31075435566805276,1.0,1.0,0
46,16,0.001299209543503821,0.7503128672455969,0.13376343565502868,0.5836480072660372,0.023862747475504875,0.023862747475504875,False,False,False,0.1943032497545509,0.2780433708608893,1.0,1.0,0
46,18,0.009712730534374714,0.7815330963184367,0.14705591891079328,0.5857530993776752,0.023529326543211937,0.023529326543211937,False,False,False,0.1943032497545509,0.24533238605372587,1.0,1.0,0
46,20,0.06604786217212677,0.7636899114803497,0.14606653532323283,0.5742048180776476,0.01955956593155861,0.01955956593155861,False,False,False,0.1943032497545509,0.21262140124656245,1.0,1.0,0
46,22,0.4521765410900116,0.7505694992319281,1.0,0.5851798226744439,0.006991667672991753,0.006991667672991753,False,False,False,0.1943032497545509,0.17991041643939898,1.0,1.0,0
47,0,1.78714698595428e-09,0.14635387666462,0.15568321060737011,0.618984507660797,0.002234366489574313,0.002234366489574313,False,True,False,0.25181701168189813,1.0,1.953125,4.001504141375999,12
47,2,1.4793816172087304e-09,0.12313860602545938,0.07269978876769627,0.6156126164432545,0.0012528484221547842,0.0012528484221547842,False,True,False,0.20984750973491498,0.936188385181018,1.5625,3.6294822144000003,10
47,4,1.0349187284930395e-08,0.42262094943859946,0.126657231026513,0.5855837482127396,0.0004410570254549384,0.0004410570254549384,False,False,True,0.20984750973491498,0.5122540220801797,1.0,1.0,0
47,6,7.171019689167224e-08,0.7054068845242268,0.1398595643477291,0.578376542780205,0.0026343397330492735,0.0026343397330492735,False,False,False,0.20984750973491498,0.47692615848844316,1.0,1.0,0
47,8,5.027300176152494e-07,0.7445427022909137,0.1414750855380556,0.5769167476874523,0.010896767489612103,0.010896767489612103,False,False,False,0.20984750973491498,0.44159829489670654,1.0,1.0,0
47,10,3.543487991919392e-06,0.8158963854752822,0.14831135539348841,0.5698062123371843,0.023906679823994637,0.023906679823994637,False,False,False,0.20984750973491498,0.40627043130497004,1.0,1.0,0
47,12,2.3882223104010336e-05,0.7622797515713117,0.1464816658895737,0.5698527688566972,0.02823924832046032,0.02823924832046032,False,False,False,0.20984750973491498,0.3709425677132336,1.0,1.0,0
47,14,0.00016302899166475981,0.7247086620804954,0.13270341488995985,0.577456802757393,0.029408184811472893,0.029408184811472893,False,False,False,0.20984750973491498,0.335614704121497,1.0,1.0,0
47,16,0.001228511449880898,0.7197349298686746,0.14024084881908658,0.5736663276339955,0.027945511043071747,0.027945511043071747,False,False,False,0.20984750973491498,0.30028684052976046,1.0,1.0,0
47,18,0.008760001510381699,0.7149143826448184,0.14139333638409438,0.5785016596215778,0.027648186311125755,0.027648186311125755,False,False,False,0.20984750973491498,0.26495897693802395,1.0,1.0,0
47,20,0.06195482984185219,0.7465667134851365,0.1419438487902306,0.5772384109389774,0.025603393092751503,0.025603393092751503,False,False,False,0.20984750973491498,0.22963111334628744,1.0,1.0,0
47,22,0.4364742040634155,0.7424026953275239,1.0,0.5889134374557485,0.008336460217833519,0.008336460217833519,False,False,False,0.20984750973491498,0.1943032497545509,1.0,1.0,0
48,0,1.9004990914339714e-09,0.1562297277443855,0.15805112654999875,0.6220705450762147,0.0029620707500725985,0.0029620707500725985,False,True,False,0.27196237261645,1.0,2.44140625,4.801804969651198,13
48,2,2.0245842780042267e-09,0.1685193886922055,0.08626094015318857,0.6187563011220715,0.0013382482575252652,0.0013382482575252652,False,True,False,0.2266353105137082,1.0,1.953125,4.35537865728,11
48,4,1.3470463855469461e-08,0.5500818631687493,0.1265395786917305,0.5890483737256,0.0002401083620497957,0.0002401083620497957,False,False,False,0.2266353105137082,0.553234343846594,1.0,1.0,0
48,6,9.64525739277633e-08,0.948795466027057,0.1365064189313883,0.5818604676838653,0.0012631313875317574,0.0012631313875317574,False,False,False,0.2266353105137082,0.5150802511675185,1.0,1.0,0
48,8,6.96579036230105e-07,1.0316329238786055,0.1318268849799871,0.5805781452330429,0.006981035694479942,0.006981035694479942,False,False,False,0.2266353105137082,0.47692615848844305,1.0,1.0,0
48,10,5.274043815006735e-06,1.21436090521967,0.15566142870323066,0.5736197392892778,0.020257296040654182,0.020257296040654182,False,False,False,0.2266353105137082,0.4387720658093677,1.0,1.0,0
48,12,3.38715071848128e-05,1.0811206297561695,0.12818623694693562,0.572435582557065,0.02837173454463482,0.02837173454463482,False,False,False,0.2266353105137082,0.40061797313029224,1.0,1.0,0
48,14,0.0002642266917973757,1.1745602444269014,0.13805348617732532,0.5768407191351437,0.03731552138924599,0.03731552138924599,False,False,False,0.2266353105137082,0.3624638804512168,1.0,1.0,0
48,16,0.0019139343639835715,1.1212963585878755,0.1321473160333413,0.5827179457256751,0.02823537215590477,0.02823537215590477,False,False,False,0.2266353105137082,0.3243097877721413,1.0,1.0,0
48,18,0.01448332890868187,1.1820020959038604,0.14770831758859293,0.5834305963328489,0.02956361137330532,0.02956361137330532,False,False,False,0.2266353105137082,0.2861556950930659,1.0,1.0,0
48,20,0.09805356711149216,1.1815629149621194,0.15625049616194964,0.5751849649309733,0.026979265734553337,0.026979265734553337,False,False,False,0.2266353105137082,0.24800160241399044,1.0,1.0,0
48,22,0.6275408267974854,1.067389543082429,1.0,0.5773489369778251,0.009117267094552517,0.009117267094552517,False,False,False,0.2266353105137082,0.20984750973491498,1.0,1.0,0
49,0,2.256695941227349e-09,0.18551073983086802,0.17289543791331655,0.624858759803452,0.004523786250501871,0.004523786250501871,False,True,False,0.293719362425766,1.0,1.953125,5.041895218133758,14
49,2,3.052374131229385e-09,0.25394351193652953,0.1002004097897207,0.6215787857019249,0.002258163644000888,0.002258163644000888,False,True,False,0.24476613535480488,1.0,1.5625,4.573147590144,12
49,4,2.0462691097122843e-08,0.8548827556089679,0.13770705438380337,0.5886446286524579,0.0005862038815394044,0.0005862038815394044,False,False,False,0.24476613535480488,0.5974930913543216,1.0,1.0,0
49,6,1.385958086075334e-07,1.3734786139019304,0.15330729913261767,0.5814518087775695,0.0034391528461128473,0.0034391528461128473,False,False,False,0.24476613535480488,0.5562866712609201,1.0,1.0,0
49,8,8.9403920355835e-07,1.343324458107056,0.15301638481913094,0.5802312924775876,0.014123144559562206,0.014123144559562206,False,False,False,0.24476613535480488,0.5150802511675185,1.0,1.0,0
49,10,5.832767783431336e-06,1.3319904128112958,0.14957273677647082,0.5734982716603466,0.029368259012699127,0.029368259012699127,False,False,False,0.24476613535480488,0.4738738310741171,1.0,1.0,0
49,12,3.8986196159385145e-05,1.244372761851311,0.14934810334995072,0.5741194299310998,0.03650471940636635,0.03650471940636635,False,False,False,0.24476613535480488,0.43266741098071565,1.0,1.0,0
49,14,0.0002610324590932578,1.065696838084846,0.14598367723064334,0.5711040710409576,0.038821443915367126,0.038821443915367126,False,False,False,0.24476613535480488,0.3914609908873142,1.0,1.0,0
49,16,0.0017880834639072418,1.0337910550827134,0.14874839724861227,0.5735613648089634,0.034801091998815536,0.034801091998815536,False,False,False,0.24476613535480488,0.35025457079391265,1.0,1.0,0
49,18,0.01202084869146347,0.9672554041281951,0.14141891731288872,0.5722558861398753,0.030780423432588577,0.030780423432588577,False,False,False,0.24476613535480488,0.30904815070051117,1.0,1.0,0
49,20,0.08500169217586517,1.0242855017179358,0.14675285685343792,0.5664638904755884,0.028237923979759216,0.028237923979759216,False,False,False,0.24476613535480488,0.2678417306071097,1.0,1.0,0
49,22,0.5792165994644165,0.9851944527707965,1.0,0.566256373584444,0.008648579940199852,0.008648579940199852,False,False,False,0.24476613535480488,0.2266353105137082,1.0,1.0,0
50,0,2.1648118853079268e-09,0.17795744969511215,0.1766279203604498,0.6216137435026684,0.004185136407613754,0.004185136407613754,False,True,False,0.31721691141982733,1.0,2.44140625,6.05027426176051,15
50,2,2.256340225770259e-09,0.1877171462021875,0.0877481610509457,0.6187898324107184,0.0023183238226920366,0.0023183238226920366,False,True,False,0.2643474261831893,1.0,1.953125,5.4877771081728,13
50,4,1.571381780252068e-08,0.6564860799782561,0.12691033566517027,0.5867156947876995,0.0005071749910712242,0.0005071749910712242,False,False,False,0.2643474261831893,0.6452925386626673,1.0,1.0,0
50,6,1.1381826681144958e-07,1.1279342204322091,0.13762883812264132,0.5801826948656201,0.002956697018817067,0.002956697018817067,False,False,False,0.2643474261831893,0.6007896049617938,1.0,1.0,0
50,8,8.169943157554371e-07,1.2275618810904745,0.15493715797641783,0.5792515673963817,0.013480687513947487,0.013480687513947487,False,False,False,0.2643474261831893,0.5562866712609201,1.0,1.0,0
50,10,5.263068942440441e-06,1.2018920748412611,0.16393469760193297,0.5721852436255291,0.026659196242690086,0.026659196242690086,False,False,False,0.2643474261831893,0.5117837375600466,1.0,1.0,0
50,12,3.209466740372591e-05,1.0244069402051537,0.1448574420214242,0.5752550208348494,0.033517755568027496,0.033517755568027496,False,False,False,0.2643474261831893,0.467280803859173,1.0,1.0,0
50,14,0.00022155036276672035,0.9104428380737674,0.1440149945685677,0.5926436465131907,0.03277115151286125,0.03277115151286125,False,False,False,0.2643474261831893,0.4227778701582993,1.0,1.0,0
50,16,0.0015383739955723286,0.8894200455941512,0.13798750408039798,0.5938561896676473,0.032259151339530945,0.032259151339530945,False,False,False,0.2643474261831893,0.3782749364574257,1.0,1.0,0
50,18,0.011148637160658836,0.9098538446138011,0.13491152202088613,0.5914587038811155,0.029689215123653412,0.029689215123653412,False,False,False,0.2643474261831893,0.33377200275655206,1.0,1.0,0
50,20,0.08263664692640305,0.9957862860209244,0.13576546050811253,0.5892555562903743,0.028469787910580635,0.028469787910580635,False,False,False,0.2643474261831893,0.2892690690556785,1.0,1.0,0
50,22,0.6086720824241638,1.0594153643994673,1.0,0.5894422635028439,0.008562744595110416,0.008562744595110416,False,False,False,0.2643474261831893,0.24476613535480488,1.0,1.0,0
51,0,1.8720454075804582e-09,0.15412020296030582,0.15761414791366654,0.6244824812863853,0.006345597095787525,0.006345597095787525,False,True,False,0.34259426433341356,1.0,1.953125,6.352787974848536,16
51,2,1.8773944621131022e-09,0.15483259407003092,0.08544912122073454,0.621740152908548,0.0029198399279266596,0.0029198399279266596,False,True,False,0.28549522027784446,1.0,1.5625,5.76216596358144,14
51,4,1.1970904267855076e-08,0.4888456250749472,0.1442977993486731,0.5868778482551709,0.0003150715201627463,0.0003150715201627463,False,False,False,0.28549522027784446,0.6969159417556808,1.0,1.0,0
51,6,7.29597147142158e-08,0.680582348378628,0.1395623060772534,0.5807542653146028,0.0016965923132374883,0.0016965923132374883,False,False,False,0.28549522027784446,0.6488527733587374,1.0,1.0,0
51,8,5.127752160660748e-07,0.7159099068855419,0.15286377297879267,0.5798586618070349,0.007893402129411697,0.007893402129411697,False,False,False,0.28549522027784446,0.6007896049617938,1.0,1.0,0
51,10,3.344458718856913e-06,0.6833256440328115,0.16539281452793342,0.5730748739039891,0.017627384513616562,0.017627384513616562,False,False,False,0.28549522027784446,0.5527264365648503,1.0,1.0,0
51,12,2.0211306036799215e-05,0.6157317798698875,0.1397120104949364,0.5743343050478783,0.02176341414451599,0.02176341414451599,False,False,False,0.28549522027784446,0.5046632681679069,1.0,1.0,0
51,14,0.00014465405547525734,0.5944438418475764,0.14198843281705145,0.5752653966877589,0.022499937564134598,0.022499937564134598,False,False,False,0.28549522027784446,0.45660009977096333,1.0,1.0,0
51,16,0.0010187635198235512,0.5890041685955677,0.13404356284197683,0.5721607989565249,0.023451514542102814,0.023451514542102814,False,False,False,0.28549522027784446,0.4085369313740198,1.0,1.0,0
51,18,0.0076002320274710655,0.6202641839088107,0.130145524961235,0.5761395081199827,0.02133377455174923,0.02133377455174923,False,False,False,0.28549522027784446,0.3604737629770763,1.0,1.0,0
51,20,0.058397941291332245,0.7037055741329185,0.14840689266534354,0.5758026800608272,0.021709924563765526,0.021709924563765526,False,False,False,0.28549522027784446,0.3124105945801328,1.0,1.0,0
51,22,0.39349883794784546,0.6640188872097411,1.0,0.5814763269561964,0.00657055014744401,0.00657055014744401,False,False,False,0.28549522027784446,0.2643474261831893,1.0,1.0,0
52,0,1.8181024463714834e-09,0.15018193101634683,0.1606222301751492,0.6211724974832333,0.005744545254856348,0.005744545254856348,False,True,False,0.37000180548008665,1.0,2.44140625,7.623345569818243,17
52,2,1.319120923604089e-09,0.10974480375184617,0.06807894070013375,0.618642422584066,0.0029974186327308416,0.0029974186327308416,False,True,False,0.30833483790007205,1.0,1.953125,6.914599156297728,15
52,4,9.376343257372355e-09,0.39172140767570346,0.12511009820576646,0.5804998438126978,0.0003698070358950645,0.0003698070358950645,False,False,False,0.30833483790007205,0.7526692170961353,1.0,1.0,0
52,6,6.494473581142302e-08,0.6435995909161415,0.13929399163717698,0.5739991277598119,0.0021831095218658447,0.0021831095218658447,False,False,False,0.30833483790007205,0.7007609952274364,1.0,1.0,0
52,8,4.562421906939562e-07,0.685519484089978,0.15741095759243234,0.5730327663293766,0.009333495050668716,0.009333495050668716,False,False,False,0.30833483790007205,0.6488527733587374,1.0,1.0,0
52,10,2.8884144285257207e-06,0.6596080059883236,0.1328595463734579,0.5663100481734189,0.019557803869247437,0.019557803869247437,False,False,False,0.30833483790007205,0.5969445514900384,1.0,1.0,0
52,12,2.173036045860499e-05,0.7099148851345868,0.13131328184014757,0.5683944148297936,0.026680588722229004,0.026680588722229004,False,False,False,0.30833483790007205,0.5450363296213394,1.0,1.0,0
52,14,0.0001654748630244285,0.7367116531179455,0.11712676925270532,0.5857845598079849,0.026351550593972206,0.026351550593972206,False,False,False,0.30833483790007205,0.49312810775264043,1.0,1.0,0
52,16,0.0014127743197605014,0.8362875724133324,0.15134462922011294,0.5933081060064603,0.03155418485403061,0.03155418485403061,False,False,False,0.30833483790007205,0.44121988588394145,1.0,1.0,0
52,18,0.009334806352853775,0.77063972318924,0.1533351965404059,0.5913905308515125,0.026273522526025772,0.026273522526025772,False,False,False,0.30833483790007205,0.3893116640152424,1.0,1.0,0
52,20,0.06087842211127281,0.7366561276193296,0.15721275764830916,0.589855583795404,0.024372708052396774,0.024372708052396774,False,False,False,0.30833483790007205,0.3374034421465435,1.0,1.0,0
52,22,0.3872358798980713,0.6739977939794486,1.0,0.5908054292590392,0.007135584484785795,0.007135584484785795,False,False,False,0.30833483790007205,0.28549522027784446,1.0,1.0,0
53,0,2.148782263233784e-09,0.17905679375684372,0.16358909852888898,0.624091447718043,0.008843567222356796,0.008843567222356796,False,True,False,0.3996019499184936,1.0,1.953125,8.004512848309155,18
53,2,3.1352411777874067e-09,0.2620011649748739,0.10389171449798817,0.6214881202485306,0.003929424099624157,0.003929424099624157,False,True,False,0.33300162493207786,1.0,1.5625,7.260329114112614,16
53,4,2.0177971293833252e-08,0.8742559395277173,0.14992210184788168,0.5799437165950134,0.00038806325756013393,0.00038806325756013393,False,False,False,0.33300162493207786,0.8128827544638263,1.0,1.0,0
53,6,1.2458970388706803e-07,1.3081262516896337,0.14158378960322493,0.572987368300009,0.0020918718073517084,0.0020918718073517084,False,False,False,0.33300162493207786,0.7568218748456313,1.0,1.0,0
53,8,8.699715294824273e-07,1.4375983889402095,0.14604964048357624,0.5719368556867834,0.010481627658009529,0.010481627658009529,False,False,False,0.33300162493207786,0.7007609952274364,1.0,1.0,0
53,10,5.946683813817799e-06,1.4664606995283582,0.17520410106069623,0.5649931331122049,0.02469669096171856,0.02469669096171856,False,False,False,0.33300162493207786,0.6447001156092416,1.0,1.0,0
53,12,3.393146471353248e-05,1.1817320243553748,0.14196439008710432,0.5702134347456377,0.03163771703839302,0.03163771703839302,False,False,False,0.33300162493207786,0.5886392359910466,1.0,1.0,0
53,14,0.00023900391533970833,1.0738337461290133,0.1483683687676113,0.5807146817000584,0.034881170839071274,0.034881170839071274,False,False,False,0.33300162493207786,0.5325783563728517,1.0,1.0,0
53,16,0.0016108718700706959,0.9947032152954809,0.13891996530960327,0.5835853728150767,0.0304261464625597,0.0304261464625597,False,False,False,0.33300162493207786,0.4765174767546568,1.0,1.0,0
53,18,0.01159567292779684,0.9828435781484329,0.14136519315762786,0.584773211772189,0.029540536925196648,0.029540536925196648,False,False,False,0.33300162493207786,0.42045659713646183,1.0,1.0,0
53,20,0.08202635496854782,1.0175437253145023,0.15040785871029624,0.5860811290289135,0.02861315943300724,0.02861315943300724,False,False,False,0.33300162493207786,0.364395717518267,1.0,1.0,0
53,22,0.5453594923019409,0.9753597562544292,1.0,0.5884307301972974,0.009044887498021126,0.009044887498021126,False,False,False,0.33300162493207786,0.30833483790007205,1.0,1.0,0
54,0,2.4176971535894154e-09,0.20146531735852694,0.19153412775606743,0.6208349227464871,0.008018631488084793,0.008018631488084793,False,True,False,0.43157010591197315,1.0,2.44140625,9.605415417970985,19
54,2,2.6228008653816914e-09,0.21909244545771284,0.09346736042641147,0.6181210779145407,0.0036348404828459024,0.0036348404828459024,False,True,False,0.35964175492664413,1.0,1.953125,8.712394936935137,17
54,4,1.8061141915381995e-08,0.7825395508913944,0.14570801203639616,0.5764045433657052,0.00034605813561938703,0.00034605813561938703,False,False,False,0.35964175492664413,0.8779133748209325,1.0,1.0,0
54,6,1.1395434995620235e-07,1.1306470629735577,0.14736224778270093,0.5666005096880867,0.0018186010420322418,0.0018186010420322418,False,False,False,0.35964175492664413,0.8173676248332821,1.0,1.0,0
54,8,7.632940537405375e-07,1.1812169563646102,0.14434082443979676,0.5687187254504501,0.008809744380414486,0.008809744380414486,False,False,False,0.35964175492664413,0.7568218748456315,1.0,1.0,0
54,10,5.278136995912064e-06,1.2206823388440613,0.13576302852886804,0.5650291787009039,0.02301754429936409,0.02301754429936409,False,False,False,0.35964175492664413,0.696276124857981,1.0,1.0,0
54,12,3.8867572584422305e-05,1.2697749942663272,0.1373109894246459,0.5704218651217894,0.03653763234615326,0.03653763234615326,False,False,False,0.35964175492664413,0.6357303748703305,1.0,1.0,0
54,14,0.0002830523590091616,1.2601791445132628,0.13254140313164925,0.5724739098847181,0.03997497633099556,0.03997497633099556,False,False,False,0.35964175492664413,0.57518462488268,1.0,1.0,0
54,16,0.0021355669014155865,1.344783609004934,0.14311101911895763,0.571679292729948,0.035450324416160583,0.035450324416160583,False,False,False,0.35964175492664413,0.5146388748950294,1.0,1.0,0
54,18,0.014922439120709896,1.288027423694923,0.1479137034879123,0.5668925853764941,0.032443657517433167,0.032443657517433167,False,False,False,0.35964175492664413,0.45409312490737885,1.0,1.0,0
54,20,0.10088610649108887,1.2562558867826925,0.1408794144352366,0.569421522218193,0.030662188306450844,0.030662188306450844,False,False,False,0.35964175492664413,0.3935473749197284,1.0,1.0,0
54,22,0.716116726398468,1.28426719064507,1.0,0.5686906429984543,0.010422589257359505,0.010422589257359505,False,False,False,0.35964175492664413,0.33300162493207786,1.0,1.0,0
55,0,2.021838030330514e-09,0.16847860362632117,0.16909290207540034,0.6237845922012784,0.012506343424320221,0.012506343424320221,False,True,False,0.466095714384931,1.0,1.953125,10.0,20
55,2,1.9569657006002217e-09,0.16347272363697835,0.07839193073409188,0.6210595280551238,0.0054212333634495735,0.0054212333634495735,False,True,False,0.38841309532077567,1.0,1.5625,9.148014683781895,18
55,4,1.4963866590278485e-08,0.6483431388788577,0.1369962570179808,0.5794645983760581,0.0004231849452480674,0.0004231849452480674,False,False,False,0.38841309532077567,0.9481464448066073,1.0,1.0,0
55,6,9.922828780872806e-08,0.9845361078182064,0.12979860723554243,0.566472888487812,0.0022583073005080223,0.0022583073005080223,False,False,False,0.38841309532077567,0.8827570348199447,1.0,1.0,0
55,8,7.544788331870222e-07,1.1675751784143191,0.15830037435900712,0.5718292393356827,0.012688077986240387,0.012688077986240387,False,False,False,0.38841309532077567,0.8173676248332821,1.0,1.0,0
55,10,4.7561215978930704e-06,1.0999550865086325,0.1347739964186485,0.5713102112274325,0.02891702577471733,0.02891702577471733,False,False,False,0.38841309532077567,0.7519782148466195,1.0,1.0,0
55,12,3.527960870997049e-05,1.152558854817068,0.11918005073013706,0.5720551820757004,0.041702963411808014,0.041702963411808014,False,False,False,0.38841309532077567,0.686588804859957,1.0,1.0,0
55,14,0.0002960094134323299,1.3178653260224285,0.12636241998271833,0.5641202107093842,0.04533135145902634,0.04533135145902634,False,False,False,0.38841309532077567,0.6211993948732945,1.0,1.0,0
55,16,0.0023425330873578787,1.475111876543156,0.14091284294585815,0.5623554825230596,0.04247516393661499,0.04247516393661499,False,False,False,0.38841309532077567,0.5558099848866318,1.0,1.0,0
55,18,0.016623975709080696,1.4348952226193141,0.15351266949543568,0.5659363522671879,0.04115419089794159,0.04115419089794159,False,False,False,0.38841309532077567,0.4904205748999692,1.0,1.0,0
55,20,0.10829056799411774,1.3484578626063652,0.15390478005622651,0.5690471016775676,0.03739728033542633,0.03739728033542633,False,False,False,0.38841309532077567,0.4250311649133067,1.0,1.0,0
55,22,0.7036205530166626,1.2618568420367133,1.0,0.5698887350576237,0.011474322527647018,0.011474322527647018,False,False,False,0.38841309532077567,0.35964175492664413,1.0,1.0,0
56,0,2.1047592557721373e-09,0.17584010533035477,0.17176943970205658,0.6207422200154785,0.011042087338864803,0.011042087338864803,False,True,False,0.5033833715357255,1.0,1.5625,10.0,21
56,2,2.2533976906657927e-09,0.18876792710998638,0.09042441962388979,0.6178437030596811,0.005520768463611603,0.005520768463611603,False,True,False,0.41948614294643777,1.0,1.25,9.60541541797099,19
56,4,1.4920233937232297e-08,0.646452656157503,0.13993083587701804,0.5760994798758087,0.00039554148679599166,0.00039554148679599166,False,False,False,0.41948614294643777,1.0,1.0,1.0,0
56,6,9.662577582503218e-08,0.9587141665597098,0.1503092158332031,0.5631144739914185,0.001960658235475421,0.001960658235475421,False,False,False,0.41948614294643777,0.9533775976055403,1.0,1.0,0
56,8,6.328466497507179e-07,0.9793462818173443,0.14477258928803782,0.5684892939265872,0.010051469318568707,0.010051469318568707,False,False,False,0.41948614294643777,0.8827570348199446,1.0,1.0,0
56,10,4.361315404821653e-06,0.9950315277678634,0.14923567543934582,0.5680036843945699,0.026294240728020668,0.026294240728020668,False,False,False,0.41948614294643777,0.8121364720343491,1.0,1.0,0
56,12,2.9214348614914343e-05,0.9544112708459923,0.1262924375506195,0.5694321801993092,0.03340309113264084,0.03340309113264084,False,False,False,0.41948614294643777,0.7415159092487535,1.0,1.0,0
56,14,0.00023131302441470325,1.0298301354635992,0.12264673912018988,0.5641155012138813,0.03916390240192413,0.03916390240192413,False,False,False,0.41948614294643777,0.670895346463158,1.0,1.0,0
56,16,0.0018860003910958767,1.1876295754731159,0.13371629546428979,0.5617818811514932,0.03526778146624565,0.03526778146624565,False,False,False,0.41948614294643777,0.6002747836775624,1.0,1.0,0
56,18,0.014104481786489487,1.2174255958458735,0.14271779237442414,0.5626622102701446,0.03445678576827049,0.03445678576827049,False,False,False,0.41948614294643777,0.5296542208919668,1.0,1.0,0
56,20,0.09882776439189911,1.2306249602948298,0.14606837743332085,0.562986122344903,0.032598353922367096,0.032598353922367096,False,False,False,0.41948614294643777,0.45903365810637126,1.0,1.0,0
56,22,0.6765856146812439,1.2133730082909118,1.0,0.5647039533026349,0.009797297418117523,0.009797297418117523,False,False,False,0.41948614294643777,0.38841309532077567,1.0,1.0,0
57,0,1.874181476679837e-09,0.15657670461065804,0.16133115619308067,0.6178591420353049,0.010398127138614655,0.010398127138614655,False,True,False,0.5436540412585836,1.0,1.953125,10.0,22
57,2,1.6169841021707043e-09,0.13545533413872504,0.07607265757165885,0.6152207037846641,0.006342046428471804,0.006342046428471804,False,True,False,0.4530450343821528,1.0,1.5625,10.0,20
57,4,1.125578563687668e-08,0.4876822007422333,0.1310107853236667,0.5772404366086703,0.00043827411718666553,0.00043827411718666553,False,False,False,0.4530450343821528,1.0,1.0,1.0,0
57,6,7.591495432279771e-08,0.7532228490955581,0.14914172632722006,0.5644915010898208,0.0021920311264693737,0.0021920311264693737,False,False,False,0.4530450343821528,1.0,1.0,1.0,0
57,8,4.990121738046582e-07,0.8122911451201636,0.15033021870733496,0.5696444477594683,0.010573819279670715,0.010573819279670715,False,False,False,0.4530450343821528,0.9533775976055403,1.0,1.0,0
57,10,3.3094402169808745e-06,0.7906559126542841,0.11644799470134842,0.5691509558525145,0.02427118644118309,0.02427118644118309,False,False,False,0.4530450343821528,0.8771073897970971,1.0,1.0,0
57,12,2.8409898732206784e-05,0.9739539956915193,0.14203279509482386,0.5710734600666023,0.03479574993252754,0.03479574993252754,False,False,False,0.4530450343821528,0.800837181988654,1.0,1.0,0
57,14,0.00020001351367682219,0.890481391636066,0.13529256512062435,0.5687359746797052,0.03374898433685303,0.03374898433685303,False,False,False,0.4530450343821528,0.7245669741802107,1.0,1.0,0
57,16,0.001478367717936635,0.9309400112192179,0.14064939856912378,0.5611244457114807,0.03158658742904663,0.03158658742904663,False,False,False,0.4530450343821528,0.6482967663717675,1.0,1.0,0
57,18,0.01051100343465805,0.9072552124271651,0.16629248810396227,0.5624802013376384,0.031950294971466064,0.031950294971466064,False,False,False,0.4530450343821528,0.5720265585633242,1.0,1.0,0
57,20,0.06320791691541672,0.7870788206429331,0.13546865773425407,0.5650940924216472,0.027343636378645897,0.027343636378645897,False,False,False,0.4530450343821528,0.495756350754881,1.0,1.0,0
57,22,0.46658700704574585,0.836766357551474,1.0,0.5643630596551532,0.009076482616364956,0.009076482616364956,False,False,False,0.4530450343821528,0.41948614294643777,1.0,1.0,0
58,0,1.7302155264076191e-09,0.14525776638363458,0.15609794142305558,0.6215533999580644,0.012118247337639332,0.012118247337639332,False,True,False,0.5871463645592704,1.0,1.5625,10.0,23
58,2,1.0841662012595066e-09,0.09099552908610303,0.0615134030854736,0.6197719010410562,0.006463289260864258,0.006463289260864258,False,True,False,0.4892886371327251,1.0,1.25,10.0,21
58,4,7.6248776181842e-09,0.3414575057462759,0.13120605012547576,0.5810275217267991,0.0001446246897103265,0.0001446246897103265,False,False,False,0.4892886371327251,1.0,1.0,1.0,0
58,6,4.811376541624668e-08,0.524813168122108,0.13315035132680325,0.5741835056966865,0.0008034771308302879,0.0008034771308302879,False,False,False,0.4892886371327251,1.0,1.0,1.0,0
58,8,3.513491435569449e-07,0.6086579991183546,0.1381426077759076,0.5758560631418957,0.00396603113040328,0.00396603113040328,False,False,False,0.4892886371327251,1.0,1.0,1.0,0
58,10,2.5333799840154825e-06,0.6499001547489537,0.1539027806236484,0.5760162908351988,0.011177225969731808,0.011177225969731808,False,False,False,0.4892886371327251,0.947275980980865,1.0,1.0,0
58,12,1.645091106183827e-05,0.571858972824179,0.12299505473529937,0.5794913089847654,0.019012343138456345,0.019012343138456345,False,False,False,0.4892886371327251,0.8649041565477463,1.0,1.0,0
58,14,0.00013374262198340148,0.6008995316140405,0.1300794815768764,0.5744247276068474,0.021348468959331512,0.021348468959331512,False,False,False,0.4892886371327251,0.7825323321146276,1.0,1.0,0
58,16,0.001028150785714388,0.6625585216098154,0.1311701680170086,0.5778626429165687,0.021950047463178635,0.021950047463178635,False,False,False,0.4892886371327251,0.7001605076815088,1.0,1.0,0
58,18,0.007838287390768528,0.6898698397111105,0.1342894283287617,0.5785312588908267,0.021714823320508003,0.021714823320508003,False,False,False,0.4892886371327251,0.6177886832483902,1.0,1.0,0
58,20,0.05836860090494156,0.7512637248847608,0.14593650134029876,0.5791250783592181,0.023155201226472855,0.023155201226472855,False,False,False,0.4892886371327251,0.5354168588152716,1.0,1.0,0
58,22,0.39995887875556946,0.7852829603588979,1.0,0.5848670981051404,0.007555853575468063,0.007555853575468063,False,False,False,0.4892886371327251,0.4530450343821528,1.0,1.0,0
59,0,2.2095132390376193e-09,0.18563000294787965,0.1887431364807382,0.6185951111839993,0.01150546595454216,0.01150546595454216,False,True,False,0.6341180737240121,1.0,1.25,10.0,24
59,2,1.706456087546826e-09,0.14342846055248024,0.08059696175662869,0.6166501962554036,0.0071726515889167786,0.0071726515889167786,False,True,False,0.5284317281033432,1.0,1.25,10.0,22
59,4,1.117270986839003e-08,0.5003366395008152,0.13686503681728118,0.577399512008637,0.0004227848839946091,0.0004227848839946091,False,False,False,0.5284317281033432,1.0,1.0,1.0,0
59,6,7.163304616142341e-08,0.7831949907615354,0.1372795463454937,0.5730813273791734,0.002145014936104417,0.002145014936104417,False,False,False,0.5284317281033432,1.0,1.0,1.0,0
59,8,5.118042167850945e-07,0.8866215735581083,0.1415186721514098,0.5716301433379757,0.009649839252233505,0.009649839252233505,False,False,False,0.5284317281033432,1.0,1.0,1.0,0
59,10,3.6065137010155013e-06,0.9251963097454833,0.15100020050488086,0.5719414718744973,0.025388598442077637,0.025388598442077637,False,False,False,0.5284317281033432,1.0,1.0,1.0,0
59,12,2.3874164980952628e-05,0.8416530121435171,0.1140429216810247,0.5777021593173157,0.03453728184103966,0.03453728184103966,False,False,False,0.5284317281033432,0.9340964890715661,1.0,1.0,0
59,14,0.0002093336806865409,0.9930820051870478,0.12040851873616834,0.5599376379144878,0.038806475698947906,0.038806475698947906,False,False,False,0.5284317281033432,0.8451349186837979,1.0,1.0,0
59,16,0.0017385188257321715,1.1525728518411906,0.13170256454781623,0.5512099175812695,0.03907020390033722,0.03907020390033722,False,False,False,0.5284317281033432,0.7561733482960297,1.0,1.0,0
59,18,0.01320033147931099,1.2188862721297749,0.14008905387182904,0.5518162331538755,0.03813275322318077,0.03813275322318077,False,False,False,0.5284317281033432,0.6672117779082615,1.0,1.0,0
59,20,0.09422813355922699,1.287346282864857,0.1502478579619436,0.5540832702629983,0.0386088490486145,0.0386088490486145,False,False,False,0.5284317281033432,0.5782502075204933,1.0,1.0,0
59,22,0.6271512508392334,1.2394948524424054,1.0,0.5516022929134179,0.01081021223217249,0.01081021223217249,False,False,False,0.5284317281033432,0.4892886371327251,1.0,1.0,0
60,0,1.738908572690434e-09,0.14598757863351827,0.15784519731968927,0.6159276642360885,0.011857923120260239,0.011857923120260239,False,True,False,0.6848475196219331,1.0,1.5625,10.0,25
60,2,1.0165440711418228e-09,0.08544102146643824,0.06235918240466212,0.6140060325145797,0.007258806377649307,0.007258806377649307,False,True,False,0.5707062663516106,1.0,1.5625,10.0,23
60,4,6.3014335971445234e-09,0.2821909945905669,0.11281822715224467,0.5748344612229644,0.0013183477567508817,0.0013183477567508817,False,True,False,0.5707062663516106,1.0,1.25,1.2,1
60,6,4.585474755458563e-08,0.5013497332845046,0.1538176771459512,0.5701988144016077,0.00149815424811095,0.00149815424811095,False,False,False,0.5707062663516106,1.0,1.0,1.0,0
60,8,2.88111039026262e-07,0.49910777286187735,0.1504534177082084,0.5690679884831059,0.006568830460309982,0.006568830460309982,False,False,False,0.5707062663516106,1.0,1.0,1.0,0
60,10,1.9049517732128152e-06,0.48868644262278826,0.1353589915115017,0.569338830352288,0.014683381654322147,0.014683381654322147,False,False,False,0.5707062663516106,1.0,1.0,1.0,0
60,12,1.4063330127100926e-05,0.4957846346327321,0.15529864896561546,0.5758934207884784,0.020452961325645447,0.020452961325645447,False,False,False,0.5707062663516106,1.0,1.0,1.0,0
60,14,9.054668043972924e-05,0.420263777123505,0.13345221609042987,0.5800334032387315,0.01852278597652912,0.01852278597652912,False,False,False,0.5707062663516106,0.9127457121785019,1.0,1.0,0
60,16,0.0006784851429983974,0.4372278069766704,0.11934846780053893,0.583348347278102,0.019813094288110733,0.019813094288110733,False,False,False,0.5707062663516106,0.8166672161597122,1.0,1.0,0
60,18,0.0056848987005651,0.49989590183186616,0.14340660656722753,0.5843474593668088,0.019305482506752014,0.019305482506752014,False,False,False,0.5707062663516106,0.7205887201409225,1.0,1.0,0
60,20,0.03964180871844292,0.49362848163494316,0.12933589079380775,0.5848140292731012,0.01997971348464489,0.01997971348464489,False,False,False,0.5707062663516106,0.6245102241221329,1.0,1.0,0
60,22,0.3065027594566345,0.549674966806048,1.0,0.5826639166921023,0.005882252007722855,0.005882252007722855,False,False,False,0.5707062663516106,0.5284317281033432,1.0,1.0,0
61,0,1.7642898253455996e-09,0.14814680426095284,0.15184453850354773,0.6194041249078998,0.012387336231768131,0.012387336231768131,False,True,False,0.7396353211916878,1.0,1.953125,10.0,26
61,2,1.6190535578886056e-09,0.1367320166812377,0.0791838827765024,0.617348378434982,0.00808101799339056,0.00808101799339056,False,True,False,0.6163627676597395,1.0,1.953125,10.0,24
61,4,1.0446756348869712e-08,0.4801836980822778,0.12805733979525438,0.580796613253481,0.0004768942017108202,0.0004768942017108202,False,False,True,0.6163627676597395,1.0,1.0,1.0,0
61,6,7.157873938012926e-08,0.8235674252734312,0.14348946448343544,0.5724406058917756,0.002372060203924775,0.002372060203924775,False,False,False,0.6163627676597395,1.0,1.0,1.0,0
61,8,4.88843170387554e-07,0.8950459756131186,0.1564946136491078,0.5708585229531957,0.010492564179003239,0.010492564179003239,False,False,False,0.6163627676597395,1.0,1.0,1.0,0
61,10,3.113706043222919e-06,0.8176129131605084,0.1547268742247097,0.5710450862044997,0.02158971130847931,0.02158971130847931,False,False,False,0.6163627676597395,1.0,1.0,1.0,0
61,12,2.011388642131351e-05,0.7090892228447524,0.1413977908212503,0.5777972155217674,0.028498372063040733,0.028498372063040733,False,False,False,0.6163627676597395,1.0,1.0,1.0,0
61,14,0.00014224035840015858,0.6601950506671768,0.14433850326893488,0.5807281270132197,0.028431188315153122,0.028431188315153122,False,False,False,0.6163627676597395,0.9857653691527819,1.0,1.0,0
61,16,0.0009854537202045321,0.6350437786418068,0.1449289873004234,0.5850247977356076,0.027949754148721695,0.027949754148721695,False,False,False,0.6163627676597395,0.882000593452489,1.0,1.0,0
61,18,0.0067995525896549225,0.597911880737799,0.13268773284583474,0.5872993980192504,0.023760905489325523,0.023760905489325523,False,False,False,0.6163627676597395,0.7782358177521962,1.0,1.0,0
61,20,0.05124476179480553,0.6381109937787871,0.1577087590594133,0.5935302778187626,0.025179482996463776,0.025179482996463776,False,False,False,0.6163627676597395,0.6744710420519034,1.0,1.0,0
61,22,0.32493287324905396,0.582727107038127,1.0,0.5879860632857372,0.0066842371597886086,0.0066842371597886086,False,False,False,0.6163627676597395,0.5707062663516106,1.0,1.0,0
62,0,1.8894921183232327e-09,0.15894994785817537,0.16633178754829545,0.622527705318463,0.014348790980875492,0.014348790980875492,False,True,False,0.7988061468870229,1.0,1.5625,10.0,27
62,2,1.3597776238327697e-09,0.11531430128167745,0.0673840527658029,0.6204903059077814,0.009615041315555573,0.009615041315555573,False,True,False,0.6656717890725187,1.0,1.5625,10.0,25
62,4,1.017951678505824e-08,0.4709829416729849,0.13092635466059196,0.5871548317050536,0.0005175231490284204,0.0005175231490284204,False,False,False,0.6656717890725187,1.0,1.0,1.0,0
62,6,6.774994432134918e-08,0.7880789925477819,0.1542886011466729,0.5755701565812866,0.002486400306224823,0.002486400306224823,False,False,False,0.6656717890725187,1.0,1.0,1.0,0
62,8,4.291117932098132e-07,0.8201610620308226,0.1376271785390012,0.5738803468861852,0.0108204185962677,0.0108204185962677,False,False,False,0.6656717890725187,1.0,1.0,1.0,0
62,10,3.107929160250933e-06,0.8669256419599995,0.121146391005674,0.5770703168939354,0.02743079699575901,0.02743079699575901,False,False,False,0.6656717890725187,1.0,1.0,1.0,0
62,12,2.5644327251939103e-05,0.9738027926579417,0.14261581745903212,0.581142166873801,0.040713757276535034,0.040713757276535034,False,False,False,0.6656717890725187,1.0,1.0,1.0,0
62,14,0.00017980404663830996,0.8784487331376731,0.15015468119077685,0.5932859846092221,0.03566955775022507,0.03566955775022507,False,False,False,0.6656717890725187,1.0,1.0,1.0,0
62,16,0.0011974488152191043,0.7938637048176304,0.1242208277741753,0.5938309702373122,0.037443406879901886,0.037443406879901886,False,False,False,0.6656717890725187,0.9525606409286883,1.0,1.0,0
62,18,0.00963966827839613,0.8901033546647871,0.13463044507496846,0.5936017119358566,0.03279675915837288,0.03279675915837288,False,False,False,0.6656717890725187,0.840494683172372,1.0,1.0,0
62,20,0.07160094380378723,0.967095224482087,0.14226242386104102,0.6025004865308887,0.03659452125430107,0.03659452125430107,False,False,False,0.6656717890725187,0.7284287254160559,1.0,1.0,0
62,22,0.5033018589019775,0.9947202728191843,1.0,0.5923731246418087,0.010363893583416939,0.010363893583416939,False,False,False,0.6656717890725187,0.6163627676597395,1.0,1.0,0
63,0,2.024843848147384e-09,0.1704150530474514,0.1672730823574076,0.6194816784597568,0.013310203328728676,0.013310203328728676,False,True,False,0.8627106386379848,1.0,1.25,10.0,28
63,2,2.1050190479598996e-09,0.18049072281443854,0.08387567263543426,0.6174124592397738,0.008383730426430702,0.008383730426430702,False,True,False,0.7189255321983202,1.0,1.25,10.0,26
63,4,1.509689617762433e-08,0.7116394770938946,0.13072523058257282,0.5840733705308601,0.0004275191458873451,0.0004275191458873451,False,False,False,0.7189255321983202,1.0,1.0,1.0,0
63,6,1.0548571083290881e-07,1.2492780762731055,0.13381236060999066,0.5724286939408993,0.0023435477633029222,0.0023435477633029222,False,False,False,0.7189255321983202,1.0,1.0,1.0,0
63,8,7.783106639180914e-07,1.490189524014847,0.15650072361559708,0.570789889066403,0.011693788692355156,0.011693788692355156,False,False,False,0.7189255321983202,1.0,1.0,1.0,0
63,10,4.9632080845185556e-06,1.4369561006531846,0.13206781830662523,0.5740195019293255,0.03016309253871441,0.03016309253871441,False,False,False,0.7189255321983202,1.0,1.0,1.0,0
63,12,3.7570753192994744e-05,1.5057558552137218,0.12937041891679613,0.5804843863694448,0.04796205833554268,0.04796205833554268,False,False,False,0.7189255321983202,1.0,1.0,1.0,0
63,14,0.0002904022403527051,1.5069282851188013,0.12608469486435814,0.5783887919734215,0.050730153918266296,0.050730153918266296,False,False,False,0.7189255321983202,1.0,1.0,1.0,0
63,16,0.002303221495822072,1.593284268256808,0.1444869960719416,0.5780076288244105,0.05798957124352455,0.05798957124352455,False,False,False,0.7189255321983202,1.0,1.0,1.0,0
63,18,0.015940673649311066,1.5764307332575265,0.16346735850223526,0.5758223131514452,0.0447411984205246,0.0447411984205246,False,False,False,0.7189255321983202,0.9077342578261618,1.0,1.0,0
63,20,0.09751593321561813,1.4168799846165288,0.1546954715915691,0.5771022027040134,0.041332971304655075,0.041332971304655075,False,False,False,0.7189255321983202,0.7867030234493403,1.0,1.0,0
63,22,0.6303735375404358,1.299888155589016,1.0,0.5704383060693534,0.012042536400258541,0.012042536400258541,False,False,False,0.7189255321983202,0.6656717890725187,1.0,1.0,0
64,0,1.8246660848930674e-09,0.15339779395502262,0.1544344303878331,0.6167402566128525,0.013753989711403847,0.013753989711403847,False,True,False,0.9317274897290236,1.0,1.5625,10.0,29
64,2,1.815150807438215e-09,0.15393167486506049,0.08526205289732579,0.614748454332577,0.009178229607641697,0.009178229607641697,False,True,False,0.7764395747741859,1.0,1.5625,10.0,27
64,4,1.1289081669474399e-08,0.5223199691836063,0.13444523471693434,0.5785559952104045,0.000495682586915791,0.000495682586915791,False,False,False,0.7764395747741859,1.0,1.0,1.0,0
64,6,7.396788248570374e-08,0.8604071175872117,0.13560353067805003,0.5703033960398826,0.00252123037353158,0.00252123037353158,False,False,False,0.7764395747741859,1.0,1.0,1.0,0
64,8,5.354716563488182e-07,1.0234465920253044,0.14496756014457102,0.5685134110295736,0.011592010036110878,0.011592010036110878,False,False,False,0.7764395747741859,1.0,1.0,1.0,0
64,10,3.6837343486695318e-06,1.0275407193555823,0.1357235864491959,0.568713510470766,0.02670014649629593,0.02670014649629593,False,False,False,0.7764395747741859,1.0,1.0,1.0,0
64,12,2.7131445676786825e-05,1.003489007304202,0.1404998501252933,0.5765346843253286,0.03956712782382965,0.03956712782382965,False,False,False,0.7764395747741859,1.0,1.0,1.0,0
64,14,0.00019309658091515303,0.9433905968720901,0.12240518006074928,0.5828238683632555,0.04058022424578667,0.04058022424578667,False,False,False,0.7764395747741859,1.0,1.0,1.0,0
64,16,0.0015775096835568547,1.0458298224170748,0.13954909814106367,0.5884931607651401,0.042014725506305695,0.042014725506305695,False,False,False,0.7764395747741859,1.0,1.0,1.0,0
64,18,0.011304324492812157,1.0438136316186142,0.15923765030982331,0.5853062389594325,0.03826151043176651,0.03826151043176651,False,False,False,0.7764395747741859,0.9803529984522548,1.0,1.0,0
64,20,0.07099026441574097,0.9241880283147241,0.13397602300734968,0.5844106026754473,0.0378357395529747,0.0378357395529747,False,False,False,0.7764395747741859,0.8496392653252876,1.0,1.0,0
64,22,0.5298728942871094,1.0105700635826556,1.0,0.5760771976644038,0.01109952013939619,0.01109952013939619,False,False,False,0.7764395747741859,0.7189255321983202,1.0,1.0,0
65,0,2.0412365131505794e-09,0.17179469369414352,0.16877763657096892,0.6201899278256288,0.014285454526543617,0.014285454526543617,False,True,False,1.0,1.0,1.25,10.0,30
65,2,2.0942356737663204e-09,0.17806909903020485,0.0818753369088558,0.6182394800945065,0.00845878291875124,0.00845878291875124,False,True,False,0.8385547407561208,1.0,1.25,10.0,28
65,4,1.557834572452066e-08,0.732325505323418,0.12887339037418294,0.5823628830370743,0.0004004818038083613,0.0004004818038083613,False,False,False,0.8385547407561208,1.0,1.0,1.0,0
65,6,1.1088101103950976e-07,1.3053821459845194,0.14426890624349198,0.5707116000287957,0.0023168842308223248,0.0023168842308223248,False,False,False,0.8385547407561208,1.0,1.0,1.0,0
65,8,7.585717867186759e-07,1.4498577108963504,0.15525855054840373,0.568914573109506,0.011215167120099068,0.011215167120099068,False,False,False,0.8385547407561208,1.0,1.0,1.0,0
65,10,4.875861577602336e-06,1.3600726433319719,0.14959314942204893,0.5723334974679033,0.02806699275970459,0.02806699275970459,False,False,False,0.8385547407561208,1.0,1.0,1.0,0
65,12,3.258415017626248e-05,1.2343469322913767,0.1349418035711999,0.5797433620983848,0.040853239595890045,0.040853239595890045,False,False,False,0.8385547407561208,1.0,1.0,1.0,0
65,14,0.00024145816860254854,1.2283881184581147,0.1479033486344392,0.5727465113732885,0.0403108075261116,0.0403108075261116,False,False,False,0.8385547407561208,1.0,1.0,1.0,0
65,16,0.0016325302422046661,1.082306391581574,0.1369507701260495,0.5695092064460751,0.03660907596349716,0.03660907596349716,False,False,False,0.8385547407561208,1.0,1.0,1.0,0
65,18,0.01192055270075798,1.100714634774597,0.13324311277130896,0.5716243579226379,0.034732285887002945,0.034732285887002945,False,False,False,0.8385547407561208,1.0,1.0,1.0,0
65,20,0.08946467190980911,1.2548411711844238,0.14170626859409224,0.5760268103219476,0.03842862695455551,0.03842862695455551,False,False,False,0.8385547407561208,0.9176104065513107,1.0,1.0,0
65,22,0.6313388347625732,1.222133662466086,1.0,0.5637308284057584,0.010110549628734589,0.010110549628734589,False,False,False,0.8385547407561208,0.7764395747741859,1.0,1.0,0
66,0,2.1559798391024287e-09,0.18125099922005664,0.18738226537001085,0.6174010876779514,0.014880076050758362,0.014880076050758362,False,True,False,1.0,1.0,1.5625,10.0,31
66,2,1.5057838309573413e-09,0.12711034748069153,0.07969694498890957,0.6154661783474631,0.008744077757000923,0.008744077757000923,False,True,False,0.9056391200166105,1.0,1.5625,10.0,29
66,4,8.893871417114951e-09,0.41118235359574357,0.10748547483439301,0.5795391401877715,0.00033321717637591064,0.00033321717637591064,False,False,False,0.9056391200166105,1.0,1.0,1.0,0
66,6,7.274486790720402e-08,0.8564122106014144,0.13322811063008408,0.567713624810816,0.0019521869253367186,0.0019521869253367186,False,False,False,0.9056391200166105,1.0,1.0,1.0,0
66,8,5.360174100133008e-07,1.003545947766873,0.13554581993825382,0.5660290067861554,0.009861764498054981,0.009861764498054981,False,False,False,0.9056391200166105,1.0,1.0,1.0,0
66,10,3.944510808651103e-06,1.0791729040770524,0.14952490402277926,0.5665017985830263,0.026198003441095352,0.026198003441095352,False,False,False,0.9056391200166105,1.0,1.0,1.0,0
66,12,2.637029319885187e-05,0.949231645826891,0.1369273318173127,0.5778598613978199,0.03761370852589607,0.03761370852589607,False,False,False,0.9056391200166105,1.0,1.0,1.0,0
66,14,0.00019257604435551912,0.9408474690064417,0.1426624148942529,0.5799591944813518,0.039812155067920685,0.039812155067920685,False,False,False,0.9056391200166105,1.0,1.0,1.0,0
66,16,0.0013498623156920075,0.8664339175396206,0.12687758998628465,0.5761495665988968,0.03520197793841362,0.03520197793841362,False,False,False,0.9056391200166105,1.0,1.0,1.0,0
66,18,0.010639081709086895,0.9476765155991838,0.15334056275359936,0.5755895952622209,0.036818306893110275,0.036818306893110275,False,False,False,0.9056391200166105,1.0,1.0,1.0,0
66,20,0.06938203424215317,0.9032512550059212,0.14824024797727176,0.5803419901385173,0.03481776639819145,0.03481776639819145,False,False,False,0.9056391200166105,0.9910192390754156,1.0,1.0,0
66,22,0.46803775429725647,0.8705797024515067,1.0,0.5703171497656033,0.008543606847524643,0.008543606847524643,False,False,False,0.9056391200166105,0.8385547407561208,1.0,1.0,0
67,0,1.7981490740837103e-09,0.15033222422467732,0.15484503466667363,0.6207565736636247,0.015345066785812378,0.015345066785812378,False,True,False,1.0,1.0,1.25,10.0,32
67,2,1.6125717428039366e-09,0.13612482107410784,0.08220520582855584,0.6189064800690609,0.00950008723884821,0.00950008723884821,False,True,False,0.9780902496179394,1.0,1.25,10.0,30
67,4,9.616418772395718e-09,0.44458723524908106,0.1152836119493388,0.5801094885915282,0.0003954798448830843,0.0003954798448830843,False,False,False,0.9780902496179394,1.0,1.0,1.0,0
67,6,7.341531471638518e-08,0.8643052599732813,0.14683899565739741,0.5683238804998461,0.0020605935715138912,0.0020605935715138912,False,False,False,0.9780902496179394,1.0,1.0,1.0,0
67,8,4.89971512251941e-07,0.8978037936467704,0.142000298373767,0.5668403806186323,0.009199258871376514,0.009199258871376514,False,False,False,0.9780902496179394,1.0,1.0,1.0,0
67,10,3.4404963571432745e-06,0.8996825510620958,0.13929771112454412,0.5671717589488022,0.02323472499847412,0.02323472499847412,False,False,False,0.9780902496179394,1.0,1.0,1.0,0
67,12,2.468887214490678e-05,0.8887067945357506,0.12983862294370394,0.5767196107406257,0.03508799150586128,0.03508799150586128,False,False,False,0.9780902496179394,1.0,1.0,1.0,0
67,14,0.00019014044664800167,0.9289481388155835,0.12757069704800897,0.5641200009496212,0.03631025552749634,0.03631025552749634,False,False,False,0.9780902496179394,1.0,1.0,1.0,0
67,16,0.0014904611743986607,0.9566798770976176,0.1519629003820114,0.5642917037887476,0.03692585974931717,0.03692585974931717,False,False,False,0.9780902496179394,1.0,1.0,1.0,0
67,18,0.009808049537241459,0.8736523004930384,0.16172763039371724,0.5682133972803619,0.03317934647202492,0.03317934647202492,False,False,False,0.9780902496179394,1.0,1.0,1.0,0
67,20,0.06064546853303909,0.7895141179012757,0.15212425695226797,0.5684116153090335,0.03032451868057251,0.03032451868057251,False,False,False,0.9780902496179394,1.0,1.0,1.0,0
67,22,0.3986574411392212,0.741527950043616,1.0,0.5556053840267414,0.007736584171652794,0.007736584171652794,False,False,False,0.9780902496179394,0.9056391200166105,1.0,1.0,0
68,0,2.048843317226101e-09,0.1712912335276864,0.16439613345356335,0.6178892088037432,0.015820765867829323,0.015820765867829323,False,True,False,1.0,1.0,1.5625,10.0,33
68,2,2.4628437067519826e-09,0.2079003060863307,0.09909874904187192,0.61605331621178,0.010928518138825893,0.010928518138825893,False,True,False,1.0,1.0,1.5625,10.0,31
68,4,1.4852419738531353e-08,0.6866585560174697,0.13462447410741663,0.5802600082875861,0.000656736723612994,0.000656736723612994,False,False,False,1.0,1.0,1.0,1.0,0
68,6,1.0032481156940776e-07,1.1811059133948627,0.14856759146291157,0.5653798975671873,0.003128314157947898,0.003128314157947898,False,False,False,1.0,1.0,1.0,1.0,0
68,8,6.652805950579932e-07,1.219032999158373,0.14816965545001773,0.5637925055614642,0.013785011135041714,0.013785011135041714,False,False,False,1.0,1.0,1.0,1.0,0
68,10,4.479992185224546e-06,1.1715085207320932,0.14258057704195704,0.5641885349413078,0.031133528798818588,0.031133528798818588,False,False,False,1.0,1.0,1.0,1.0,0
68,12,3.141077468171716e-05,1.1306700734416626,0.13726375440762115,0.5736172169628375,0.04710280895233154,0.04710280895233154,False,False,False,1.0,1.0,1.0,1.0,0
68,14,0.00022882517077960074,1.1179458145661307,0.12300815948042976,0.589924418114006,0.04698985442519188,0.04698985442519188,False,False,False,1.0,1.0,1.0,1.0,0
68,16,0.0018602338386699557,1.1940252525327384,0.13978585962586787,0.5945341564371047,0.04596861079335213,0.04596861079335213,False,False,False,1.0,1.0,1.0,1.0,0
68,18,0.013307729735970497,1.1853864169450532,0.15307280139633508,0.6000024438570102,0.04656807333230972,0.04656807333230972,False,False,False,1.0,1.0,1.0,1.0,0
68,20,0.08693724870681763,1.131794128824868,0.15679014863118979,0.5924585031396291,0.04384925588965416,0.04384925588965416,False,False,False,1.0,1.0,1.0,1.0,0
68,22,0.554481565952301,1.031370636811957,1.0,0.5856507296799592,0.011371529661118984,0.011371529661118984,False,False,False,1.0,0.9780902496179394,1.0,1.0,0
69,0,1.8781971533599062e-09,0.15621258374453048,0.15617200227476966,0.6212031437453486,0.016284460201859474,0.016284460201859474,False,True,False,1.0,1.0,1.953125,10.0,34
69,2,2.0264652178525466e-09,0.17106353030435073,0.08228496422675038,0.6193111855891659,0.01017565093934536,0.01017565093934536,False,True,False,1.0,1.0,1.953125,10.0,32
69,4,1.4627405953149264e-08,0.6762556961687373,0.12780253146599896,0.5836460688297026,0.0004500357899814844,0.0004500357899814844,False,False,False,1.0,1.0,1.0,1.0,0
69,6,1.0445317855101166e-07,1.2297084333334434,0.15213766302886914,0.5655722948032645,0.0023522316478192806,0.0023522316478192806,False,False,False,1.0,1.0,1.0,1.0,0
69,8,6.765701527911006e-07,1.239719523798945,0.14869511076176659,0.5640367091230857,0.01096557267010212,0.01096557267010212,False,False,False,1.0,1.0,1.0,1.0,0
69,10,4.54004975836142e-06,1.187213449614868,0.14388663195391999,0.5646276922093979,0.02822081372141838,0.02822081372141838,False,False,False,1.0,1.0,1.0,1.0,0
69,12,3.154296427965164e-05,1.1354284031523845,0.13369622585788687,0.571209400857284,0.03909336403012276,0.03909336403012276,False,False,False,1.0,1.0,1.0,1.0,0
69,14,0.00023592010256834328,1.152608737665166,0.1279790088632306,0.5603031524684869,0.03944913297891617,0.03944913297891617,False,False,False,1.0,1.0,1.0,1.0,0
69,16,0.0018434181110933423,1.1832317689669607,0.133912879705845,0.5519790892101526,0.03932783752679825,0.03932783752679825,False,False,False,1.0,1.0,1.0,1.0,0
69,18,0.013765791431069374,1.2261882758846265,0.13778794819371962,0.5642262682299455,0.0429125539958477,0.0429125539958477,False,False,False,1.0,1.0,1.0,1.0,0
69,20,0.09990561753511429,1.3006230706033142,0.1503813818578547,0.5578352973468146,0.03964928910136223,0.03964928910136223,False,False,False,1.0,1.0,1.0,1.0,0
69,22,0.664348304271698,1.2357296900661763,1.0,0.556278835423657,0.010367467999458313,0.010367467999458313,False,False,False,1.0,1.0,1.0,1.0,0
70,0,1.7347965286518274e-09,0.14510246965491377,0.1536510748601935,0.624211974334456,0.018680386245250702,0.018680386245250702,False,True,False,1.0,1.0,1.5625,10.0,35
70,2,1.2904939339364319e-09,0.10893670724309401,0.07187876893268715,0.6225751983608645,0.011506672948598862,0.011506672948598862,False,True,False,1.0,1.0,1.5625,10.0,33
70,4,7.953756764322861e-09,0.3677188788662774,0.11439818242303992,0.5875953976072394,0.0003104624920524657,0.0003104624920524657,False,False,False,1.0,1.0,1.0,1.0,0
70,6,5.952695047994894e-08,0.7008000525332648,0.14910178190269177,0.5700421570077961,0.0016434217104688287,0.0016434217104688287,False,False,False,1.0,1.0,1.0,1.0,0
70,8,3.892370159519487e-07,0.713222015588772,0.1545593143697539,0.5681048836584,0.0073549626395106316,0.0073549626395106316,False,False,False,1.0,1.0,1.0,1.0,0
70,10,2.5083666059799725e-06,0.6559325843730444,0.14494888478326204,0.568625139264892,0.017076024785637856,0.017076024785637856,False,False,False,1.0,1.0,1.0,1.0,0
70,12,1.729518044157885e-05,0.6225616253727406,0.13208389558813047,0.5766886355567972,0.024538014084100723,0.024538014084100723,False,False,False,1.0,1.0,1.0,1.0,0
70,14,0.00013093087181914598,0.6396744713399234,0.11011870922299097,0.5844161229503766,0.025004792958498,0.025004792958498,False,False,False,1.0,1.0,1.0,1.0,0
70,16,0.001188987516798079,0.7631734734049104,0.13769476574932407,0.5871441118683172,0.02860482595860958,0.02860482595860958,False,False,False,1.0,1.0,1.0,1.0,0
70,18,0.008634940721094608,0.7691575982524119,0.14907261630240706,0.5910735901189976,0.03115762583911419,0.03115762583911419,False,False,False,1.0,1.0,1.0,1.0,0
70,20,0.057924382388591766,0.7540896092111281,0.14268026687344038,0.5843516993309233,0.027122529223561287,0.027122529223561287,False,False,False,1.0,1.0,1.0,1.0,0
70,22,0.40597331523895264,0.75513593666102,1.0,0.575852371536766,0.007580070290714502,0.007580070290714502,False,False,False,1.0,1.0,1.0,1.0,0
71,0,1.743531985454183e-09,0.14671447152680758,0.15710316275414501,0.620999831971868,0.016668831929564476,0.016668831929564476,False,True,False,1.0,1.0,1.953125,10.0,36
71,2,1.0980069076182986e-09,0.09336155582571196,0.06569964284276304,0.6193230317717271,0.010342747904360294,0.010342747904360294,False,True,False,1.0,1.0,1.953125,10.0,34
71,4,6.712524758256677e-09,0.3155503910693657,0.12810979099733272,0.5839519995791824,0.0003086568904109299,0.0003086568904109299,False,False,False,1.0,1.0,1.0,1.0,0
71,6,4.23966568519063e-08,0.5065819934209883,0.1261041541841522,0.5664948365677821,0.0013031081762164831,0.0013031081762164831,False,False,False,1.0,1.0,1.0,1.0,0
71,8,3.2620349088574585e-07,0.6107267885527732,0.13499533493711946,0.5644916815043097,0.006749184336513281,0.006749184336513281,False,False,False,1.0,1.0,1.0,1.0,0
71,10,2.4064056560746394e-06,0.6583649801536683,0.1449600654524072,0.5646763942386053,0.018208736553788185,0.018208736553788185,False,False,False,1.0,1.0,1.0,1.0,0
71,12,1.6590473023825325e-05,0.6199526910877985,0.1261790991296012,0.5719391573309857,0.02461366169154644,0.02461366169154644,False,False,False,1.0,1.0,1.0,1.0,0
71,14,0.000131473527289927,0.6688550640030839,0.13186805514713898,0.5759603206018863,0.025122394785284996,0.025122394785284996,False,False,False,1.0,1.0,1.0,1.0,0
71,16,0.000996998162008822,0.6499355494645859,0.1356796991634918,0.5836713346564687,0.024354485794901848,0.024354485794901848,False,False,False,1.0,1.0,1.0,1.0,0
71,18,0.007348164916038513,0.6697372459914742,0.13813589390380004,0.5852255893201521,0.026651820167899132,0.026651820167899132,False,False,False,1.0,1.0,1.0,1.0,0
71,20,0.053195178508758545,0.74612133120645,0.1395154338845417,0.5734981012460262,0.02375141717493534,0.02375141717493534,False,False,False,1.0,1.0,1.0,1.0,0
71,22,0.38128525018692017,0.7380847076047201,1.0,0.5627939822946558,0.006515318062156439,0.006515318062156439,False,False,False,1.0,1.0,1.0,1.0,0
72,0,2.0021220237254056e-09,0.16847426780446317,0.16619840875251513,0.6239681614365642,0.01865009032189846,0.01865009032189846,False,True,False,1.0,1.0,1.5625,10.0,37
72,2,2.046577574077446e-09,0.17547977344863208,0.08945491422211387,0.6221966874883399,0.011289509013295174,0.011289509013295174,False,True,False,1.0,1.0,1.5625,10.0,35
72,4,1.2878313526698548e-08,0.607059636375744,0.14329193077235045,0.5895712138140012,0.0005018210504204035,0.0005018210504204035,False,False,False,1.0,1.0,1.0,1.0,0
72,6,7.987465977521424e-08,0.9543928077652638,0.1397146084534508,0.5715045572224868,0.0022569415159523487,0.0022569415159523487,False,False,False,1.0,1.0,1.0,1.0,0
72,8,5.616986982204253e-07,1.0525838958039448,0.14282974202572615,0.5696668520586786,0.010638830251991749,0.010638830251991749,False,False,False,1.0,1.0,1.0,1.0,0
72,10,3.922645191778429e-06,1.0731907221527015,0.1557774416499815,0.5701506954213786,0.02855418436229229,0.02855418436229229,False,False,False,1.0,1.0,1.0,1.0,0
72,12,2.5171086235786788e-05,0.9405929913552874,0.1164486657530444,0.577542067961698,0.03647177293896675,0.03647177293896675,False,False,False,1.0,1.0,1.0,1.0,0
72,14,0.00021614607248920947,1.099616007334899,0.13192375202812867,0.5777695064554046,0.04103574529290199,0.04103574529290199,False,False,False,1.0,1.0,1.0,1.0,0
72,16,0.0016384066548198462,1.0680648872022176,0.13202777831156465,0.5822756727543202,0.039921849966049194,0.039921849966049194,False,False,False,1.0,1.0,1.0,1.0,0
72,18,0.01240955013781786,1.1310494563281916,0.1472906154518813,0.5872885339170925,0.04532070830464363,0.04532070830464363,False,False,False,1.0,1.0,1.0,1.0,0
72,20,0.08425213396549225,1.181729549811869,0.1628115712587316,0.5808028537667254,0.03723926842212677,0.03723926842212677,False,False,False,1.0,1.0,1.0,1.0,0
72,22,0.5174824595451355,1.0017326651285323,1.0,0.5725067571825567,0.009134752675890923,0.009134752675890923,False,False,False,1.0,1.0,1.0,1.0,0
73,0,1.7799783869065777e-09,0.14900444786389386,0.15668426303598168,0.6207979500499432,0.01667191833257675,0.01667191833257675,False,True,False,1.0,1.0,1.25,10.0,38
73,2,1.3602882154017948e-09,0.11566286448667902,0.07186559732795618,0.6190585394236836,0.010289551690220833,0.010289551690220833,False,True,False,1.0,1.0,1.25,10.0,36
73,4,8.928225270210532e-09,0.41970869040072106,0.12380389693904824,0.58649138452541,0.00042255042353644967,0.00042255042353644967,False,False,False,1.0,1.0,1.0,1.0,0
73,6,6.211586622839604e-08,0.7312788907382736,0.14657749253191782,0.5717344770468341,0.0020244524348527193,0.0020244524348527193,False,False,False,1.0,1.0,1.0,1.0,0
73,8,4.1377492721039744e-07,0.7581842823025053,0.13687142822198275,0.5666927029674732,0.008948723785579205,0.008948723785579205,False,False,False,1.0,1.0,1.0,1.0,0
73,10,3.0130920549709117e-06,0.790176266206108,0.12160993144583727,0.5673881158310566,0.022943340241909027,0.022943340241909027,False,False,False,1.0,1.0,1.0,1.0,0
73,12,2.4766693968558684e-05,0.9254816636696254,0.1301297780994384,0.5749631116557303,0.038499265909194946,0.038499265909194946,False,False,False,1.0,1.0,1.0,1.0,0
73,14,0.0001903130323626101,0.9297913217427197,0.1290317893328907,0.5787308827570377,0.03863810747861862,0.03863810747861862,False,False,False,1.0,1.0,1.0,1.0,0
73,16,0.0014749213587492704,0.9251791745435598,0.13580012705143907,0.5805683686652795,0.03832756355404854,0.03832756355404854,False,False,False,1.0,1.0,1.0,1.0,0
73,18,0.010860961861908436,0.9485548995376792,0.15121802272093934,0.5866954115164483,0.044423907995224,0.044423907995224,False,False,False,1.0,1.0,1.0,1.0,0
73,20,0.07182318717241287,0.9350314481352086,0.14287270408236935,0.5788594390793534,0.033932801336050034,0.033932801336050034,False,False,False,1.0,1.0,1.0,1.0,0
73,22,0.5027075409889221,0.9599560064308045,1.0,0.5671011208901251,0.00914002489298582,0.00914002489298582,False,False,False,1.0,1.0,1.0,1.0,0
74,0,2.0526238486695547e-09,0.17272388789726006,0.17713066536694,0.6179323464528516,0.016628216952085495,0.016628216952085495,False,True,False,1.0,1.0,1.5625,10.0,39
74,2,1.588190245982446e-09,0.13617625253416393,0.0784445621296016,0.6165904983167242,0.009893535636365414,0.009893535636365414,False,True,False,1.0,1.0,1.5625,10.0,37
74,4,1.0246020920590126e-08,0.48297828139196086,0.12572833446759055,0.584488054307622,0.00036747308331541717,0.00036747308331541717,False,False,False,1.0,1.0,1.0,1.0,0
74,6,7.14933321432909e-08,0.8542474195539942,0.1397245400020236,0.5726836760482229,0.0019287527538836002,0.0019287527538836002,False,False,False,1.0,1.0,1.0,1.0,0
74,8,5.016734121454647e-07,0.9401007270451414,0.1506414381681551,0.5644138784104206,0.008694572374224663,0.008694572374224663,False,False,False,1.0,1.0,1.0,1.0,0
74,10,3.3202484246430686e-06,0.9083818776261974,0.13010925746969795,0.5654852959812141,0.021849215030670166,0.021849215030670166,False,False,False,1.0,1.0,1.0,1.0,0
74,12,2.5508925318717957e-05,0.9804597438292719,0.12156724887746538,0.5711166979752592,0.033043913543224335,0.033043913543224335,False,False,False,1.0,1.0,1.0,1.0,0
74,14,0.00020982386195100844,1.0674525549552851,0.13802655579448167,0.5739559957528308,0.03984438255429268,0.03984438255429268,False,False,False,1.0,1.0,1.0,1.0,0
74,16,0.0015201602363958955,0.9909809427586875,0.127804300929611,0.5717566291236319,0.03584112226963043,0.03584112226963043,False,False,False,1.0,1.0,1.0,1.0,0
74,18,0.011894427239894867,1.0732472675579947,0.16623080773770835,0.5793852627825041,0.041948311030864716,0.041948311030864716,False,False,False,1.0,1.0,1.0,1.0,0
74,20,0.07155367732048035,0.9977911925356842,0.14291880055147418,0.5795311360152597,0.03485391288995743,0.03485391288995743,False,False,False,1.0,1.0,1.0,1.0,0
74,22,0.5006596446037292,0.9809312814602287,1.0,0.5659605979664372,0.009220398031175137,0.009220398031175137,False,False,False,1.0,1.0,1.0,1.0,0
75,0,1.6792589541125835e-09,0.14130603399576205,0.14376116870948588,0.6214028917138466,0.01661119982600212,0.01661119982600212,False,True,False,1.0,1.0,1.25,10.0,40
75,2,1.6808938685386465e-09,0.14467990568184988,0.08329540121392288,0.6201387932950841,0.010474222712218761,0.010474222712218761,False,True,False,1.0,1.0,1.25,10.0,38
75,4,1.0179912024455007e-08,0.48918993681054757,0.12070471025050397,0.5919011589154061,0.0005039437091909349,0.0005039437091909349,False,False,False,1.0,1.0,1.0,1.0,0
75,6,7.433732207573485e-08,0.8947669760827698,0.12972281039801045,0.5768412281683,0.002581698587164283,0.002581698587164283,False,False,False,1.0,1.0,1.0,1.0,0
75,8,5.630474220197357e-07,1.089617048803226,0.13198169630415538,0.5684477758067882,0.012406310997903347,0.012406310997903347,False,False,False,1.0,1.0,1.0,1.0,0
75,10,4.256102329236455e-06,1.204498732621114,0.14474061869545793,0.5697209223202963,0.030683062970638275,0.030683062970638275,False,False,False,1.0,1.0,1.0,1.0,0
75,12,2.9395030651357956e-05,1.1488435530171157,0.14905945446960314,0.5748895075629987,0.042101211845874786,0.042101211845874786,False,False,False,1.0,1.0,1.0,1.0,0
75,14,0.00019719339616131037,1.0031966459651223,0.13654500917906393,0.5628269906796131,0.041546206921339035,0.041546206921339035,False,False,False,1.0,1.0,1.0,1.0,0
75,16,0.0014441540697589517,0.95936637593636,0.12978293042926123,0.5597416168461744,0.038826603442430496,0.038826603442430496,False,False,False,1.0,1.0,1.0,1.0,0
75,18,0.011127447709441185,1.0040418599557366,0.1420206810355599,0.566590851430608,0.04446839168667793,0.04446839168667793,False,False,False,1.0,1.0,1.0,1.0,0
75,20,0.07835088670253754,1.0946328541947006,0.14473899669330553,0.5673129030141116,0.0397866852581501,0.0397866852581501,False,False,False,1.0,1.0,1.0,1.0,0
75,22,0.5413253307342529,1.0761834233976832,1.0,0.5529579309678931,0.010075891390442848,0.010075891390442848,False,False,False,1.0,1.0,1.0,1.0,0
76,0,2.2117436770940913e-09,0.1862334473143577,0.19126494432889102,0.618453878332519,0.01681150123476982,0.01681150123476982,False,True,False,1.0,1.0,1.5625,10.0,41
76,2,1.5637692252212787e-09,0.1345986134210188,0.08040144743800183,0.6172441807923683,0.010482321493327618,0.010482321493327618,False,True,False,1.0,1.0,1.5625,10.0,39
76,4,9.44951583647935e-09,0.46443209191186197,0.1290357990374956,0.5859892474919051,0.0004015330923721194,0.0004015330923721194,False,False,False,1.0,1.0,1.0,1.0,0
76,6,6.323173806777049e-08,0.761093747844662,0.14078366355820124,0.5741053656025796,0.0019303759327158332,0.0019303759327158332,False,False,False,1.0,1.0,1.0,1.0,0
76,8,4.3914116076848586e-07,0.8498319624449121,0.1472445390450528,0.5662150550461653,0.008504558354616165,0.008504558354616165,False,False,False,1.0,1.0,1.0,1.0,0
76,10,2.972393531308626e-06,0.841202575586272,0.12597509105423696,0.5670509328216737,0.020739423111081123,0.020739423111081123,False,False,False,1.0,1.0,1.0,1.0,0
76,12,2.3585089365951717e-05,0.9217740980363439,0.12854624144581325,0.5724661860376755,0.030800163745880127,0.030800163745880127,False,False,False,1.0,1.0,1.0,1.0,0
76,14,0.00018346552678849548,0.9401016502970602,0.1351191922429429,0.5605996705199292,0.03436978533864021,0.03436978533864021,False,False,False,1.0,1.0,1.0,1.0,0
76,16,0.0013577950885519385,0.9146946428006967,0.13052208778134775,0.5564110849341004,0.03182411938905716,0.03182411938905716,False,False,False,1.0,1.0,1.0,1.0,0
76,18,0.01040278933942318,0.9462057584119383,0.17271950921152093,0.5635118106330611,0.036158155649900436,0.036158155649900436,False,False,False,1.0,1.0,1.0,1.0,0
76,20,0.06022937223315239,0.8414588833465674,0.1442774901637118,0.5624168862451945,0.0282293688505888,0.0282293688505888,False,False,False,1.0,1.0,1.0,1.0,0
76,22,0.4174550771713257,0.8299227997618512,1.0,0.5480563993226365,0.007560329046100378,0.007560329046100378,False,False,False,1.0,1.0,1.0,1.0,0
77,0,2.3292296980059746e-09,0.19612601620118897,0.177930150883228,0.6216804488564214,0.01699567586183548,0.01699567586183548,False,True,False,1.0,1.0,1.25,10.0,42
77,2,3.090697031638001e-09,0.26610039832566373,0.10248728605748177,0.6206275437605491,0.011191701516509056,0.011191701516509056,False,True,False,1.0,1.0,1.25,10.0,40
77,4,2.0156882385435893e-08,0.9972253411114635,0.13365342118792603,0.5896453612590706,0.0008473226334899664,0.0008473226334899664,False,False,False,1.0,1.0,1.0,1.0,0
77,6,1.408145635650726e-07,1.7133027190779757,0.1562838954103175,0.5775628227175159,0.004513461142778397,0.004513461142778397,False,False,False,1.0,1.0,1.0,1.0,0
77,8,8.910177484722226e-07,1.745920116316335,0.1403686952435132,0.5727422362799167,0.018219418823719025,0.018219418823719025,False,False,False,1.0,1.0,1.0,1.0,0
77,10,6.33769559499342e-06,1.8693213795679227,0.1442191302278759,0.5736284354063369,0.045009925961494446,0.045009925961494446,False,False,False,1.0,1.0,1.0,1.0,0
77,12,4.393490235088393e-05,1.7331318476585345,0.13946302067955962,0.5780148105486645,0.05809297040104866,0.05809297040104866,False,False,False,1.0,1.0,1.0,1.0,0
77,14,0.0003150190459564328,1.633523823461017,0.1400876939891041,0.5865344924485032,0.057135168462991714,0.057135168462991714,False,False,False,1.0,1.0,1.0,1.0,0
77,16,0.0022487174719572067,1.522846010063149,0.15879689502048494,0.5880795775185916,0.05298634245991707,0.05298634245991707,False,False,False,1.0,1.0,1.0,1.0,0
77,18,0.014160956256091595,1.3172943614171857,0.1482310995266018,0.5963307399673731,0.05031389743089676,0.05031389743089676,False,False,False,1.0,1.0,1.0,1.0,0
77,20,0.09553295373916626,1.3403998678800682,0.1551536398338917,0.5893650279480127,0.04458241164684296,0.04458241164684296,False,False,False,1.0,1.0,1.0,1.0,0
77,22,0.6157312989234924,1.2273299256572832,1.0,0.5774345731319255,0.010982634499669075,0.010982634499669075,False,False,False,1.0,1.0,1.0,1.0,0
78,0,1.9229000614018332e-09,0.161807909841095,0.1687974859111736,0.6186189069387096,0.0168889332562685,0.0168889332562685,False,True,False,1.0,1.0,1.5625,10.0,43
78,2,1.3917577090793998e-09,0.11981578482482765,0.07631701852793116,0.6170952474998397,0.010716013610363007,0.010716013610363007,False,True,False,1.0,1.0,1.5625,10.0,41
78,4,8.236531456873308e-09,0.4074875139218194,0.11661695712501226,0.5847465743330971,0.0003041175368707627,0.0003041175368707627,False,False,False,1.0,1.0,1.0,1.0,0
78,6,6.062893476155296e-08,0.7376773833039456,0.13748072273791156,0.5682438651527548,0.0015943540493026376,0.0015943540493026376,False,False,False,1.0,1.0,1.0,1.0,0
78,8,4.309995347284712e-07,0.8340761767131211,0.15013978549442397,0.5674842973479524,0.007945009507238865,0.007945009507238865,False,False,False,1.0,1.0,1.0,1.0,0
78,10,2.860655058611883e-06,0.8095800161793436,0.1523068129777096,0.5676886072572894,0.020314836874604225,0.020314836874604225,False,False,False,1.0,1.0,1.0,1.0,0
78,12,1.877218710433226e-05,0.7405200325901832,0.1389971447651415,0.5670517033542588,0.022266875952482224,0.022266875952482224,False,False,False,1.0,1.0,1.0,1.0,0
78,14,0.00013504447997547686,0.7002699617640087,0.14709669160254918,0.5544119858607942,0.02255876176059246,0.02255876176059246,False,False,False,1.0,1.0,1.0,1.0,0
78,16,0.0009180560591630638,0.6191780366414531,0.13162582598691186,0.5547263439399673,0.01999872736632824,0.01999872736632824,False,False,False,1.0,1.0,1.0,1.0,0
78,18,0.006974731106311083,0.6344001133577074,0.12443798414546191,0.5634121862706424,0.022396313026547432,0.022396313026547432,False,False,False,1.0,1.0,1.0,1.0,0
78,20,0.05604984611272812,0.7830671178040703,0.1344704822686883,0.5556870741108478,0.02158878929913044,0.02158878929913044,False,False,False,1.0,1.0,1.0,1.0,0
78,22,0.4168189465999603,0.8286581384996649,1.0,0.5455169957615414,0.006300534121692181,0.006300534121692181,False,False,False,1.0,1.0,1.0,1.0,0
79,0,1.874202126828095e-09,0.15741401474345568,0.15905621186256877,0.6218825334299851,0.016944270581007004,0.016944270581007004,False,True,False,1.0,1.0,1.25,10.0,44
79,2,1.7832689769292642e-09,0.15352081086432678,0.08232906151863442,0.6204148915881903,0.010939923115074635,0.010939923115074635,False,True,False,1.0,1.0,1.25,10.0,42
79,4,1.1660261201029698e-08,0.5768703577914016,0.13525715942689248,0.5881744958873041,0.0004708876949734986,0.0004708876949734986,False,False,False,1.0,1.0,1.0,1.0,0
79,6,7.620808872843554e-08,0.9272302688622612,0.14580006652867328,0.5689332942533721,0.0020396593026816845,0.0020396593026816845,False,False,False,1.0,1.0,1.0,1.0,0
79,8,5.126889845996629e-07,0.9921627140206075,0.15159249197475094,0.5681692164712764,0.009499450214207172,0.009499450214207172,False,False,False,1.0,1.0,1.0,1.0,0
79,10,3.3720209557941416e-06,0.9542991811370596,0.11888040198278663,0.568181091164173,0.02239285223186016,0.02239285223186016,False,False,False,1.0,1.0,1.0,1.0,0
79,12,2.8354817914078012e-05,1.1185329961353296,0.11852503505760938,0.5683549779453964,0.033901769667863846,0.033901769667863846,False,False,False,1.0,1.0,1.0,1.0,0
79,14,0.00023922062246128917,1.2404728884479368,0.12368923070851831,0.5697283962704096,0.036040954291820526,0.036040954291820526,False,False,False,1.0,1.0,1.0,1.0,0
79,16,0.0019340356811881065,1.3044001005388133,0.14128620632499803,0.5695338344152336,0.03584400564432144,0.03584400564432144,False,False,False,1.0,1.0,1.0,1.0,0
79,18,0.013688769191503525,1.2450883904269046,0.1657218787728875,0.5766336548704911,0.03994140774011612,0.03994140774011612,False,False,False,1.0,1.0,1.0,1.0,0
79,20,0.08260084688663483,1.1540086474029425,0.14612695550199986,0.5681319621018528,0.030942752957344055,0.030942752957344055,False,False,False,1.0,1.0,1.0,1.0,0
79,22,0.5652676820755005,1.1237820857319665,1.0,0.5613322679909007,0.00954581331461668,0.00954581331461668,False,False,False,1.0,1.0,1.0,1.0,0
80,0,1.959935325146489e-09,0.16492434773468356,0.17127221907530774,0.6189550063591632,0.0168931782245636,0.0168931782245636,False,True,False,1.0,1.0,1.5625,10.0,45
80,2,1.4433930717316912e-09,0.1242610495864586,0.07338252184740551,0.6174336878067102,0.010748122818768024,0.010748122818768024,False,True,False,1.0,1.0,1.5625,10.0,43
80,4,9.669439471338137e-09,0.4783780492825107,0.13157912632460747,0.5851150993186645,0.0003594046866055578,0.0003594046866055578,False,False,False,1.0,1.0,1.0,1.0,0
80,6,6.348764003405449e-08,0.7641739318242825,0.15522970170950878,0.5691289393215596,0.0016702244756743312,0.0016702244756743312,False,False,False,1.0,1.0,1.0,1.0,0
80,8,3.989915740021388e-07,0.7714734705315326,0.1353001831188522,0.5682989361848535,0.007435967214405537,0.007435967214405537,False,False,False,1.0,1.0,1.0,1.0,0
80,10,2.938935949714505e-06,0.8602791080088771,0.1144178802633813,0.5682411717155768,0.01975935325026512,0.01975935325026512,False,False,False,1.0,1.0,1.0,1.0,0
80,12,2.5675984943518415e-05,1.003492397051233,0.13593932390014132,0.5698438292925456,0.030831515789031982,0.030831515789031982,False,False,False,1.0,1.0,1.0,1.0,0
80,14,0.00018886827456299216,0.9793719775193929,0.13263378709822804,0.5777372095878462,0.02959054335951805,0.02959054335951805,False,False,False,1.0,1.0,1.0,1.0,0
80,16,0.001423973124474287,0.9603911162527163,0.13745590933411067,0.5836458610703427,0.029415756464004517,0.029415756464004517,False,False,False,1.0,1.0,1.0,1.0,0
80,18,0.010359480045735836,0.9422664781148338,0.14046799572694307,0.588196817777932,0.029792750254273415,0.029792750254273415,False,False,False,1.0,1.0,1.0,1.0,0
80,20,0.07374974340200424,1.0303507147628508,0.15070538816732335,0.5876482752595366,0.03077084757387638,0.03077084757387638,False,False,False,1.0,1.0,1.0,1.0,0
80,22,0.4893636703491211,0.972880890920866,1.0,0.5793328368046153,0.008100859820842743,0.008100859820842743,False,False,False,1.0,1.0,1.0,1.0,0
81,0,1.7589002476725568e-09,0.14772982356389738,0.15295424867379107,0.622189579956424,0.016880594193935394,0.016880594193935394,False,True,False,1.0,1.0,1.953125,10.0,46
81,2,1.499518731407079e-09,0.1290928819657209,0.07581033535699452,0.6207683662731726,0.010617688298225403,0.010617688298225403,False,True,False,1.0,1.0,1.953125,10.0,44
81,4,9.779872023329972e-09,0.48384150028768386,0.1381632964309546,0.5889704532937005,0.0003649563586805016,0.0003649563586805016,False,False,False,1.0,1.0,1.0,1.0,0
81,6,6.078487757577022e-08,0.7316419206576005,0.14479352240210414,0.57003892841612,0.0015820408007130027,0.0015820408007130027,False,False,False,1.0,1.0,1.0,1.0,0
81,8,4.098038459687814e-07,0.7923796287613097,0.14578624971219917,0.5693986871507081,0.007427698001265526,0.007427698001265526,False,False,False,1.0,1.0,1.0,1.0,0
81,10,2.8009910693072015e-06,0.8199001747140857,0.12859359056990868,0.5696798986960362,0.018262196332216263,0.018262196332216263,False,False,False,1.0,1.0,1.0,1.0,0
81,12,2.177173155359924e-05,0.8481339759178774,0.13883534076057355,0.5714309514625304,0.024815697222948074,0.024815697222948074,False,False,False,1.0,1.0,1.0,1.0,0
81,14,0.0001568069274071604,0.8131186189889741,0.15177202772093537,0.5793707113439903,0.02565636858344078,0.02565636858344078,False,False,False,1.0,1.0,1.0,1.0,0
81,16,0.001033164095133543,0.6968120405810707,0.13035798475537294,0.5756634942769544,0.022660210728645325,0.022660210728645325,False,False,False,1.0,1.0,1.0,1.0,0
81,18,0.007925581187009811,0.720886515455078,0.152472741198344,0.5877301300616304,0.024227552115917206,0.024227552115917206,False,False,False,1.0,1.0,1.0,1.0,0
81,20,0.05198030546307564,0.7248473162891693,0.1317827283928924,0.5815579365063791,0.021834585815668106,0.021834585815668106,False,False,False,1.0,1.0,1.0,1.0,0
81,22,0.3944394290447235,0.7841664724918777,1.0,0.5777218548424288,0.006464713718742132,0.006464713718742132,False,False,False,1.0,1.0,1.0,1.0,0
82,0,1.9719770261161784e-09,0.16562611695898471,0.1659983791282783,0.6250662620758882,0.018936587497591972,0.018936587497591972,False,True,False,1.0,1.0,1.5625,10.0,47
82,2,1.879495670209508e-09,0.1620201673650136,0.08673130915843724,0.6236373352849188,0.01219121553003788,0.01219121553003788,False,True,False,1.0,1.0,1.5625,10.0,45
82,4,1.167032515070332e-08,0.5783196390506137,0.11824775873628411,0.5918859134928005,0.0004756363050546497,0.0004756363050546497,False,False,False,1.0,1.0,1.0,1.0,0
82,6,8.869383805176767e-08,1.0675703005537756,0.1524773608819744,0.5727421217305333,0.0024603898636996746,0.0024603898636996746,False,False,False,1.0,1.0,1.0,1.0,0
82,8,5.716852911064052e-07,1.1053868410246772,0.15547498727790893,0.572016189261452,0.010985097847878933,0.010985097847878933,False,False,False,1.0,1.0,1.0,1.0,0
82,10,3.6670242025138577e-06,1.0734035596427465,0.1255947736352096,0.5724063869697893,0.024511368945240974,0.024511368945240974,False,False,False,1.0,1.0,1.0,1.0,0
82,12,2.9187267500674352e-05,1.1370116874067928,0.1287180435526434,0.5735099000270778,0.035190027207136154,0.035190027207136154,False,False,False,1.0,1.0,1.0,1.0,0
82,14,0.00022674350475426763,1.175773089232096,0.12122564856924833,0.5682360543970945,0.0362677164375782,0.0362677164375782,False,False,False,1.0,1.0,1.0,1.0,0
82,16,0.001870415173470974,1.2614915867664211,0.13949609784154374,0.561292920717651,0.03496909886598587,0.03496909886598587,False,False,False,1.0,1.0,1.0,1.0,0
82,18,0.0134083591401577,1.2195831536444477,0.1643742319678106,0.5705550078681088,0.03888515383005142,0.03888515383005142,False,False,False,1.0,1.0,1.0,1.0,0
82,20,0.08157213777303696,1.137495145940562,0.14908618686579436,0.5768106775919655,0.0320335328578949,0.0320335328578949,False,False,False,1.0,1.0,1.0,1.0,0
82,22,0.5471475124359131,1.0877582289343781,1.0,0.5714683569129992,0.009315420873463154,0.009315420873463154,False,False,False,1.0,1.0,1.0,1.0,0
83,0,1.7010488573276916e-09,0.14244948975244237,0.14618916171844504,0.6217890661921153,0.016696544364094734,0.016696544364094734,False,True,False,1.0,1.0,1.25,10.0,48
83,2,1.6359437138291355e-09,0.14046374559503286,0.07669574669197828,0.6203980851605432,0.010929073207080364,0.010929073207080364,False,True,False,1.0,1.0,1.25,10.0,46
83,4,1.133030558264636e-08,0.5605463996612638,0.13157182120848532,0.5917499068542212,0.0005156569532118738,0.0005156569532118738,False,False,False,1.0,1.0,1.0,1.0,0
83,6,7.61149863137689e-08,0.9094698582184687,0.14780835760629382,0.572743631703082,0.0024037801194936037,0.0024037801194936037,False,False,False,1.0,1.0,1.0,1.0,0
83,8,5.049572564530536e-07,0.9454706288460002,0.13691497838252242,0.5690164789908516,0.010408357717096806,0.010408357717096806,False,False,False,1.0,1.0,1.0,1.0,0
83,10,3.6781082144443644e-06,1.0320863149137796,0.11896042265577639,0.5692701601392155,0.02725405991077423,0.02725405991077423,False,False,False,1.0,1.0,1.0,1.0,0
83,12,3.0908755434211344e-05,1.1872849966227388,0.13338833782414805,0.5710685368054041,0.03935009241104126,0.03935009241104126,False,False,False,1.0,1.0,1.0,1.0,0
83,14,0.00023171007342170924,1.1873130948754418,0.13526256141241436,0.5736113492354235,0.03940083086490631,0.03940083086490631,False,False,False,1.0,1.0,1.0,1.0,0
83,16,0.0017130292253568769,1.1379829023907442,0.12550171711121286,0.568860873878597,0.037900056689977646,0.037900056689977646,False,False,False,1.0,1.0,1.0,1.0,0
83,18,0.013649438507854939,1.2169726239247,0.14995365700486374,0.5766328719972741,0.04469653218984604,0.04469653218984604,False,False,False,1.0,1.0,1.0,1.0,0
83,20,0.09102436900138855,1.2505670681567558,0.14037559931927848,0.5753845724263024,0.03955340385437012,0.03955340385437012,False,False,False,1.0,1.0,1.0,1.0,0
83,22,0.6484344005584717,1.271203182754177,1.0,0.5618455314307721,0.011238223873078823,0.011238223873078823,False,False,False,1.0,1.0,1.0,1.0,0
84,0,1.7514846240018755e-09,0.1471767967836023,0.1532667808426648,0.6187959220503242,0.016619687899947166,0.016619687899947166,False,True,False,1.0,1.0,1.5625,10.0,49
84,2,1.4276858584238994e-09,0.12281952893612086,0.07487320594749709,0.6174602251022929,0.010780365206301212,0.010780365206301212,False,True,False,1.0,1.0,1.5625,10.0,47
84,4,9.068047646110244e-09,0.44862527518844475,0.12591726223912095,0.5921431642021379,0.00037746792077086866,0.00037746792077086866,False,False,False,1.0,1.0,1.0,1.0,0
84,6,6.201592128718403e-08,0.7410053377378082,0.14792633776503758,0.5732013009748315,0.0018652216531336308,0.0018652216531336308,False,False,False,1.0,1.0,1.0,1.0,0
84,8,4.0923515598478843e-07,0.7887758655967563,0.15693751100355915,0.5667200455845798,0.007988953031599522,0.007988953031599522,False,False,False,1.0,1.0,1.0,1.0,0
84,10,2.597631237222231e-06,0.7289017872288507,0.13439165558540678,0.5666246758013541,0.01719444803893566,0.01719444803893566,False,False,False,1.0,1.0,1.0,1.0,0
84,12,1.931881342898123e-05,0.7420854387231509,0.13799788666534196,0.5676036244690061,0.023038003593683243,0.023038003593683243,False,False,False,1.0,1.0,1.0,1.0,0
84,14,0.00013998354552313685,0.7172942212323385,0.11506917422244489,0.5674255566530718,0.024946143850684166,0.024946143850684166,False,False,False,1.0,1.0,1.0,1.0,0
84,16,0.0012165064690634608,0.808137737494553,0.14558373006326975,0.5722389257697374,0.028641754761338234,0.028641754761338234,False,False,False,1.0,1.0,1.0,1.0,0
84,18,0.008356050588190556,0.7450185444702153,0.1458175758714773,0.5812570274883893,0.027710750699043274,0.027710750699043274,False,False,False,1.0,1.0,1.0,1.0,0
84,20,0.05730481445789337,0.7873003086325309,0.13104594420850763,0.5719264357135018,0.02683362178504467,0.02683362178504467,False,False,False,1.0,1.0,1.0,1.0,0
84,22,0.43728795647621155,0.8572676612682338,1.0,0.5621530948592401,0.007940204814076424,0.007940204814076424,False,False,False,1.0,1.0,1.0,1.0,0
85,0,1.5548333731629782e-09,0.130652243393103,0.14141792234493333,0.6220057600041182,0.016560593619942665,0.016560593619942665,False,True,False,1.0,1.0,1.25,10.0,50
85,2,9.94599180792477e-10,0.08573849266443889,0.06295588523425595,0.6206599310548258,0.010910904966294765,0.010910904966294765,False,True,False,1.0,1.0,1.25,10.0,48
85,4,5.798351132568769e-09,0.29020933274488897,0.12378183897029996,0.5984672698724809,0.0018179306061938405,0.0018179306061938405,False,True,False,1.0,1.0,1.25,1.05,1
85,6,3.684331062459023e-08,0.4434673824119848,0.12979825347067128,0.5762613069157019,0.0014784046215936542,0.0014784046215936542,False,False,False,1.0,1.0,1.0,1.0,0
85,8,2.7385058842810395e-07,0.533493878186875,0.15357758403208255,0.5696105961213901,0.006527293007820845,0.006527293007820845,False,False,False,1.0,1.0,1.0,1.0,0
85,10,1.7731416619426454e-06,0.5190302726595921,0.12502288467198502,0.5692781737568234,0.0150022953748703,0.0150022953748703,False,False,False,1.0,1.0,1.0,1.0,0
85,12,1.4172536793921608e-05,0.5535616299819534,0.11930923625427245,0.5705850686860545,0.021203888580203056,0.021203888580203056,False,False,False,1.0,1.0,1.0,1.0,0
85,14,0.00011877826182171702,0.6094483301765516,0.1420856398877822,0.5667242441012279,0.022643353790044785,0.022643353790044785,False,False,False,1.0,1.0,1.0,1.0,0
85,16,0.0008359524654224515,0.5638037035970587,0.1264917321360579,0.5673701564565187,0.021562522277235985,0.021562522277235985,False,False,False,1.0,1.0,1.0,1.0,0
85,18,0.006608741823583841,0.6011108526090347,0.14954864672311866,0.5800830459741737,0.02717500366270542,0.02717500366270542,False,False,False,1.0,1.0,1.0,1.0,0
85,20,0.04419124126434326,0.6071353378490826,0.1523845449596794,0.5806112851833388,0.022998690605163574,0.022998690605163574,False,False,False,1.0,1.0,1.0,1.0,0
85,22,0.2899981737136841,0.5780499344552387,1.0,0.5767249240777665,0.006463208235800266,0.006463208235800266,False,False,False,1.0,1.0,1.0,1.0,0
86,0,2.1027362073766653e-09,0.1770546362556787,0.17868134506793254,0.6189467226746537,0.016595833003520966,0.016595833003520966,False,True,False,1.0,1.0,1.5625,10.0,51
86,2,1.7680791275509478e-09,0.1527368886206003,0.08690239520068013,0.6175659179983342,0.010978483594954014,0.010978483594954014,False,True,False,1.0,1.0,1.5625,10.0,49
86,4,1.0345574175119054e-08,0.5244996063628306,0.11288199751248407,0.5983066511830734,0.000388355809263885,0.000388355809263885,False,False,True,1.0,1.0,1.0,1.0,0
86,6,8.164946052602318e-08,0.9942809955408681,0.15331471375244238,0.5755179934093814,0.0023674604017287493,0.0023674604017287493,False,False,False,1.0,1.0,1.0,1.0,0
86,8,5.225611516834761e-07,1.033092024842103,0.1513518700872474,0.5691091347802827,0.010000525042414665,0.010000525042414665,False,False,False,1.0,1.0,1.0,1.0,0
86,10,3.4426243473717477e-06,1.0257706156446031,0.14017651964116715,0.5681089230525114,0.021561646834015846,0.021561646834015846,False,False,False,1.0,1.0,1.0,1.0,0
86,12,2.4549208319513127e-05,0.968410363895939,0.12930002561587922,0.5689594746502523,0.02954932488501072,0.02954932488501072,False,False,False,1.0,1.0,1.0,1.0,0
86,14,0.0001898523623822257,0.9916315591650583,0.1509173655063018,0.5560766366617538,0.02968442812561989,0.02968442812561989,False,False,False,1.0,1.0,1.0,1.0,0
86,16,0.0012579788453876972,0.8618963485072334,0.11905004346107619,0.5509485514441338,0.025221209973096848,0.025221209973096848,False,False,False,1.0,1.0,1.0,1.0,0
86,18,0.010566797107458115,0.9829549640693395,0.13076409814452059,0.55250958983855,0.028503919020295143,0.028503919020295143,False,False,False,1.0,1.0,1.0,1.0,0
86,20,0.08080808073282242,1.127212116773647,0.15163992198623683,0.5548458509370018,0.0321088582277298,0.0321088582277298,False,False,False,1.0,1.0,1.0,1.0,0
86,22,0.532894492149353,1.0765291550925555,1.0,0.5516697611077536,0.008792603388428688,0.008792603388428688,False,False,False,1.0,1.0,1.0,1.0,0
87,0,2.068368143426369e-09,0.17416077584647252,0.170712554895446,0.6221622947316852,0.016668036580085754,0.016668036580085754,False,True,False,1.0,1.0,1.953125,10.0,52
87,2,2.1160868612923878e-09,0.18241528983532138,0.09095845096937213,0.6207781202014283,0.011337368749082088,0.011337368749082088,False,True,False,1.0,1.0,1.953125,10.0,50
87,4,1.3264323861506e-08,0.6638836609148921,0.13364333049018373,0.6016675449587776,0.0005643198965117335,0.0005643198965117335,False,False,False,1.0,1.0,1.0,1.0,0
87,6,8.925167094275821e-08,1.0824377331614898,0.15015640017535287,0.5820730321091206,0.0030743919778615236,0.0030743919778615236,False,False,False,1.0,1.0,1.0,1.0,0
87,8,5.843913868375239e-07,1.155329054184938,0.14254294476941293,0.5756527657802137,0.012405801564455032,0.012405801564455032,False,False,False,1.0,1.0,1.0,1.0,0
87,10,4.0897566577768885e-06,1.2185913365445111,0.1507708284293728,0.5746505031615219,0.027946002781391144,0.027946002781391144,False,False,False,1.0,1.0,1.0,1.0,0
87,12,2.7115649572806433e-05,1.085542610656181,0.15210827518575637,0.5754444888769841,0.03401409462094307,0.03401409462094307,False,False,False,1.0,1.0,1.0,1.0,0
87,14,0.00017825544637162238,0.9370190365707496,0.1303844271707092,0.5721399929284606,0.03284412622451782,0.03284412622451782,False,False,False,1.0,1.0,1.0,1.0,0
87,16,0.001367142889648676,0.9366894115875768,0.1402973639635783,0.5695375736184589,0.033763907849788666,0.033763907849788666,False,False,False,1.0,1.0,1.0,1.0,0
87,18,0.009744598530232906,0.9095294985228212,0.14791242000318133,0.5747319288341243,0.03172754868865013,0.03172754868865013,False,False,False,1.0,1.0,1.0,1.0,0
87,20,0.06588085740804672,0.9051249857626309,0.14776464499592037,0.5788304021617688,0.030926337465643883,0.030926337465643883,False,False,False,1.0,1.0,1.0,1.0,0
87,22,0.4458499252796173,0.8887073900651765,1.0,0.5780008399662135,0.00813764426857233,0.00813764426857233,False,False,False,1.0,1.0,1.0,1.0,0
88,0,1.992471743150759e-09,0.1674268816409861,0.1682611296507289,0.6250220576872046,0.018747836351394653,0.018747836351394653,False,True,False,1.0,1.0,1.5625,10.0,53
88,2,1.8415450275810485e-09,0.1585889084835428,0.09081350488334894,0.6236117454389739,0.013229357078671455,0.013229357078671455,False,True,False,1.0,1.0,1.5625,10.0,51
88,4,1.0278316864287262e-08,0.5085011583163495,0.1264021348780787,0.60140821885964,0.0004931254079565406,0.0004931254079565406,False,False,False,1.0,1.0,1.0,1.0,0
88,6,7.131442458785386e-08,0.860087357475696,0.1461112664400864,0.5882075888277007,0.002851578639820218,0.002851578639820218,False,False,False,1.0,1.0,1.0,1.0,0
88,8,4.780829954142973e-07,0.9313631669837831,0.139299312537703,0.5818367745619727,0.011861505918204784,0.011861505918204784,False,False,False,1.0,1.0,1.0,1.0,0
88,10,3.422055669943802e-06,1.019641935086015,0.1270743135178838,0.5808529331039528,0.0274629108607769,0.0274629108607769,False,False,False,1.0,1.0,1.0,1.0,0
88,12,2.691956251510419e-05,1.0619154390591992,0.11822533793846762,0.5837099735255421,0.038991447538137436,0.038991447538137436,False,False,False,1.0,1.0,1.0,1.0,0
88,14,0.00022768706548959017,1.1977686078256846,0.11133724161374793,0.595530971633221,0.04194513335824013,0.04194513335824013,False,False,False,1.0,1.0,1.0,1.0,0
88,16,0.0020450116135179996,1.4260158039515867,0.15120624639926947,0.5998065196884749,0.046111296862363815,0.046111296862363815,False,False,False,1.0,1.0,1.0,1.0,0
88,18,0.01352464035153389,1.2623464495194676,0.16087160944447723,0.5984209585620932,0.04058760032057762,0.04058760032057762,False,False,False,1.0,1.0,1.0,1.0,0
88,20,0.08407101035118103,1.1550361522445587,0.15885964696078494,0.597686051963537,0.03669734299182892,0.03669734299182892,False,False,False,1.0,1.0,1.0,1.0,0
88,22,0.5292156338691711,1.0548792723529035,1.0,0.5910400748681511,0.009712987579405308,0.009712987579405308,False,False,False,1.0,1.0,1.0,1.0,0
89,0,2.1772081915116814e-09,0.1829502372824518,0.17141778358998638,0.6217449106808282,0.01680895686149597,0.01680895686149597,False,True,False,1.0,1.0,1.953125,10.0,54
89,2,2.7011803904741782e-09,0.232618395600754,0.09833664009511404,0.6204740684006081,0.01270534098148346,0.01270534098148346,False,True,False,1.0,1.0,1.953125,10.0,52
89,4,1.7468707369516778e-08,0.8642327385870686,0.13620070620770705,0.5983458329876599,0.0007919032941572368,0.0007919032941572368,False,False,False,1.0,1.0,1.0,1.0,0
89,6,1.182570983360165e-07,1.4527206898538905,0.1520281911339645,0.5851005976300336,0.004581566900014877,0.004581566900014877,False,False,False,1.0,1.0,1.0,1.0,0
89,8,7.678629572183127e-07,1.5361000968076566,0.1513505635396955,0.5787586558283173,0.017775027081370354,0.017775027081370354,False,False,False,1.0,1.0,1.0,1.0,0
89,10,5.063406661065528e-06,1.5087018634331741,0.1601303046482125,0.5776848778212544,0.03775958716869354,0.03775958716869354,False,False,False,1.0,1.0,1.0,1.0,0
89,12,3.161053973599337e-05,1.2469638079672092,0.13575555045757648,0.5794411836185059,0.04219932109117508,0.04219932109117508,False,False,False,1.0,1.0,1.0,1.0,0
89,14,0.00023283896734938025,1.224870658199018,0.14134676132983665,0.5762236724364432,0.041789792478084564,0.041789792478084564,False,False,False,1.0,1.0,1.0,1.0,0
89,16,0.0016472790157422423,1.1486711833020973,0.13309261517378604,0.5734717550809856,0.04043594002723694,0.04043594002723694,False,False,False,1.0,1.0,1.0,1.0,0
89,18,0.012376927770674229,1.155222647047877,0.14235376321054757,0.5744578058799775,0.03881046548485756,0.03881046548485756,False,False,False,1.0,1.0,1.0,1.0,0
89,20,0.08694484829902649,1.194519283368927,0.14871995624212916,0.5771867320966547,0.03886222466826439,0.03886222466826439,False,False,False,1.0,1.0,1.0,1.0,0
89,22,0.584621250629425,1.1653186338377706,1.0,0.5695448999870941,0.011063473299145699,0.011063473299145699,False,False,False,1.0,1.0,1.0,1.0,0
90,0,2.310059254995167e-09,0.19344933024964667,0.18042658399134884,0.6246149801138714,0.01890850067138672,0.01890850067138672,False,True,False,1.0,1.0,1.5625,10.0,55
90,2,2.803319798516668e-09,0.24141436691397825,0.10298745606636378,0.6231522529227334,0.013823059387505054,0.013823059387505054,False,True,False,1.0,1.0,1.5625,10.0,53
90,4,1.7220012082930225e-08,0.8519289885697404,0.13751604703978593,0.6038336533255213,0.0006511518149636686,0.0006511518149636686,False,False,False,1.0,1.0,1.0,1.0,0
90,6,1.1522183740453329e-07,1.415434248563559,0.14111253961641962,0.5905794775714153,0.003960816655308008,0.003960816655308008,False,False,False,1.0,1.0,1.0,1.0,0
90,8,8.065244401223026e-07,1.6134419024948161,0.14661909164215634,0.5841961153511471,0.017977667972445488,0.017977667972445488,False,False,False,1.0,1.0,1.0,1.0,0
90,10,5.490814601216698e-06,1.636053111104146,0.1665066283428833,0.5833119983400062,0.04143780469894409,0.04143780469894409,False,False,False,1.0,1.0,1.0,1.0,0
90,12,3.296655268059112e-05,1.3004554306718696,0.14116330666291607,0.5841324672905551,0.04467567056417465,0.04467567056417465,False,False,False,1.0,1.0,1.0,1.0,0
90,14,0.0002335248573217541,1.22847884505656,0.1502381846941999,0.5749727040463973,0.044729575514793396,0.044729575514793396,False,False,False,1.0,1.0,1.0,1.0,0
90,16,0.00155435421038419,1.0838733894197687,0.13473788653897711,0.5737410119219762,0.03752347081899643,0.03752347081899643,False,False,False,1.0,1.0,1.0,1.0,0
90,18,0.011536123231053352,1.0767446544549069,0.13279787748062055,0.5768832787023723,0.037467170506715775,0.037467170506715775,False,False,False,1.0,1.0,1.0,1.0,0
90,20,0.08686977624893188,1.1934878822769197,0.14630372860823745,0.5764264956322973,0.0399298369884491,0.0399298369884491,False,False,False,1.0,1.0,1.0,1.0,0
90,22,0.5937632322311401,1.1835412377872694,1.0,0.5750664433435267,0.011374187655746937,0.011374187655746937,False,False,False,1.0,1.0,1.0,1.0,0
91,0,1.953543993238327e-09,0.16325849472996723,0.16081944835408962,0.6213059949595836,0.016690772026777267,0.016690772026777267,False,True,False,1.0,1.0,1.25,10.0,56
91,2,2.1474362288387283e-09,0.18419618194386891,0.08681426960987144,0.6196916109303667,0.01173380482941866,0.01173380482941866,False,True,False,1.0,1.0,1.25,10.0,54
91,4,1.4735982212243925e-08,0.727265787313766,0.13109468119150577,0.5969405962523351,0.00044119945960119367,0.00044119945960119367,False,False,False,1.0,1.0,1.0,1.0,0
91,6,1.0240717074339045e-07,1.2350813090097703,0.14226245152404415,0.5835720880996742,0.0027773426845669746,0.0027773426845669746,False,False,False,1.0,1.0,1.0,1.0,0
91,8,7.098468017829873e-07,1.3828669325688832,0.15073101039027845,0.5767829636452894,0.01254503894597292,0.01254503894597292,False,False,False,1.0,1.0,1.0,1.0,0
91,10,4.699361397797475e-06,1.379309818749961,0.15404521074468758,0.5762028868708189,0.03046492300927639,0.03046492300927639,False,False,False,1.0,1.0,1.0,1.0,0
91,12,3.0496377803501673e-05,1.1911505223745213,0.13293938173989225,0.5777352005882,0.03661959245800972,0.03661959245800972,False,False,False,1.0,1.0,1.0,1.0,0
91,14,0.00022939062910154462,1.1838708909494944,0.1277766430790814,0.5651297600658888,0.040960945188999176,0.040960945188999176,False,False,False,1.0,1.0,1.0,1.0,0
91,16,0.0017952369526028633,1.2299953849198437,0.13442585356262124,0.560506165687481,0.03979954868555069,0.03979954868555069,False,False,False,1.0,1.0,1.0,1.0,0
91,18,0.013354838825762272,1.2147151102744778,0.1561770537532998,0.5618014552212015,0.0386664904654026,0.0386664904654026,False,False,False,1.0,1.0,1.0,1.0,0
91,20,0.08551087975502014,1.1243986096870306,0.14079824941497146,0.5642955343414598,0.03424425423145294,0.03424425423145294,False,False,False,1.0,1.0,1.0,1.0,0
91,22,0.6073291301727295,1.1906196256552277,1.0,0.5614555793576637,0.010451395995914936,0.010451395995914936,False,False,False,1.0,1.0,1.0,1.0,0
92,0,1.9928136918423434e-09,0.16654027999038704,0.17079282351045286,0.6183987164442869,0.016620811074972153,0.016620811074972153,False,True,False,1.0,1.0,1.5625,10.0,57
92,2,1.6680177239436489e-09,0.14226787025784127,0.08498547815267544,0.6168595576890618,0.011690388433635235,0.011690388433635235,False,True,False,1.0,1.0,1.5625,10.0,55
92,4,9.627091124286835e-09,0.47396203947811333,0.12553316581446447,0.5943502119469809,0.00035039655631408095,0.00035039655631408095,False,False,False,1.0,1.0,1.0,1.0,0
92,6,6.668962271305645e-08,0.7825018428106325,0.14440637919168303,0.5816092351398514,0.002126778243109584,0.002126778243109584,False,False,False,1.0,1.0,1.0,1.0,0
92,8,4.51819090585559e-07,0.8708538087646863,0.14316180146160687,0.5744969544218538,0.009461608715355396,0.009461608715355396,False,False,False,1.0,1.0,1.0,1.0,0
92,10,3.1460031095775776e-06,0.9139141112339615,0.15252788947618945,0.5739361153669208,0.022528253495693207,0.022528253495693207,False,False,False,1.0,1.0,1.0,1.0,0
92,12,2.0615756511688232e-05,0.7836374420659852,0.1487485991955847,0.5787688206249516,0.027854008600115776,0.027854008600115776,False,False,False,1.0,1.0,1.0,1.0,0
92,14,0.00013858462625648826,0.6809431986604376,0.13114313112762035,0.5951198551845363,0.027552161365747452,0.027552161365747452,False,False,False,1.0,1.0,1.0,1.0,0
92,16,0.0010567333083599806,0.7056410440786821,0.13661241352791684,0.6002289473827963,0.026834653690457344,0.026834653690457344,False,False,False,1.0,1.0,1.0,1.0,0
92,18,0.007735255640000105,0.6826151831199011,0.14925573091345293,0.6012735389711652,0.027836458757519722,0.027836458757519722,False,False,False,1.0,1.0,1.0,1.0,0
92,20,0.05182550847530365,0.6512419978337926,0.13349899945004154,0.598551391770015,0.025979362428188324,0.025979362428188324,False,False,False,1.0,1.0,1.0,1.0,0
92,22,0.38820895552635193,0.7417782654829149,1.0,0.6007431896132649,0.008479725569486618,0.008479725569486618,False,False,False,1.0,1.0,1.0,1.0,0
93,0,1.901160784356648e-09,0.1588808078896663,0.16081468880594593,0.6216488366672881,0.016696510836482048,0.016696510836482048,False,True,False,1.0,1.0,1.25,10.0,58
93,2,1.8220592812312475e-09,0.1560723097532221,0.08113023843260729,0.6201155097955799,0.011805109679698944,0.011805109679698944,False,True,False,1.0,1.0,1.25,10.0,56
93,4,1.2458448495067387e-08,0.6148625332856914,0.13969517884786967,0.5943936078114456,0.0005256798467598855,0.0005256798467598855,False,False,False,1.0,1.0,1.0,1.0,0
93,6,7.918309563592629e-08,0.9549874359338036,0.1436878421592271,0.5815291074159122,0.0024270438589155674,0.0024270438589155674,False,False,False,1.0,1.0,1.0,1.0,0
93,8,5.410772132563579e-07,1.0540834787158606,0.1550884042186198,0.5743663788844278,0.010095415636897087,0.010095415636897087,False,False,False,1.0,1.0,1.0,1.0,0
93,10,3.478830876701977e-06,1.0210718393044869,0.13680904626127557,0.5737888835786278,0.022776393219828606,0.022776393219828606,False,False,False,1.0,1.0,1.0,1.0,0
93,12,2.541836875025183e-05,0.9661923130322302,0.13662324829897218,0.576945550855953,0.031155336648225784,0.031155336648225784,False,False,False,1.0,1.0,1.0,1.0,0
93,14,0.00018603717035148293,0.960126363820369,0.13973361499564665,0.5757840314741646,0.031923580914735794,0.031923580914735794,False,False,False,1.0,1.0,1.0,1.0,0
93,16,0.0013313601957634091,0.9121731223729052,0.12755860413687478,0.5705224457229869,0.029246171936392784,0.029246171936392784,False,False,False,1.0,1.0,1.0,1.0,0
93,18,0.010437233373522758,0.9493386819331759,0.12910470511208363,0.5725360987790936,0.02898765727877617,0.02898765727877617,False,False,False,1.0,1.0,1.0,1.0,0
93,20,0.08084315806627274,1.06302186099412,0.13514780535041482,0.5715597884166622,0.030709220096468925,0.030709220096468925,False,False,False,1.0,1.0,1.0,1.0,0
93,22,0.598183274269104,1.1593561948209996,1.0,0.5709557628174036,0.009847160428762436,0.009847160428762436,False,False,False,1.0,1.0,1.0,1.0,0
94,0,2.2938944077566248e-09,0.19170172229346286,0.1831574289300828,0.6187022190209476,0.016729867085814476,0.016729867085814476,False,True,False,1.0,1.0,1.5625,10.0,59
94,2,2.5241679857401778e-09,0.2152902804025672,0.0991696361807056,0.6172057619205863,0.012111236341297626,0.012111236341297626,False,True,False,1.0,1.0,1.5625,10.0,57
94,4,1.545303263128517e-08,0.7607854509207546,0.13204751669378875,0.5915578518139114,0.0006563999922946095,0.0006563999922946095,False,False,False,1.0,1.0,1.0,1.0,0
94,6,1.070263024871565e-07,1.255791763671381,0.14030782664707914,0.5820390114331098,0.003606315702199936,0.003606315702199936,False,False,False,1.0,1.0,1.0,1.0,0
94,8,7.5279638167558e-07,1.4509692261051328,0.1488736309437665,0.5717585973382103,0.014915833249688148,0.014915833249688148,False,False,False,1.0,1.0,1.0,1.0,0
94,10,5.046613296144642e-06,1.4660414960323456,0.15564614962591933,0.5709506844623934,0.03332675248384476,0.03332675248384476,False,False,False,1.0,1.0,1.0,1.0,0
94,12,3.241363083361648e-05,1.2320932651744005,0.1401184938175622,0.5731863185908298,0.03806743398308754,0.03806743398308754,False,False,False,1.0,1.0,1.0,1.0,0
94,14,0.00023132014030124992,1.1952498261363602,0.15178618401540384,0.5672216554460885,0.03758382797241211,0.03758382797241211,False,False,False,1.0,1.0,1.0,1.0,0
94,16,0.0015239767963066697,1.0626907847482945,0.1499128903652907,0.567544820384828,0.032082006335258484,0.032082006335258484,False,False,False,1.0,1.0,1.0,1.0,0
94,18,0.010165738873183727,0.937182150119682,0.1303408849756991,0.5725272081083482,0.02982787787914276,0.02982787787914276,False,False,False,1.0,1.0,1.0,1.0,0
94,20,0.0779934674501419,0.9800699125686232,0.14214663541736391,0.5720749577670883,0.029188457876443863,0.029188457876443863,False,False,False,1.0,1.0,1.0,1.0,0
94,22,0.5486831665039062,1.033194473399441,1.0,0.5785770260473205,0.009170298464596272,0.009170298464596272,False,False,False,1.0,1.0,1.0,1.0,0
95,0,1.865959387004068e-09,0.15593901227919368,0.156320577213083,0.6218655257004291,0.01678883098065853,0.01678883098065853,False,True,False,1.0,1.0,1.953125,10.0,60
95,2,1.9367483172771927e-09,0.16447027224813188,0.09244982618683628,0.6203540803520244,0.012229427695274353,0.012229427695274353,False,True,False,1.0,1.0,1.953125,10.0,58
95,4,1.0949182893682519e-08,0.5254445956425129,0.1299550766537728,0.5947402903991208,0.0004903321387246251,0.0004903321387246251,False,False,False,1.0,1.0,1.0,1.0,0
95,6,7.425359882518023e-08,0.861795192628665,0.159916815656469,0.5820512151071687,0.0025431402027606964,0.0025431402027606964,False,False,False,1.0,1.0,1.0,1.0,0
95,8,4.543263969480904e-07,0.8610781109175578,0.14042748343041137,0.5747306934421219,0.010071700438857079,0.010071700438857079,False,False,False,1.0,1.0,1.0,1.0,0
95,10,3.2253096833301242e-06,0.9292891992285416,0.15270346858710054,0.5740838996877095,0.023435620591044426,0.023435620591044426,False,False,False,1.0,1.0,1.0,1.0,0
95,12,2.11113911063876e-05,0.7811047368403216,0.14638295714784805,0.5767665796780445,0.02945084497332573,0.02945084497332573,False,False,False,1.0,1.0,1.0,1.0,0
95,14,0.00014421028026845306,0.7451461519670058,0.14250243927657733,0.5711431893027356,0.026521800085902214,0.026521800085902214,False,False,False,1.0,1.0,1.0,1.0,0
95,16,0.0010119746439158916,0.7056643717244294,0.11306198753487569,0.5700030748877145,0.023576466366648674,0.023576466366648674,False,False,False,1.0,1.0,1.0,1.0,0
95,18,0.008950607851147652,0.8522744562295173,0.1384748442288869,0.5763417383509792,0.030675971880555153,0.030675971880555153,False,False,False,1.0,1.0,1.0,1.0,0
95,20,0.06463705748319626,0.8122325798214522,0.12544662279243032,0.5771357455618867,0.02867123670876026,0.02867123670876026,False,False,False,1.0,1.0,1.0,1.0,0
95,22,0.5152554512023926,0.959310991350253,1.0,0.5744879205527036,0.009240989573299885,0.009240989573299885,False,False,False,1.0,1.0,1.0,1.0,0
96,0,2.176063773617898e-09,0.18185456654516677,0.17502532660656192,0.6248008384066536,0.018839862197637558,0.018839862197637558,False,True,False,1.0,1.0,1.5625,10.0,61
96,2,2.432850809697129e-09,0.20612725932807793,0.09902316444132113,0.6232612552660952,0.014132002368569374,0.014132002368569374,False,True,False,1.0,1.0,1.5625,10.0,59
96,4,1.4568501960354752e-08,0.689152233642148,0.1351740547396343,0.6009202434293972,0.0006123014027252793,0.0006123014027252793,False,False,False,1.0,1.0,1.0,1.0,0
96,6,9.777587450798819e-08,1.1347972346018251,0.1553776412509925,0.5850401666631904,0.0034668114967644215,0.0034668114967644215,False,False,False,1.0,1.0,1.0,1.0,0
96,8,6.192789214765071e-07,1.193622444674852,0.1462951161161187,0.5774196754182082,0.013363481499254704,0.013363481499254704,False,False,False,1.0,1.0,1.0,1.0,0
96,10,4.223079940857133e-06,1.2268050018986305,0.14615128253966042,0.5768989667156529,0.030416661873459816,0.030416661873459816,False,False,False,1.0,1.0,1.0,1.0,0
96,12,2.888526432798244e-05,1.0979744856099085,0.1258549488236068,0.5810944104703273,0.041844021528959274,0.041844021528959274,False,False,False,1.0,1.0,1.0,1.0,0
96,14,0.0002295023441547528,1.2119235263785475,0.13933398914993803,0.5964764607779691,0.04104273393750191,0.04104273393750191,False,False,False,1.0,1.0,1.0,1.0,0
96,16,0.0016471282579004765,1.1802565332295645,0.11658461098711968,0.5984020216392046,0.035796552896499634,0.035796552896499634,False,False,False,1.0,1.0,1.0,1.0,0
96,18,0.014128169044852257,1.355867570854427,0.15375231711969903,0.6037363034267594,0.04390931874513626,0.04390931874513626,False,False,False,1.0,1.0,1.0,1.0,0
96,20,0.09188913553953171,1.157282470078142,0.1296471498914915,0.6052060244270397,0.03914061188697815,0.03914061188697815,False,False,False,1.0,1.0,1.0,1.0,0
96,22,0.7087632417678833,1.3346322778758613,1.0,0.6007552699433633,0.01273229718208313,0.01273229718208313,False,False,False,1.0,1.0,1.0,1.0,0
97,0,2.0152253199512415e-09,0.1684132291956114,0.17404228611507191,0.6215397320843445,0.016867315396666527,0.016867315396666527,False,True,False,1.0,1.0,1.25,10.0,62
97,2,1.5789407559196889e-09,0.1334488808479352,0.0874583375158145,0.6199644913365794,0.012546020559966564,0.012546020559966564,False,True,False,1.0,1.0,1.25,10.0,60
97,4,8.05363331579656e-09,0.37466979006448475,0.11679715677885452,0.5945269973857301,0.0003478539583738893,0.0003478539583738893,False,False,False,1.0,1.0,1.0,1.0,0
97,6,5.8954018555823495e-08,0.6722574885331866,0.14375669418290685,0.5820471081568945,0.0017926018917933106,0.0017926018917933106,False,False,False,1.0,1.0,1.0,1.0,0
97,8,4.0009581425692886e-07,0.7582956883875299,0.13150437628020578,0.5744228116534387,0.0076968977227807045,0.0076968977227807045,False,False,False,1.0,1.0,1.0,1.0,0
97,10,3.032452468687552e-06,0.873722402809911,0.1378483834140104,0.5738758465807837,0.019726485013961792,0.019726485013961792,False,False,False,1.0,1.0,1.0,1.0,0
97,12,2.1988462322042324e-05,0.8135556766027383,0.12133042147467303,0.5758181519761231,0.028965339064598083,0.028965339064598083,False,False,False,1.0,1.0,1.0,1.0,0
97,14,0.00018121793982572854,0.8699521747516986,0.12136627395941765,0.5660950786539038,0.031759146600961685,0.031759146600961685,False,False,False,1.0,1.0,1.0,1.0,0
97,16,0.0014931390760466456,1.0129947836449384,0.12691453093555552,0.5600504739218757,0.030449576675891876,0.030449576675891876,False,False,False,1.0,1.0,1.0,1.0,0
97,18,0.011764908209443092,1.120251374380974,0.1468000690341979,0.5604655283487222,0.031416863203048706,0.031416863203048706,False,False,False,1.0,1.0,1.0,1.0,0
97,20,0.08014237880706787,0.9915466096885907,0.1440748162001215,0.5627313789746626,0.029430776834487915,0.029430776834487915,False,False,False,1.0,1.0,1.0,1.0,0
97,22,0.5562552809715271,1.030062290743044,1.0,0.5551603406268099,0.008304687216877937,0.008304687216877937,False,False,False,1.0,1.0,1.0,1.0,0
98,0,2.1771522362712403e-09,0.1819455298277801,0.17500707125330817,0.6186641794961467,0.016880769282579422,0.016880769282579422,False,True,False,1.0,1.0,1.5625,10.0,63
98,2,2.4403672416184463e-09,0.2067641013019843,0.09248044376973036,0.6173194691496855,0.012617209926247597,0.012617209926247597,False,True,False,1.0,1.0,1.5625,10.0,61
98,4,1.638792745950468e-08,0.7752188141386729,0.15068243100301115,0.5924072450637623,0.0006679565412923694,0.0006679565412923694,False,False,False,1.0,1.0,1.0,1.0,0
98,6,9.875805062620202e-08,1.146196475451877,0.14249661426386973,0.580611322116585,0.003130916506052017,0.003130916506052017,False,False,False,1.0,1.0,1.0,1.0,0
98,8,6.830554184489301e-07,1.316547762474337,0.14534899821690644,0.5725467573858298,0.013069813139736652,0.013069813139736652,False,False,False,1.0,1.0,1.0,1.0,0
98,10,4.689416073233588e-06,1.3622756791715263,0.13688987160377986,0.5728427748719311,0.031773947179317474,0.031773947179317474,False,False,False,1.0,1.0,1.0,1.0,0
98,12,3.424685201025568e-05,1.3017768954010314,0.1509114106098131,0.5756809872965369,0.041066061705350876,0.041066061705350876,False,False,False,1.0,1.0,1.0,1.0,0
98,14,0.00022692348284181207,1.1983054402194235,0.16085466407242818,0.5696065326458184,0.03811017796397209,0.03811017796397209,False,False,False,1.0,1.0,1.0,1.0,0
98,16,0.0014107261085882783,0.967200669435794,0.12779103163448688,0.5646385532115006,0.03219287842512131,0.03219287842512131,False,False,False,1.0,1.0,1.0,1.0,0
98,18,0.0110393101349473,1.0511601221815168,0.14818164404884202,0.5656193393877319,0.030036166310310364,0.030036166310310364,False,False,False,1.0,1.0,1.0,1.0,0
98,20,0.0744984894990921,0.9257318115741091,0.1317284243374187,0.5648473454260247,0.029715118929743767,0.029715118929743767,False,False,False,1.0,1.0,1.0,1.0,0
98,22,0.5655460357666016,1.0472667227625148,1.0,0.5628265011317382,0.00942483264952898,0.00942483264952898,False,False,False,1.0,1.0,1.0,1.0,0
99,0,2.1001496097738936e-09,0.17527209826476106,0.17666444471763562,0.6218717092729856,0.0169685035943985,0.0169685035943985,False,True,False,1.0,1.0,1.25,10.0,64
99,2,1.887788814158853e-09,0.15955209439128787,0.09329646604785424,0.6205541606766919,0.012888228520751,0.012888228520751,False,True,False,1.0,1.0,1.25,10.0,62
99,4,1.0234301406342183e-08,0.476118468399828,0.13179891002677896,0.5956791911204666,0.0004733331152237952,0.0004733331152237952,False,False,False,1.0,1.0,1.0,1.0,0
99,6,6.76508804531295e-08,0.7714285150454306,0.15426548443577312,0.5842763247448675,0.002314724028110504,0.002314724028110504,False,False,False,1.0,1.0,1.0,1.0,0
99,8,4.28535429364274e-07,0.8121968709214016,0.15468139273230164,0.5760511615170585,0.008920607157051563,0.008920607157051563,False,False,False,1.0,1.0,1.0,1.0,0
99,10,2.760439429039252e-06,0.7953489116995949,0.13089981938265488,0.576395917422715,0.019901029765605927,0.019901029765605927,False,False,False,1.0,1.0,1.0,1.0,0
99,12,2.1078183635836467e-05,0.7798760867520701,0.11823084968465714,0.5798073980469314,0.028876611962914467,0.028876611962914467,False,False,False,1.0,1.0,1.0,1.0,0
99,14,0.00017826989642344415,0.8557998409841585,0.11557458741152271,0.5856501148619631,0.03337765112519264,0.03337765112519264,False,False,False,1.0,1.0,1.0,1.0,0
99,16,0.0015424562152475119,1.0575154701402047,0.13546025416912413,0.5828584491268618,0.03395701199769974,0.03395701199769974,False,False,False,1.0,1.0,1.0,1.0,0
99,18,0.011386770755052567,1.0540316297595658,0.14549032356981054,0.5860852581535394,0.03395584598183632,0.03395584598183632,False,False,False,1.0,1.0,1.0,1.0,0
99,20,0.07826478779315948,0.9725325207715481,0.1467834420598993,0.5909136932361395,0.030153708532452583,0.030153708532452583,False,False,False,1.0,1.0,1.0,1.0,0
99,22,0.5331990122795105,0.9731412211673997,1.0,0.5848944854149875,0.008649359457194805,0.008649359457194805,False,False,False,1.0,1.0,1.0,1.0,0
100,0,1.8172976457009327e-09,0.15153437724360816,0.1567382195252139,0.6188926810880954,0.016760893166065216,0.016760893166065216,False,True,False,1.0,1.0,1.25,10.0,65
100,2,1.5944767728370834e-09,0.1344356508764472,0.08130422371787413,0.6175767399744899,0.012897733598947525,0.012897733598947525,False,True,False,1.0,1.0,1.25,10.0,63
100,4,9.611241580387286e-09,0.4546526898388733,0.12438198198041629,0.5925371787410703,0.0004632327181752771,0.0004632327181752771,False,False,False,1.0,1.0,1.0,1.0,0
100,6,6.727197643385807e-08,0.7675152595584352,0.14159916044686618,0.581008703980941,0.002424744190648198,0.002424744190648198,False,False,False,1.0,1.0,1.0,1.0,0
100,8,4.6508739615092054e-07,0.8879794236328166,0.1350342281430017,0.5726066821345371,0.010248429141938686,0.010248429141938686,False,False,False,1.0,1.0,1.0,1.0,0
100,10,3.434218569964287e-06,0.9894808679465487,0.14005468468063734,0.572826795695403,0.02584848739206791,0.02584848739206791,False,False,False,1.0,1.0,1.0,1.0,0
100,12,2.4510554794687778e-05,0.9316848718133408,0.13868499897849812,0.5762170986795392,0.03168278560042381,0.03168278560042381,False,False,False,1.0,1.0,1.0,1.0,0
100,14,0.00017672544345259666,0.9332267320348767,0.1359844426410099,0.5746864451143748,0.03368794918060303,0.03368794918060303,False,False,False,1.0,1.0,1.0,1.0,0
100,16,0.0012995904544368386,0.8910055253613544,0.13227393393896572,0.5716978563989721,0.030039822682738304,0.030039822682738304,False,False,False,1.0,1.0,1.0,1.0,0
100,18,0.009824982844293118,0.9094626477076416,0.1454923055807883,0.57188147202401,0.028815550729632378,0.028815550729632378,False,False,False,1.0,1.0,1.0,1.0,0
100,20,0.06752921640872955,0.852602938768848,0.12867074656968186,0.5690334727760458,0.026998266577720642,0.026998266577720642,False,False,False,1.0,1.0,1.0,1.0,0
100,22,0.5248218178749084,0.9715804996870756,1.0,0.5633639140288609,0.008657846599817276,0.008657846599817276,False,False,False,1.0,1.0,1.0,1.0,0
101,0,2.185597258730354e-09,0.18224484045886716,0.18129111800924497,0.6161849682248832,0.0167149156332016,0.0167149156332016,False,True,False,1.0,1.0,1.5625,10.0,66
101,2,2.05573269518311e-09,0.17332567498816245,0.08424015880545384,0.6149195062197546,0.012911331839859486,0.012911331839859486,False,True,False,1.0,1.0,1.5625,10.0,64
101,4,1.440323860180115e-08,0.6813345724305594,0.1360000268928345,0.5897782564820299,0.0006448699277825654,0.0006448699277825654,False,False,False,1.0,1.0,1.0,1.0,0
101,6,9.590614524768171e-08,1.0942064417476471,0.13581108536683026,0.5751471024189324,0.0032932404428720474,0.0032932404428720474,False,False,False,1.0,1.0,1.0,1.0,0
101,8,6.961731742194388e-07,1.3291855662143213,0.16534727296492013,0.5669670074195428,0.014352933503687382,0.014352933503687382,False,False,False,1.0,1.0,1.0,1.0,0
101,10,4.200369858153863e-06,1.210227458814838,0.14235366106474362,0.5703611997741308,0.031535353511571884,0.031535353511571884,False,False,False,1.0,1.0,1.0,1.0,0
101,12,2.9496581191779114e-05,1.126728290401202,0.1275089961402011,0.5730241985436737,0.03746062144637108,0.03746062144637108,False,False,False,1.0,1.0,1.0,1.0,0
101,14,0.0002313194127054885,1.2307185243389578,0.13067449755916016,0.5673242488214317,0.040391579270362854,0.040391579270362854,False,False,False,1.0,1.0,1.0,1.0,0
101,16,0.0017701855394989252,1.2191842493397154,0.14049819815906897,0.5639024922639009,0.03701360151171684,0.03701360151171684,False,False,False,1.0,1.0,1.0,1.0,0
101,18,0.012599336914718151,1.1662744344104368,0.14673976792336885,0.5634204277116663,0.034468553960323334,0.034468553960323334,False,False,False,1.0,1.0,1.0,1.0,0
101,20,0.08586176484823227,1.08406400859731,0.1368363572604854,0.5683250800689887,0.03271058201789856,0.03271058201789856,False,False,False,1.0,1.0,1.0,1.0,0
101,22,0.6274777054786682,1.1616230154074374,1.0,0.5652644738674707,0.009602535516023636,0.009602535516023636,False,False,False,1.0,1.0,1.0,1.0,0
102,0,1.8423574887904692e-09,0.15347838179415146,0.15400461283714909,0.6196817388289317,0.01666088216006756,0.01666088216006756,False,True,False,1.0,1.0,1.25,10.0,67
102,2,1.9630019831851087e-09,0.1651852136895291,0.08966440487152766,0.6184647730926714,0.01322179939597845,0.01322179939597845,False,True,False,1.0,1.0,1.25,10.0,65
102,4,1.1892767659560377e-08,0.5531438705310334,0.13284094122660786,0.5934197357129134,0.00061506760539487,0.00061506760539487,False,False,False,1.0,1.0,1.0,1.0,0
102,6,7.952637304242671e-08,0.8795581363259029,0.14035060592056264,0.5792082106811147,0.0031258328817784786,0.0031258328817784786,False,False,False,1.0,1.0,1.0,1.0,0
102,8,5.566265031120565e-07,1.027328897021769,0.13078019233828636,0.5709321705921127,0.013131379149854183,0.013131379149854183,False,False,False,1.0,1.0,1.0,1.0,0
102,10,4.24619884142885e-06,1.1851199318123846,0.14791606383012806,0.5777522410289949,0.03599769249558449,0.03599769249558449,False,False,False,1.0,1.0,1.0,1.0,0
102,12,2.8696813387796283e-05,1.0617593486129078,0.14522974464064625,0.577295051063808,0.039744336158037186,0.039744336158037186,False,False,False,1.0,1.0,1.0,1.0,0
102,14,0.00019758597773034126,0.9485283366108923,0.14883904622916297,0.5769712194647657,0.03985738381743431,0.03985738381743431,False,False,False,1.0,1.0,1.0,1.0,0
102,16,0.0013275044038891792,0.8799765473298014,0.13189354655145308,0.574474238146679,0.033518072217702866,0.033518072217702866,False,False,False,1.0,1.0,1.0,1.0,0
102,18,0.010064958594739437,0.8976111044990039,0.13748128980186983,0.571178998645773,0.0340132974088192,0.0340132974088192,False,False,False,1.0,1.0,1.0,1.0,0
102,20,0.07320965081453323,0.9097164671247694,0.1334287530984122,0.569617842505336,0.03109801933169365,0.03109801933169365,False,False,False,1.0,1.0,1.0,1.0,0
102,22,0.5486797094345093,1.0013950329468577,1.0,0.5667084696909782,0.009975259192287922,0.009975259192287922,False,False,False,1.0,1.0,1.0,1.0,0
103,0,1.8532452239483632e-09,0.1543853892471588,0.1634012237338263,0.6168990497040489,0.016634831205010414,0.016634831205010414,False,True,False,1.0,1.0,1.25,10.0,68
103,2,1.3416850963565707e-09,0.11263052784234297,0.08533909079089767,0.6156975900677758,0.013245388865470886,0.013245388865470886,False,True,False,1.0,1.0,1.25,10.0,66
103,4,5.721811469072691e-09,0.26475727151605777,0.11612089582912022,0.5874109286980638,0.0019032637355849147,0.0019032637355849147,False,True,False,1.0,1.0,1.25,1.05,1
103,6,3.9274606677963675e-08,0.4395358227901328,0.12125541441698368,0.5730903452141796,0.0018220760393887758,0.0018220760393887758,False,False,False,0.9,1.0,1.0,1.0,0
103,8,3.1389981813845225e-07,0.5793442319770225,0.1320364263599252,0.5712686765144713,0.009040875360369682,0.009040875360369682,False,False,False,0.9,1.0,1.0,1.0,0
103,10,2.3673728719586506e-06,0.6597165844361431,0.14113853057219958,0.5781308850728106,0.02512213960289955,0.02512213960289955,False,False,False,0.9,1.0,1.0,1.0,0
103,12,1.676339888945222e-05,0.6202324712810193,0.13760588991414643,0.5751482918418126,0.02553149126470089,0.02553149126470089,False,False,False,0.9,1.0,1.0,1.0,0
103,14,0.00012181181227788329,0.628773726963749,0.13746158378347687,0.5910246834701884,0.028127960860729218,0.028127960860729218,False,False,False,0.9,1.0,1.0,1.0,0
103,16,0.0008861416717991233,0.6103145375635979,0.13351744110392597,0.5905689923578855,0.023902082815766335,0.023902082815766335,False,False,False,0.9,1.0,1.0,1.0,0
103,18,0.00663688825443387,0.614352417716761,0.13305391093049665,0.5918471124766471,0.02419203706085682,0.02419203706085682,False,False,False,0.9,1.0,1.0,1.0,0
103,20,0.049881186336278915,0.6297843855047335,0.12595427607536827,0.5961517170123124,0.02490939386188984,0.02490939386188984,False,False,False,0.9,1.0,1.0,1.0,0
103,22,0.3960261344909668,0.7217778839739301,1.0,0.5851619500857248,0.007123112678527832,0.007123112678527832,False,False,False,0.9,1.0,1.0,1.0,0
104,0,2.0704611358723923e-09,0.17248065407218888,0.1734352646009318,0.6144472233279531,0.016619840636849403,0.016619840636849403,False,True,False,1.0,1.0,1.25,10.0,69
104,2,1.9379478022329977e-09,0.16268503279133265,0.08985283644633543,0.613118620235365,0.013340555131435394,0.013340555131435394,False,True,False,1.0,1.0,1.25,10.0,67
104,4,1.1568020319430161e-08,0.54003238274848,0.13882792885987918,0.5807092328192162,0.000502464477904141,0.000502464477904141,False,False,True,0.9,1.0,1.0,1.0,0
104,6,7.332631923873123e-08,0.8206204157061905,0.12488830153309169,0.5720609484709404,0.0024245211388915777,0.0024245211388915777,False,False,False,0.81,1.0,1.0,1.0,0
104,8,5.77135210733104e-07,1.0651804686984256,0.15414509004303442,0.5706194192471886,0.012396959587931633,0.012396959587931633,False,False,False,0.81,1.0,1.0,1.0,0
104,10,3.7341037568694446e-06,1.0758849942355502,0.1385914637723901,0.5776582487123842,0.029246848076581955,0.029246848076581955,False,False,False,0.81,1.0,1.0,1.0,0
104,12,2.693324495339766e-05,1.028812418767918,0.12626046193727214,0.5740774400822982,0.03667300194501877,0.03667300194501877,False,False,False,0.81,1.0,1.0,1.0,0
104,14,0.00021330495656002313,1.134873888452979,0.13229640002984688,0.5769726209030385,0.03978513553738594,0.03978513553738594,False,False,False,0.81,1.0,1.0,1.0,0
104,16,0.0016123162349686027,1.1608212106328895,0.13354841002049087,0.5685478163383876,0.033211227506399155,0.033211227506399155,False,False,False,0.81,1.0,1.0,1.0,0
104,18,0.012072887271642685,1.1495770572989872,0.14774019948325984,0.5730139032197906,0.03475339710712433,0.03475339710712433,False,False,False,0.81,1.0,1.0,1.0,0
104,20,0.08171699941158295,1.0459221987999776,0.15177053047774744,0.578317452405869,0.032656021416187286,0.032656021416187286,False,False,False,0.81,1.0,1.0,1.0,0
104,22,0.5384246706962585,0.9953512347293795,1.0,0.5647584169448924,0.008173104375600815,0.008173104375600815,False,False,False,0.81,0.9,1.0,1.0,0
105,0,2.6395150509728182e-09,0.21919611415020446,0.20126455399659154,0.6122410405154368,0.016852330416440964,0.016852330416440964,False,True,False,1.0,1.0,1.5625,10.0,70
105,2,3.1146543122417825e-09,0.26091677118323736,0.11158855604548411,0.6109486262686971,0.014041087590157986,0.014041087590157986,False,True,False,1.0,1.0,1.5625,10.0,68
105,4,1.7911951033511286e-08,0.8242810066936723,0.13596865962137816,0.5786154801730665,0.0007699150592088699,0.0007699150592088699,False,False,False,0.9720000000000001,1.0,1.0,1.0,0
105,6,1.2173588004316116e-07,1.3623886965079088,0.14988343169726995,0.5700543414058599,0.004010920878499746,0.004010920878499746,False,False,False,0.8748000000000001,1.0,1.0,1.0,0
105,8,8.022037150112737e-07,1.4354496692875869,0.14855200699999688,0.5688877777274733,0.017164679244160652,0.017164679244160652,False,False,False,0.8748000000000001,1.0,1.0,1.0,0
105,10,5.390154001361225e-06,1.4904473147988944,0.1414989547084362,0.5761608651424375,0.0427621528506279,0.0427621528506279,False,False,False,0.8748000000000001,1.0,1.0,1.0,0
105,12,3.808324254350737e-05,1.413820602008675,0.14210636251588582,0.5733542978746602,0.05157700926065445,0.05157700926065445,False,False,False,0.8748000000000001,1.0,1.0,1.0,0
105,14,0.0002679811150301248,1.383277050907043,0.12947078164764014,0.5814613778561161,0.050362784415483475,0.050362784415483475,False,False,False,0.8748000000000001,1.0,1.0,1.0,0
105,16,0.002069809241220355,1.425544819865577,0.12359530856155271,0.5841280100676306,0.04251183941960335,0.04251183941960335,False,False,False,0.8748000000000001,1.0,1.0,1.0,0
105,18,0.016746655106544495,1.550176477131594,0.14489486396780926,0.5862731906614367,0.05025480315089226,0.05025480315089226,False,False,False,0.8748000000000001,1.0,1.0,1.0,0
105,20,0.11557796597480774,1.45925154603613,0.13393296263637208,0.5842100231210223,0.044191647320985794,0.044191647320985794,False,False,False,0.8748000000000001,0.9572727272727274,1.0,1.0,0
105,22,0.8629538416862488,1.58761907611163,1.0,0.569402758875576,0.012187090702354908,0.012187090702354908,False,False,False,0.8748000000000001,0.81,1.0,1.0,0
106,0,1.8966987980206795e-09,0.15714919527164237,0.15788931927530137,0.616075968611449,0.016768639907240868,0.016768639907240868,False,True,False,1.0,1.0,1.25,10.0,71
106,2,2.0128378963590876e-09,0.16843162421830732,0.08780794988981579,0.6148433992652226,0.013628155924379826,0.013628155924379826,False,True,False,1.0,1.0,1.25,10.0,69
106,4,1.2923185188640218e-08,0.5827657642389933,0.14114413124398104,0.583091331601631,0.000477741239592433,0.000477741239592433,False,False,False,0.8748000000000001,1.0,1.0,1.0,0
106,6,8.156020214755699e-08,0.9003430594593379,0.15109095613203313,0.5752252186001011,0.0023068957962095737,0.0023068957962095737,False,False,False,0.7873200000000001,1.0,1.0,1.0,0
106,8,5.298086307448102e-07,0.9184021698537878,0.1528974626518897,0.5741851938198015,0.010401698760688305,0.010401698760688305,False,False,False,0.7873200000000001,1.0,1.0,1.0,0
106,10,3.4551237604318885e-06,0.880975330458548,0.14563818979544085,0.5816873205721188,0.02466452680528164,0.02466452680528164,False,False,False,0.7873200000000001,1.0,1.0,1.0,0
106,12,2.3714022972853854e-05,0.8771780218795124,0.13942376521969102,0.5760234760165971,0.02753077819943428,0.02753077819943428,False,False,False,0.7873200000000001,1.0,1.0,1.0,0
106,14,0.00017007594578899443,0.8277995623684848,0.1535060430278671,0.5668913560681194,0.027419939637184143,0.027419939637184143,False,False,False,0.7873200000000001,1.0,1.0,1.0,0
106,16,0.0011079329997301102,0.7344269841357466,0.1508207317046538,0.5587691401457234,0.02376849576830864,0.02376849576830864,False,False,False,0.7873200000000001,1.0,1.0,1.0,0
106,18,0.007346015889197588,0.6551309052991272,0.13683129217381465,0.5689508779121584,0.02254682406783104,0.02254682406783104,False,False,False,0.7873200000000001,1.0,1.0,1.0,0
106,20,0.053686656057834625,0.6671201752403455,0.14281553730118227,0.5705253334615265,0.022562868893146515,0.022562868893146515,False,False,False,0.7873200000000001,1.0,1.0,1.0,0
106,22,0.375916063785553,0.6851262516290683,1.0,0.5550849923773912,0.005850720219314098,0.005850720219314098,False,False,False,0.7873200000000001,0.8748000000000001,1.0,1.0,0
107,0,2.148616395913905e-09,0.1784298841600336,0.18616744503721744,0.6136431114533615,0.016744278371334076,0.016744278371334076,False,True,False,1.0,1.0,1.5625,10.0,72
107,2,1.5413110787676487e-09,0.12857201970911314,0.09380491526473737,0.6124564967370412,0.013534089550375938,0.013534089550375938,False,True,False,1.0,1.0,1.5625,10.0,70
107,4,6.431026822184549e-09,0.2834198022489147,0.11744168944350805,0.5807718727002188,0.0013437967281788588,0.0013437967281788588,False,True,False,0.9447840000000002,1.0,1.25,1.2,1
107,6,4.4759318029719e-08,0.49434164827249694,0.1398149553146243,0.5695091553891911,0.0010647494345903397,0.0010647494345903397,False,False,False,0.8503056000000002,1.0,1.0,1.0,0
107,8,3.101325489751616e-07,0.5376024273531799,0.13034861709413115,0.5684911052409468,0.005081033334136009,0.005081033334136009,False,False,False,0.8503056000000002,1.0,1.0,1.0,0
107,10,2.369254616496619e-06,0.6041042270646895,0.1483163387511936,0.5760389645398629,0.015715548768639565,0.015715548768639565,False,False,False,0.8503056000000002,1.0,1.0,1.0,0
107,12,1.5964333215379156e-05,0.5905182029435485,0.13276688441185577,0.5715590598972641,0.017712784931063652,0.017712784931063652,False,False,False,0.8503056000000002,1.0,1.0,1.0,0
107,14,0.00012023333692923188,0.5852038818916934,0.13682387030461307,0.5748774602322143,0.017201915383338928,0.017201915383338928,False,False,False,0.8503056000000002,1.0,1.0,1.0,0
107,16,0.0008787353290244937,0.5824963582691388,0.13499692858622397,0.5699771657628763,0.014923105016350746,0.014923105016350746,False,False,False,0.8503056000000002,1.0,1.0,1.0,0
107,18,0.006509288679808378,0.5805100683116045,0.14917345922530598,0.5731463633533698,0.015885090455412865,0.015885090455412865,False,False,False,0.8503056000000002,1.0,1.0,1.0,0
107,20,0.043635692447423935,0.550930717020402,0.14404809648143357,0.57911033590977,0.015462816692888737,0.015462816692888737,False,False,False,0.8503056000000002,0.9304690909090911,1.0,1.0,0
107,22,0.3029244542121887,0.552095310190238,1.0,0.5600525237824558,0.004171144217252731,0.004171144217252731,False,False,False,0.8503056000000002,0.7873200000000001,1.0,1.0,0
108,0,2.10027883973396e-09,0.17440057966262676,0.17515914631880405,0.6173851663474502,0.016830896958708763,0.016830896958708763,False,True,False,1.0,1.0,1.953125,10.0,73
108,2,1.9906889470178157e-09,0.16657822930805274,0.09014826607268218,0.6161217448474454,0.013702381402254105,0.013702381402254105,False,True,False,1.0,1.0,1.953125,10.0,71
108,4,1.2082387534917416e-08,0.5448503370366631,0.14028287416341967,0.5837412151703406,0.000546669471077621,0.000546669471077621,False,False,True,1.0,1.0,1.0,1.0,0
108,6,7.612874242113321e-08,0.8519833110594957,0.1328520497819871,0.571918360705448,0.0024941125884652138,0.0024941125884652138,False,False,False,0.9183300480000003,1.0,1.0,1.0,0
108,8,5.630340069728845e-07,1.007483465837021,0.1528092737562354,0.570764083790279,0.012546423822641373,0.012546423822641373,False,False,False,0.9183300480000003,1.0,1.0,1.0,0
108,10,3.674553909149836e-06,1.0160616942657046,0.14025343815951044,0.5785664994514713,0.029673712328076363,0.029673712328076363,False,False,False,0.9183300480000003,1.0,1.0,1.0,0
108,12,2.6189385607722215e-05,0.9722673399946541,0.11634155163974029,0.5731099113003006,0.036447931081056595,0.036447931081056595,False,False,False,0.9183300480000003,1.0,1.0,1.0,0
108,14,0.00022509775590151548,1.09560363143052,0.14302851363791863,0.5620590947991073,0.038648951798677444,0.038648951798677444,False,False,False,0.9183300480000003,1.0,1.0,1.0,0
108,16,0.0015737863723188639,1.0432320179809051,0.12088065817806731,0.548076652669758,0.03185615688562393,0.03185615688562393,False,False,False,0.9183300480000003,1.0,1.0,1.0,0
108,18,0.013019329868257046,1.1610872466967772,0.14953138602721674,0.5521151904475782,0.03754149749875069,0.03754149749875069,False,False,False,0.9183300480000003,1.0,1.0,1.0,0
108,20,0.08706752955913544,1.0992876198081594,0.13787577932866563,0.553940785360814,0.03441312536597252,0.03441312536597252,False,False,False,0.9183300480000003,1.0,1.0,1.0,0
108,22,0.631492555141449,1.1509274780088583,1.0,0.5454082934386206,0.009824533015489578,0.009824533015489578,False,False,False,0.9183300480000003,0.8503056000000002,1.0,1.0,0
109,0,2.5467499220610534e-09,0.21073111878397902,0.20361824262713948,0.6207484701678657,0.01912112720310688,0.01912112720310688,False,True,False,1.0,1.0,1.5625,10.0,74
109,2,2.507474228252704e-09,0.20936015543984995,0.09549315861662963,0.6194990933012038,0.01591503620147705,0.01591503620147705,False,True,False,1.0,1.0,1.5625,10.0,72
109,4,1.6258155710602296e-08,0.7300337020911478,0.13820260106045287,0.5873242069905231,0.0007319081923924387,0.0007319081923924387,False,False,False,1.0,1.0,1.0,1.0,0
109,6,1.0764001245888721e-07,1.2046369255634815,0.14558894531784092,0.5722887339999713,0.003344785887748003,0.003344785887748003,False,False,False,0.9917964518400004,1.0,1.0,1.0,0
109,8,7.293419344023278e-07,1.279928413678155,0.14138587884064815,0.5712929434389943,0.014701622538268566,0.014701622538268566,False,False,False,0.9917964518400004,1.0,1.0,1.0,0
109,10,5.148520358488895e-06,1.386124005159005,0.12533019524186478,0.5789677363113511,0.03736620023846626,0.03736620023846626,False,False,False,0.9917964518400004,1.0,1.0,1.0,0
109,12,4.106964843231253e-05,1.5456385202865677,0.1438060480388722,0.573982753615961,0.0456145703792572,0.0456145703792572,False,False,False,0.9917964518400004,1.0,1.0,1.0,0
109,14,0.00028558055055327713,1.3899875944964546,0.1476029613308416,0.5795348299147182,0.04768124222755432,0.04768124222755432,False,False,False,0.9917964518400004,1.0,1.0,1.0,0
109,16,0.0019347787601873279,1.282526768460204,0.13560224102920584,0.5733890680356553,0.03977781906723976,0.03977781906723976,False,False,False,0.9917964518400004,1.0,1.0,1.0,0
109,18,0.014268034137785435,1.272448938651459,0.15948375774753032,0.5750780023870603,0.037998542189598083,0.037998542189598083,False,False,False,0.9917964518400004,1.0,1.0,1.0,0
109,20,0.08946385979652405,1.1295429420421972,0.1422202434095502,0.5717068992353178,0.03527460992336273,0.03527460992336273,False,False,False,0.9917964518400004,1.0,1.0,1.0,0
109,22,0.6290515065193176,1.1386181675013565,1.0,0.5643402210409987,0.00986692775040865,0.00986692775040865,False,False,False,0.9917964518400004,0.9183300480000003,1.0,1.0,0
110,0,2.0020718416446925e-09,0.16566166761055587,0.15978522053142072,0.6177588595373162,0.016997743397951126,0.016997743397951126,False,True,False,1.0,1.0,1.953125,10.0,75
110,2,2.529768616810202e-09,0.2112216129181534,0.095166569648655,0.616678957920386,0.01451912522315979,0.01451912522315979,False,True,False,1.0,1.0,1.953125,10.0,73
110,4,1.6582534456688336e-08,0.7445991559532025,0.1455103275085706,0.5877459718148553,0.0008449838496744633,0.0008449838496744633,False,False,False,1.0,1.0,1.0,1.0,0
110,6,1.0396122007705344e-07,1.1634662768111763,0.14593916928510303,0.5696892290658396,0.003576221177354455,0.003576221177354455,False,False,False,1.0,1.0,1.0,1.0,0
110,8,7.023599550848303e-07,1.2325775068445288,0.1476913985938675,0.568497502327997,0.015427256003022194,0.015427256003022194,False,False,False,1.0,1.0,1.0,1.0,0
110,10,4.7455914682359435e-06,1.2776444094182942,0.14911145056454705,0.5759733997307943,0.03735269978642464,0.03735269978642464,False,False,False,1.0,1.0,1.0,1.0,0
110,12,3.18158017762471e-05,1.1973739892177684,0.13278846263067345,0.5723939020606186,0.03845445439219475,0.03845445439219475,False,False,False,1.0,1.0,1.0,1.0,0
110,14,0.0002395876363152638,1.1661292816606463,0.1434034501992342,0.5918692633500867,0.03997839614748955,0.03997839614748955,False,False,False,1.0,1.0,1.0,1.0,0
110,16,0.001670714351348579,1.1074836679764442,0.14737045301589144,0.5872862905449849,0.03427905589342117,0.03427905589342117,False,False,False,1.0,1.0,1.0,1.0,0
110,18,0.011336823925375938,1.0110383415274118,0.15778525067335195,0.5931096602823812,0.035670697689056396,0.035670697689056396,False,False,False,1.0,1.0,1.0,1.0,0
110,20,0.07184969633817673,0.907151978142305,0.14380498142917642,0.5924493974028985,0.031115585938096046,0.031115585938096046,False,False,False,1.0,1.0,1.0,1.0,0
110,22,0.499632865190506,0.904363238130479,1.0,0.5860134827186342,0.008552533574402332,0.008552533574402332,False,False,False,1.0,0.9917964518400004,1.0,1.0,0
111,0,2.2378183750504377e-09,0.18582143209037413,0.1767963350379848,0.62109073393701,0.018878746777772903,0.018878746777772903,False,True,False,1.0,1.0,2.44140625,10.0,76
111,2,2.657606135159085e-09,0.221895334869512,0.09691522942748616,0.6200837834561516,0.015657784417271614,0.015657784417271614,False,True,False,1.0,1.0,2.44140625,10.0,74
111,4,1.742196609200164e-08,0.7822918312657269,0.1538571349364732,0.5912447468601332,0.0005693176062777638,0.0005693176062777638,False,False,False,1.0,1.0,1.0,1.0,0
111,6,1.032346972351661e-07,1.1553355062676751,0.15237965964983358,0.5735065604509321,0.0023653400130569935,0.0023653400130569935,False,False,False,1.0,1.0,1.0,1.0,0
111,8,6.674834480691061e-07,1.1713724256697413,0.14984635613785377,0.5725087171225723,0.010091409087181091,0.010091409087181091,False,False,False,1.0,1.0,1.0,1.0,0
111,10,4.444452315510716e-06,1.1965694248749303,0.13571636245661853,0.5799408150913784,0.025731371715664864,0.025731371715664864,False,False,False,1.0,1.0,1.0,1.0,0
111,12,3.2738094887463376e-05,1.2320840930074382,0.13926086078650893,0.5704621691083772,0.029466766864061356,0.029466766864061356,False,False,False,1.0,1.0,1.0,1.0,0
111,14,0.00023507467994932085,1.1441636633753274,0.159312430968961,0.5510689377555468,0.028113454580307007,0.028113454580307007,False,False,False,1.0,1.0,1.0,1.0,0
111,16,0.0014755476731806993,0.9781115174172099,0.13921524092604207,0.5408772127950929,0.02121106907725334,0.02121106907725334,False,False,False,1.0,1.0,1.0,1.0,0
111,18,0.010599028319120407,0.947350316819127,0.1553446116857782,0.5473864914617896,0.02313779853284359,0.02313779853284359,False,False,False,1.0,1.0,1.0,1.0,0
111,20,0.06822912395000458,0.8732865359452953,0.13609389430153482,0.5496151119937429,0.020885808393359184,0.020885808393359184,False,False,False,1.0,1.0,1.0,1.0,0
111,22,0.5013386011123657,0.9137152403601971,1.0,0.5452464885702494,0.006448748521506786,0.006448748521506786,False,False,False,1.0,1.0,1.0,1.0,0
112,0,2.29392393968908e-09,0.1898110034395611,0.18773522200560472,0.6240577151954891,0.02376958727836609,0.02376958727836609,False,True,False,1.0,1.0,1.953125,10.0,77
112,2,2.2189321491339342e-09,0.1852684962496622,0.10133492333816621,0.62296285175004,0.01982284151017666,0.01982284151017666,False,True,False,1.0,1.0,1.953125,10.0,75
112,4,1.1897013152406544e-08,0.5342069980185149,0.14409044606042493,0.5939686025177675,0.0004500772920437157,0.0004500772920437157,False,False,False,1.0,1.0,1.0,1.0,0
112,6,7.256628720142544e-08,0.8121146320683496,0.13766822403977352,0.5765739344292691,0.0018929049838334322,0.0018929049838334322,False,False,False,1.0,1.0,1.0,1.0,0
112,8,5.171099246581434e-07,0.9074806402120614,0.1488077172053638,0.5757450341055746,0.008672515861690044,0.008672515861690044,False,False,False,1.0,1.0,1.0,1.0,0
112,10,3.4650208817765815e-06,0.9328794077095619,0.1634580933389523,0.5832183278949432,0.022185368463397026,0.022185368463397026,False,False,False,1.0,1.0,1.0,1.0,0
112,12,2.118822158081457e-05,0.7974095883885831,0.1187321317452561,0.5771655032657484,0.022671258077025414,0.022671258077025414,False,False,False,1.0,1.0,1.0,1.0,0
112,14,0.0001784439809853211,0.8685287545024353,0.13282682903485668,0.5903941525594385,0.02484467811882496,0.02484467811882496,False,False,False,1.0,1.0,1.0,1.0,0
112,16,0.001343423267826438,0.9050562290641109,0.140069460066005,0.5877256259990861,0.022114070132374763,0.022114070132374763,False,False,False,1.0,1.0,1.0,1.0,0
112,18,0.009591111913323402,0.8864916378645542,0.15207576822330476,0.5891609737751096,0.022989461198449135,0.022989461198449135,False,False,False,1.0,1.0,1.0,1.0,0
112,20,0.0630679726600647,0.827164470181413,0.1413053861715268,0.591363938712121,0.022997049614787102,0.022997049614787102,False,False,False,1.0,1.0,1.0,1.0,0
112,22,0.4463239014148712,0.8211242661904098,1.0,0.5802695446983086,0.0063479249365627766,0.0063479249365627766,False,False,False,1.0,1.0,1.0,1.0,0
113,0,1.80205927957644e-09,0.14892788227582698,0.15703202350024964,0.6208418934416216,0.018907932564616203,0.018907932564616203,False,True,False,1.0,1.0,1.5625,10.0,78
113,2,1.4757438604462436e-09,0.1229605857568746,0.08563630949813401,0.6198064364851232,0.015715042129158974,0.015715042129158974,False,True,False,1.0,1.0,1.5625,10.0,76
113,4,7.232688670200105e-09,0.32476663281897417,0.13202375169332217,0.5876993115661714,0.00028369054780341685,0.00028369054780341685,False,False,False,1.0,1.0,1.0,1.0,0
113,6,4.478323845091836e-08,0.5011848424385466,0.13161904529790788,0.5701830381980072,0.0010905310045927763,0.0010905310045927763,False,False,False,1.0,1.0,1.0,1.0,0
113,8,3.3024892331923184e-07,0.5795566669141107,0.14668415324184447,0.5726951128124559,0.005459509789943695,0.005459509789943695,False,False,False,1.0,1.0,1.0,1.0,0
113,10,2.241428774141241e-06,0.603454587601782,0.1516629032560091,0.5800977104693132,0.0140640027821064,0.0140640027821064,False,False,False,1.0,1.0,1.0,1.0,0
113,12,1.4769017980142962e-05,0.5558256271547177,0.1389772391830322,0.5730905466327773,0.015796314924955368,0.015796314924955368,False,False,False,1.0,1.0,1.0,1.0,0
113,14,0.00010625932918628678,0.5171891050784262,0.12645711633196846,0.5822527155524306,0.014595326036214828,0.014595326036214828,False,False,False,1.0,1.0,1.0,1.0,0
113,16,0.0008402695530094206,0.5660845775542598,0.12285155008471797,0.5796761946551665,0.01361559797078371,0.01361559797078371,False,False,False,1.0,1.0,1.0,1.0,0
113,18,0.00683970469981432,0.63218332521232,0.1379138861172195,0.5822176628086623,0.016005242243409157,0.016005242243409157,False,False,False,1.0,1.0,1.0,1.0,0
113,20,0.04959401488304138,0.6504475300959826,0.14127202225555519,0.5805136876163627,0.015356526710093021,0.015356526710093021,False,False,False,1.0,1.0,1.0,1.0,0
113,22,0.3510533273220062,0.6458502555592232,1.0,0.5754191596023038,0.004372041672468185,0.004372041672468185,False,False,False,1.0,1.0,1.0,1.0,0
114,0,1.922104475582387e-09,0.1588487972097432,0.16637005536723268,0.6179222410664544,0.01687503047287464,0.01687503047287464,False,True,False,1.0,1.0,1.953125,10.0,79
114,2,1.5531876895735763e-09,0.12941328994760906,0.08598415453484873,0.6168230452409283,0.014125675894320011,0.014125675894320011,False,True,False,1.0,1.0,1.953125,10.0,77
114,4,8.063650192013938e-09,0.36670123130341326,0.1149236561623232,0.5872748215270387,0.0003919901209883392,0.0003919901209883392,False,False,False,1.0,1.0,1.0,1.0,0
114,6,6.016527720476006e-08,0.6850387140275627,0.143278802566009,0.5690943359019119,0.0018643412040546536,0.0018643412040546536,False,False,False,1.0,1.0,1.0,1.0,0
114,8,4.099175043847936e-07,0.7193677428627261,0.12759808786855317,0.5684183511620728,0.008707491680979729,0.008707491680979729,False,False,False,1.0,1.0,1.0,1.0,0
114,10,3.202567768312292e-06,0.8622197743642749,0.11696504008486917,0.5758067339789877,0.02452765218913555,0.02452765218913555,False,False,False,1.0,1.0,1.0,1.0,0
114,12,2.7370555471861735e-05,1.0300790601768417,0.13862442954121817,0.5682054698015799,0.0301040131598711,0.0301040131598711,False,False,False,1.0,1.0,1.0,1.0,0
114,14,0.0001974339538719505,0.9609574114298775,0.13704589755131802,0.5686649265314688,0.030343366786837578,0.030343366786837578,False,False,False,1.0,1.0,1.0,1.0,0
114,16,0.001440631109289825,0.9705445710761247,0.13732779479937743,0.5612417332540639,0.027312474325299263,0.027312474325299263,False,False,False,1.0,1.0,1.0,1.0,0
114,18,0.010490445420145988,0.9696156427405825,0.1554494604889719,0.5686705231024402,0.028040993958711624,0.028040993958711624,False,False,False,1.0,1.0,1.0,1.0,0
114,20,0.06748459488153458,0.9137558106234089,0.12905468636154557,0.566969952456544,0.02637617103755474,0.02637617103755474,False,False,False,1.0,1.0,1.0,1.0,0
114,22,0.522914707660675,0.9759297152696498,1.0,0.5654849464086562,0.008376349695026875,0.008376349695026875,False,False,False,1.0,1.0,1.0,1.0,0
115,0,2.0729580274547743e-09,0.17152715330771395,0.1767566750980759,0.6212167664252998,0.018915316089987755,0.018915316089987755,False,True,False,1.0,1.0,1.5625,10.0,80
115,2,1.7277496100476242e-09,0.14425748541901115,0.09453367006235851,0.6200956821770073,0.015944557264447212,0.015944557264447212,False,True,False,1.0,1.0,1.5625,10.0,78
115,4,8.276552776464996e-09,0.37801298033458847,0.13632561493452977,0.590368651226716,0.0003973121347371489,0.0003973121347371489,False,False,False,1.0,1.0,1.0,1.0,0
115,6,5.071164821401908e-08,0.5952688270753097,0.13709358661849474,0.569171287648889,0.0015042541781440377,0.0015042541781440377,False,False,False,1.0,1.0,1.0,1.0,0
115,8,3.5990532865071145e-07,0.6505674262098593,0.145141851126101,0.5685762032132595,0.006621557287871838,0.006621557287871838,False,False,False,1.0,1.0,1.0,1.0,0
115,10,2.4696798845980084e-06,0.6898956870254142,0.15920725990644452,0.576251721865198,0.01584610901772976,0.01584610901772976,False,False,False,1.0,1.0,1.0,1.0,0
115,12,1.5502357200603e-05,0.5834245326931485,0.12806587283090098,0.5712237263332524,0.017530223354697227,0.017530223354697227,False,False,False,1.0,1.0,1.0,1.0,0
115,14,0.0001210398695548065,0.6127981496142215,0.1383314427139655,0.5590980709742519,0.016604352742433548,0.016604352742433548,False,False,False,1.0,1.0,1.0,1.0,0
115,16,0.0008749889675527811,0.6000886995855024,0.12469207733778863,0.5464037680836559,0.013902081176638603,0.013902081176638603,False,False,False,1.0,1.0,1.0,1.0,0
115,18,0.007017187774181366,0.6485878112313306,0.15147231920168022,0.550100622278694,0.015334867872297764,0.015334867872297764,False,False,False,1.0,1.0,1.0,1.0,0
115,20,0.04632652550935745,0.6387250464230637,0.13791407921197135,0.5539498082237241,0.01546381413936615,0.01546381413936615,False,False,False,1.0,1.0,1.0,1.0,0
115,22,0.33590859174728394,0.6349753725519829,1.0,0.5543209546098707,0.0048960293643176556,0.0048960293643176556,False,False,False,1.0,1.0,1.0,1.0,0
116,0,2.181862468475515e-09,0.18051981575718123,0.18167081366899113,0.6183146427273776,0.01699300855398178,0.01699300855398178,False,True,False,1.0,1.0,1.953125,10.0,81
116,2,2.009977961847653e-09,0.16782198348508337,0.10017475177111074,0.6171372246399112,0.01454845629632473,0.01454845629632473,False,True,False,1.0,1.0,1.953125,10.0,79
116,4,1.006471617159832e-08,0.4596833318173551,0.13188492701946214,0.5902502470365977,0.000506789016071707,0.000506789016071707,False,False,False,1.0,1.0,1.0,1.0,0
116,6,6.631437798887418e-08,0.7826780426539575,0.1308765987489355,0.5685792282998557,0.002119269920513034,0.002119269920513034,False,False,False,1.0,1.0,1.0,1.0,0
116,8,4.966939286532579e-07,0.8978274703223811,0.15213299008194262,0.5681433938208955,0.010651408694684505,0.010651408694684505,False,False,False,1.0,1.0,1.0,1.0,0
116,10,3.2548666695220163e-06,0.9092346304272215,0.14115191167318858,0.5757022114865529,0.025755124166607857,0.025755124166607857,False,False,False,1.0,1.0,1.0,1.0,0
116,12,2.3049316951073706e-05,0.8674511106319606,0.13306845502574427,0.5676501955845191,0.02844012901186943,0.02844012901186943,False,False,False,1.0,1.0,1.0,1.0,0
116,14,0.00017320398183073848,0.8768935389808258,0.1324673268794234,0.564775928932583,0.029688581824302673,0.029688581824302673,False,False,False,1.0,1.0,1.0,1.0,0
116,16,0.0013075122842565179,0.8967237021811175,0.12564492708091263,0.5550451704500579,0.02519811876118183,0.02519811876118183,False,False,False,1.0,1.0,1.0,1.0,0
116,18,0.01040639728307724,0.9618472034435666,0.12985741259762099,0.5653712560522123,0.02863042987883091,0.02863042987883091,False,False,False,1.0,1.0,1.0,1.0,0
116,20,0.08013709634542465,1.1048868876018332,0.14591000164202944,0.5691970158892048,0.031213993206620216,0.031213993206620216,False,False,False,1.0,1.0,1.0,1.0,0
116,22,0.5492227673530579,1.0382078335656586,1.0,0.5696140429618625,0.009003624320030212,0.009003624320030212,False,False,False,1.0,1.0,1.0,1.0,0
117,0,2.138758503633653e-09,0.1769535415744214,0.18200746286517713,0.6215675012240519,0.01905324123799801,0.01905324123799801,False,True,False,1.0,1.0,2.44140625,10.0,82
117,2,1.7509385052960624e-09,0.14619362923217188,0.09772876366414958,0.6204372366267022,0.016415370628237724,0.016415370628237724,False,True,False,1.0,1.0,2.44140625,10.0,80
117,4,7.916306721256205e-09,0.36429651137862673,0.13634428167095666,0.5935704542376815,0.00042340904474258423,0.00042340904474258423,False,False,False,1.0,1.0,1.0,1.0,0
117,6,4.8061156832091e-08,0.5794249407905754,0.13052883124569395,0.575156381060064,0.0015886372420936823,0.0015886372420936823,False,False,False,1.0,1.0,1.0,1.0,0
117,8,3.582033798466e-07,0.6714727718111788,0.15114409983075247,0.5746907488030556,0.007842891849577427,0.007842891849577427,False,False,False,1.0,1.0,1.0,1.0,0
117,10,2.3599461655976484e-06,0.6800855853190616,0.16171969061436914,0.582159785829908,0.018640415742993355,0.018640415742993355,False,False,False,1.0,1.0,1.0,1.0,0
117,12,1.4582818948838394e-05,0.5750329686170326,0.11905658283381047,0.5741699797116433,0.0184348002076149,0.0184348002076149,False,False,False,1.0,1.0,1.0,1.0,0
117,14,0.00012247645645402372,0.646873763236336,0.12972409716689404,0.5756269639553718,0.02228211984038353,0.02228211984038353,False,False,False,1.0,1.0,1.0,1.0,0
117,16,0.0009441203437745571,0.6622205843933473,0.12555977156039752,0.5697137998353686,0.018616335466504097,0.018616335466504097,False,False,False,1.0,1.0,1.0,1.0,0
117,18,0.007519280072301626,0.7130830322684822,0.1336167191423807,0.5753217320092174,0.02178311161696911,0.02178311161696911,False,False,False,1.0,1.0,1.0,1.0,0
117,20,0.056274984031915665,0.7758890051226086,0.12104801568721864,0.5736525174728172,0.021949974820017815,0.021949974820017815,False,False,False,1.0,1.0,1.0,1.0,0
117,22,0.464898020029068,0.8788069156883169,1.0,0.5663266658792641,0.0067818304523825645,0.0067818304523825645,False,False,False,1.0,1.0,1.0,1.0,0
118,0,2.172841240266621e-09,0.17957047701036122,0.17822502403555374,0.6244896968864195,0.023875480517745018,0.023875480517745018,False,True,False,1.0,1.0,1.953125,10.0,83
118,2,2.1915609327294305e-09,0.18298315187544792,0.09623368808672951,0.6233937022369299,0.020604021847248077,0.020604021847248077,False,True,False,1.0,1.0,1.953125,10.0,81
118,4,1.2773323732062636e-08,0.5878091183361615,0.13786475295528508,0.5965429280725207,0.0005552360089495778,0.0005552360089495778,False,False,False,1.0,1.0,1.0,1.0,0
118,6,8.265111972605155e-08,0.9964412700437826,0.13815616250700863,0.5745011737758174,0.002334014279767871,0.002334014279767871,False,False,False,1.0,1.0,1.0,1.0,0
118,8,5.882441769244906e-07,1.1026974344865952,0.1659509699749355,0.5742085365988743,0.011055835522711277,0.011055835522711277,False,False,False,1.0,1.0,1.0,1.0,0
118,10,3.5346865843166597e-06,1.0186204370495262,0.14502283048232492,0.581292815916965,0.024654291570186615,0.024654291570186615,False,False,False,1.0,1.0,1.0,1.0,0
118,12,2.4363311240449548e-05,0.9606995216142606,0.14212154178450362,0.576200667409177,0.02840379625558853,0.02840379625558853,False,False,False,1.0,1.0,1.0,1.0,0
118,14,0.00017141588614322245,0.9120341999660575,0.13421929172981437,0.5803476186189096,0.027994850650429726,0.027994850650429726,False,False,False,1.0,1.0,1.0,1.0,0
118,16,0.0012771229958161712,0.9274106427533417,0.1462287915688526,0.5786803256179546,0.025489365682005882,0.025489365682005882,False,False,False,1.0,1.0,1.0,1.0,0
118,18,0.008733721449971199,0.8358882932818494,0.13714702863616204,0.578616367667393,0.022797105833888054,0.022797105833888054,False,False,False,1.0,1.0,1.0,1.0,0
118,20,0.06368143856525421,0.9092228124425318,0.13608331203606253,0.5741886273620502,0.02323947101831436,0.02323947101831436,False,False,False,1.0,1.0,1.0,1.0,0
118,22,0.4679591953754425,0.8932764584177607,1.0,0.5652618189294584,0.00708282133564353,0.00708282133564353,False,False,False,1.0,1.0,1.0,1.0,0
119,0,2.0265842337607864e-09,0.16748333509789573,0.16891279096646294,0.6212447541093261,0.01903623342514038,0.01903623342514038,False,True,False,1.0,1.0,2.44140625,10.0,84
119,2,1.99781391430065e-09,0.1668063531521675,0.09913396630034498,0.6201853274521903,0.016364475712180138,0.016364475712180138,False,True,False,1.0,1.0,2.44140625,10.0,82
119,4,1.0152668039609125e-08,0.4672104907309571,0.12543516053456844,0.593546023704519,0.0004308919596951455,0.0004308919596951455,False,False,False,1.0,1.0,1.0,1.0,0
119,6,7.093957066217627e-08,0.8552469237110537,0.14436793819244692,0.5713672395780673,0.001856726361438632,0.001856726361438632,False,False,False,1.0,1.0,1.0,1.0,0
119,8,4.813803684555751e-07,0.9023750988636006,0.13863093152758357,0.5710982432024665,0.00859906617552042,0.00859906617552042,False,False,False,1.0,1.0,1.0,1.0,0
119,10,3.462387894614949e-06,0.9977855140244337,0.1469233712376332,0.581460350803909,0.023980822414159775,0.023980822414159775,False,False,False,1.0,1.0,1.0,1.0,0
119,12,2.35559436987387e-05,0.9635541473366145,0.13824057766896394,0.5731894466513268,0.02415616810321808,0.02415616810321808,False,False,False,1.0,1.0,1.0,1.0,0
119,14,0.0001703881862340495,0.9552677613447369,0.1249624237249595,0.5749067118303218,0.024703938513994217,0.024703938513994217,False,False,False,1.0,1.0,1.0,1.0,0
119,16,0.0013635053765028715,1.0209899586891251,0.13212498543145432,0.5620158954517274,0.023208212107419968,0.023208212107419968,False,False,False,1.0,1.0,1.0,1.0,0
119,18,0.010319804772734642,1.008217995148773,0.14040167386745517,0.5685092445095248,0.026268616318702698,0.026268616318702698,False,False,False,1.0,1.0,1.0,1.0,0
119,20,0.07350199669599533,1.0828356574397375,0.1347698096361419,0.5778758070064709,0.02649836055934429,0.02649836055934429,False,False,False,1.0,1.0,1.0,1.0,0
119,22,0.5453891754150391,1.0649497738384,1.0,0.570986880115528,0.007281990256160498,0.007281990256160498,False,False,False,1.0,1.0,1.0,1.0,0
120,0,2.5691093696877942e-09,0.21255815957150076,0.20247478457368814,0.6241937556629338,0.0240765493363142,0.0240765493363142,False,True,False,1.0,1.0,3.0517578125,10.0,85
120,2,2.688539835205006e-09,0.2241523658852662,0.10761996836690506,0.6231457422357376,0.020911891013383865,0.020911891013383865,False,True,False,1.0,1.0,3.0517578125,10.0,83
120,4,1.4981793583501712e-08,0.6894395743926267,0.15170120235451687,0.5965680320366935,0.0006334006320685148,0.0006334006320685148,False,False,False,1.0,1.0,1.0,1.0,0
120,6,8.875856849499542e-08,1.0700726258950397,0.1410402715709673,0.5745009319576204,0.0023841988295316696,0.0023841988295316696,False,False,False,1.0,1.0,1.0,1.0,0
120,8,6.19313652805431e-07,1.1609389482808812,0.15529701450904637,0.5743957183586483,0.01062930840998888,0.01062930840998888,False,False,False,1.0,1.0,1.0,1.0,0
120,10,3.977930191467749e-06,1.1451550698975503,0.14137842881508209,0.5849338399717612,0.027010539546608925,0.027010539546608925,False,False,False,1.0,1.0,1.0,1.0,0
120,12,2.8126754841650836e-05,1.15052284151299,0.1258228553199283,0.5759875903299323,0.030044950544834137,0.030044950544834137,False,False,False,1.0,1.0,1.0,1.0,0
120,14,0.00022353249369189143,1.258666380879039,0.15297461098651044,0.5756536553606394,0.031846024096012115,0.031846024096012115,False,False,False,1.0,1.0,1.0,1.0,0
120,16,0.0014612291706725955,1.0941653302657264,0.12609561592435473,0.5692215253685313,0.02489304356276989,0.02489304356276989,False,False,False,1.0,1.0,1.0,1.0,0
120,18,0.01158825308084488,1.1369513103911688,0.15164454499592475,0.5714919413060409,0.028685998171567917,0.028685998171567917,False,False,False,1.0,1.0,1.0,1.0,0
120,20,0.07641720026731491,1.1257826047012736,0.14250236595783866,0.5789242702619554,0.028257077559828758,0.028257077559828758,False,False,False,1.0,1.0,1.0,1.0,0
120,22,0.5362521409988403,1.0471084172920775,1.0,0.5755688237476685,0.00818819273263216,0.00818819273263216,False,False,False,1.0,1.0,1.0,1.0,0
121,0,2.1940251837548885e-09,0.18103236961720567,0.18301556247167036,0.6267843807040874,0.029937170445919037,0.029937170445919037,False,True,False,1.0,1.0,2.44140625,10.0,86
121,2,1.9881891688555697e-09,0.16562865748855746,0.0927439837300175,0.625743494198876,0.025994760915637016,0.025994760915637016,False,True,False,1.0,1.0,2.44140625,10.0,84
121,4,1.1437392366531185e-08,0.5223772375405707,0.12100663050037748,0.5961025975800572,0.000513883656822145,0.000513883656822145,False,False,False,1.0,1.0,1.0,1.0,0
121,6,8.451872446357811e-08,0.9975355546856047,0.14190591208997785,0.5741546591033124,0.0023544172290712595,0.0023544172290712595,False,False,False,1.0,1.0,1.0,1.0,0
121,8,5.855969220647239e-07,1.0585291521309903,0.14065577959547462,0.5772992375710104,0.011470525525510311,0.011470525525510311,False,False,False,1.0,1.0,1.0,1.0,0
121,10,4.153333520662272e-06,1.1833352146720653,0.1334773792437424,0.5845780689696101,0.029441842809319496,0.029441842809319496,False,False,False,1.0,1.0,1.0,1.0,0
121,12,3.1106384994927794e-05,1.2301651655364434,0.13894877364284636,0.580617254539874,0.03392139822244644,0.03392139822244644,False,False,False,1.0,1.0,1.0,1.0,0
121,14,0.00022385944612324238,1.1910650491242618,0.13604011280112172,0.5965479264191244,0.03504500538110733,0.03504500538110733,False,False,False,1.0,1.0,1.0,1.0,0
121,16,0.0016455299919471145,1.215782202144305,0.120715600385724,0.5924091035498876,0.028177015483379364,0.028177015483379364,False,False,False,1.0,1.0,1.0,1.0,0
121,18,0.013631450943648815,1.315382119031808,0.16796935223068357,0.5975710476601646,0.03214254975318909,0.03214254975318909,False,False,False,1.0,1.0,1.0,1.0,0
121,20,0.08115438371896744,1.1586958251797375,0.14146973262684087,0.6017697467006444,0.032492879778146744,0.032492879778146744,False,False,False,1.0,1.0,1.0,1.0,0
121,22,0.573651909828186,1.120136774200904,1.0,0.5974765841010972,0.009667334146797657,0.009667334146797657,False,False,False,1.0,1.0,1.0,1.0,0
122,0,2.1395596405682227e-09,0.17653833444451192,0.1771809650829844,0.6233103605327984,0.023722533136606216,0.023722533136606216,False,True,False,1.0,1.0,3.0517578125,10.0,87
122,2,2.0755615004475203e-09,0.17304635578524324,0.09490232205219123,0.6222639894146094,0.020511925220489502,0.020511925220489502,False,True,False,1.0,1.0,3.0517578125,10.0,85
122,4,1.1870502802935334e-08,0.5462626590513581,0.13001914965034453,0.5926051145080871,0.0004981065285392106,0.0004981065285392106,False,False,False,1.0,1.0,1.0,1.0,0
122,6,8.129811135404452e-08,0.959524142362046,0.1548679125098331,0.5706883575313016,0.0021421106066554785,0.0021421106066554785,False,False,False,1.0,1.0,1.0,1.0,0
122,8,5.149512958269042e-07,0.9308296167925567,0.14070386513263694,0.5707915966460766,0.00933444406837225,0.00933444406837225,False,False,False,1.0,1.0,1.0,1.0,0
122,10,3.6498233839665772e-06,1.0398790552444077,0.1590414934796342,0.5777556961846879,0.023968243971467018,0.023968243971467018,False,False,False,1.0,1.0,1.0,1.0,0
122,12,2.2938875190448016e-05,0.907164403722214,0.14771112940097536,0.5755565272366101,0.02529262751340866,0.02529262751340866,False,False,False,1.0,1.0,1.0,1.0,0
122,14,0.00015528551011811942,0.8262110308059091,0.13671664867147523,0.5735442298532358,0.022203125059604645,0.022203125059604645,False,False,False,1.0,1.0,1.0,1.0,0
122,16,0.0011358100455254316,0.8391810815508449,0.12358969358451079,0.5712763035192441,0.020124590024352074,0.020124590024352074,False,False,False,1.0,1.0,1.0,1.0,0
122,18,0.009190157987177372,0.8868145832298792,0.13501083537100605,0.5739514817430126,0.022233493626117706,0.022233493626117706,False,False,False,1.0,1.0,1.0,1.0,0
122,20,0.06806977093219757,0.9718779908822638,0.1266830370291531,0.5866534364448276,0.025988293811678886,0.025988293811678886,False,False,False,1.0,1.0,1.0,1.0,0
122,22,0.5373234748840332,1.049200348760782,1.0,0.5808346856883313,0.008630864322185516,0.008630864322185516,False,False,False,1.0,1.0,1.0,1.0,0
123,0,2.3504371782223643e-09,0.19362438240259186,0.1939337617008116,0.6260936793169657,0.029757345095276833,0.029757345095276833,False,True,False,1.0,1.0,2.44140625,10.0,88
123,2,2.1197936739270062e-09,0.1765921401570477,0.09737383705518593,0.6250046051163216,0.02590874210000038,0.02590874210000038,False,True,False,1.0,1.0,2.44140625,10.0,86
123,4,1.1769643037951028e-08,0.5418988580618253,0.1285540020609627,0.5985826280898621,0.0005456857616081834,0.0005456857616081834,False,False,False,1.0,1.0,1.0,1.0,0
123,6,8.155407726917474e-08,0.9625451900973329,0.1456190416585795,0.5735444886942004,0.0023239629808813334,0.0023239629808813334,False,False,False,1.0,1.0,1.0,1.0,0
123,8,5.500509132616571e-07,1.0311019720786727,0.14957287990336435,0.5736040173486978,0.0105986837297678,0.0105986837297678,False,False,False,1.0,1.0,1.0,1.0,0
123,10,3.6674775856226915e-06,1.0449089519292447,0.14753174299552455,0.5806959839238056,0.025561340153217316,0.025561340153217316,False,False,False,1.0,1.0,1.0,1.0,0
123,12,2.4848905013641343e-05,1.033275769648302,0.13446244932558707,0.578649816186761,0.029966644942760468,0.029966644942760468,False,False,False,1.0,1.0,1.0,1.0,0
123,14,0.0001847918174462393,1.0509448513107513,0.13087711541555386,0.5845750621484358,0.028013801202178,0.028013801202178,False,False,False,1.0,1.0,1.0,1.0,0
123,16,0.0014119390398263931,1.043196030175315,0.12635907132801447,0.5833536106370129,0.024305187165737152,0.024305187165737152,False,False,False,1.0,1.0,1.0,1.0,0
123,18,0.01117401197552681,1.0782487947332864,0.13556012401426018,0.587119414800396,0.027995074167847633,0.027995074167847633,False,False,False,1.0,1.0,1.0,1.0,0
123,20,0.0824284479022026,1.209524638893014,0.13500687641191692,0.5962982334512413,0.03219965472817421,0.03219965472817421,False,False,False,1.0,1.0,1.0,1.0,0
123,22,0.6105499863624573,1.1921855056967963,1.0,0.5885866786124704,0.010239296592772007,0.010239296592772007,False,False,False,1.0,1.0,1.0,1.0,0
124,0,2.272076971010506e-09,0.18709325620810108,0.1892434200265478,0.6227275626313359,0.0237666554749012,0.0237666554749012,False,True,False,1.0,1.0,1.953125,10.0,89
124,2,2.0061081684730198e-09,0.16701690428915206,0.10951654995867421,0.6217621045261382,0.020820653066039085,0.020820653066039085,False,True,False,1.0,1.0,1.953125,10.0,87
124,4,8.317853961159472e-09,0.3812019323439791,0.13445468587394993,0.5959493167806766,0.0003721662505995482,0.0003721662505995482,False,False,False,1.0,1.0,1.0,1.0,0
124,6,5.18636227297975e-08,0.5846197644412414,0.1484763138207863,0.5714646147944313,0.0013065529055893421,0.0013065529055893421,False,False,False,1.0,1.0,1.0,1.0,0
124,8,3.393056999811961e-07,0.6169982373298402,0.1397697611533153,0.5713480539397668,0.005844476632773876,0.005844476632773876,False,False,False,1.0,1.0,1.0,1.0,0
124,10,2.417604491711245e-06,0.671136413817007,0.14793866284839344,0.5781181841964702,0.015115710906684399,0.015115710906684399,False,False,False,1.0,1.0,1.0,1.0,0
124,12,1.633193824090995e-05,0.6634654900205865,0.11799954485623856,0.5751228080169659,0.01903693377971649,0.01903693377971649,False,False,False,1.0,1.0,1.0,1.0,0
124,14,0.0001383967901347205,0.7619797989861699,0.14428822383379725,0.5601778367473007,0.019170504063367844,0.019170504063367844,False,False,False,1.0,1.0,1.0,1.0,0
124,16,0.0009591589914634824,0.6911700872980628,0.11838505816156919,0.559854903381852,0.019043054431676865,0.019043054431676865,False,False,False,1.0,1.0,1.0,1.0,0
124,18,0.00810201745480299,0.7754290746766784,0.13053308614390063,0.5624558540802119,0.019021758809685707,0.019021758809685707,False,False,False,1.0,1.0,1.0,1.0,0
124,20,0.06206867843866348,0.8861963492983077,0.13303268332492657,0.5726968087616846,0.023561235517263412,0.023561235517263412,False,False,False,1.0,1.0,1.0,1.0,0
124,22,0.46656712889671326,0.881007785840586,1.0,0.5707083312712213,0.0070479195564985275,0.0070479195564985275,False,False,False,1.0,1.0,1.0,1.0,0
125,0,2.876429316955864e-09,0.23653428671782376,0.21607695020002718,0.619658535936763,0.019172603264451027,0.019172603264451027,False,True,False,1.0,1.0,1.5625,10.0,90
125,2,3.3120599596259126e-09,0.2757428587202393,0.10547680610109761,0.6186930801340783,0.01711372844874859,0.01711372844874859,False,True,False,1.0,1.0,1.5625,10.0,88
125,4,2.1400836658358457e-08,0.9807866699798266,0.13819160627390345,0.5924844390563343,0.0009729282464832067,0.0009729282464832067,False,False,False,1.0,1.0,1.0,1.0,0
125,6,1.4486350607967324e-07,1.6329377768624995,0.1653317190534249,0.5643420633091776,0.004001401364803314,0.004001401364803314,False,False,False,1.0,1.0,1.0,1.0,0
125,8,8.661991159897298e-07,1.623739903300461,0.13833206239102366,0.5638664217867818,0.015649765729904175,0.015649765729904175,False,False,False,1.0,1.0,1.0,1.0,0
125,10,6.251737886486808e-06,1.7811961300906347,0.1479417685164194,0.5707681597989517,0.03969168663024902,0.03969168663024902,False,False,False,1.0,1.0,1.0,1.0,0
125,12,4.224809890729375e-05,1.7567750728109255,0.14954160270222389,0.5674898731553829,0.042348556220531464,0.042348556220531464,False,False,False,1.0,1.0,1.0,1.0,0
125,14,0.0002825073606800288,1.606671011017257,0.1399535789568845,0.5590809570656323,0.03582441806793213,0.03582441806793213,False,False,False,1.0,1.0,1.0,1.0,0
125,16,0.0020185690373182297,1.4913981035782546,0.138136243771986,0.5624566505540075,0.03953014686703682,0.03953014686703682,False,False,False,1.0,1.0,1.0,1.0,0
125,18,0.014612874947488308,1.4100857269731588,0.14471671287244733,0.5622494397026427,0.03683369979262352,0.03683369979262352,False,False,False,1.0,1.0,1.0,1.0,0
125,20,0.10097571462392807,1.4816803891828114,0.14834102990692538,0.5708048768887974,0.03691110014915466,0.03691110014915466,False,False,False,1.0,1.0,1.0,1.0,0
125,22,0.6806998252868652,1.3291630227890585,1.0,0.562218316802972,0.010044384747743607,0.010044384747743607,False,False,False,1.0,1.0,1.0,1.0,0
126,0,2.3632524825956125e-09,0.19433477367573934,0.18934912824202796,0.616744481298477,0.017000529915094376,0.017000529915094376,False,True,False,1.0,1.0,1.953125,10.0,91
126,2,2.4809261311986575e-09,0.2065474876752316,0.10052560016744023,0.6157940083908097,0.015165922231972218,0.015165922231972218,False,True,False,1.0,1.0,1.953125,10.0,89
126,4,1.467954557909934e-08,0.6727541943888787,0.14822463632002128,0.5918522913842829,0.0005526537424884737,0.0005526537424884737,False,False,False,1.0,1.0,1.0,1.0,0
126,6,8.903580095420693e-08,1.0036338813404937,0.14295439112606306,0.5628907246805391,0.0023264610208570957,0.0023264610208570957,False,False,False,1.0,1.0,1.0,1.0,0
126,8,6.128266250016168e-07,1.1487786427524722,0.14015917621876509,0.5635014802000016,0.011370476335287094,0.011370476335287094,False,False,False,1.0,1.0,1.0,1.0,0
126,10,4.362361778476043e-06,1.2428899066085666,0.12983265819541556,0.5695436925278131,0.028115155175328255,0.028115155175328255,False,False,False,1.0,1.0,1.0,1.0,0
126,12,3.358988033141941e-05,1.3967460309735282,0.1453854040544694,0.5658058711296905,0.0391816645860672,0.0391816645860672,False,False,False,1.0,1.0,1.0,1.0,0
126,14,0.00023103025159798563,1.3139112801061512,0.14511776413651836,0.5516556102932189,0.031667761504650116,0.031667761504650116,False,False,False,1.0,1.0,1.0,1.0,0
126,16,0.0015920090954750776,1.1762388612802988,0.12879509732333771,0.566895938568307,0.03193794935941696,0.03193794935941696,False,False,False,1.0,1.0,1.0,1.0,0
126,18,0.012360779568552971,1.1927672621925673,0.1698449746863652,0.5632114264155963,0.03073222190141678,0.03073222190141678,False,False,False,1.0,1.0,1.0,1.0,0
126,20,0.07277682423591614,1.067900273436723,0.12004343218379854,0.5676150358045237,0.029429322108626366,0.029429322108626366,False,False,False,1.0,1.0,1.0,1.0,0
126,22,0.6062541007995605,1.1837971794063797,1.0,0.5588072894446346,0.009765741415321827,0.009765741415321827,False,False,False,1.0,1.0,1.0,1.0,0
127,0,2.3137551874441442e-09,0.19000479045972712,0.19451225940502814,0.6201877436954366,0.019020164385437965,0.019020164385437965,False,True,False,1.0,1.0,1.5625,10.0,92
127,2,1.8951638036668328e-09,0.1573694296225855,0.10529665757259932,0.6191750030326486,0.017064670100808144,0.017064670100808144,False,True,False,1.0,1.0,1.5625,10.0,90
127,4,7.998328221958673e-09,0.36655827187749934,0.13250787961428814,0.5952564131739599,0.00036912644281983376,0.00036912644281983376,False,False,False,1.0,1.0,1.0,1.0,0
127,6,5.0361151693323336e-08,0.5676835340510212,0.13817585226902895,0.5696552786996651,0.0013079094933345914,0.0013079094933345914,False,False,False,1.0,1.0,1.0,1.0,0
127,8,3.5447143886813137e-07,0.6521048707868938,0.13701175469761315,0.5702611185719112,0.006296614650636911,0.006296614650636911,False,False,False,1.0,1.0,1.0,1.0,0
127,10,2.577160785222077e-06,0.7154298617303985,0.13377620297579332,0.5763138133147411,0.016484692692756653,0.016484692692756653,False,False,False,1.0,1.0,1.0,1.0,0
127,12,1.9254717699368484e-05,0.7821999155997181,0.12013515302202238,0.5740957312966446,0.025117000564932823,0.025117000564932823,False,False,False,1.0,1.0,1.0,1.0,0
127,14,0.00016026546654757112,0.8823835282990871,0.1382535711432251,0.571141745763457,0.022819779813289642,0.022819779813289642,False,False,False,1.0,1.0,1.0,1.0,0
127,16,0.0011592039372771978,0.8353224998721632,0.13150108555716458,0.5791234021765074,0.024812374264001846,0.024812374264001846,False,False,False,1.0,1.0,1.0,1.0,0
127,18,0.008815156295895576,0.8436822714575127,0.14382293872912377,0.5800741888115862,0.023704515770077705,0.023704515770077705,False,False,False,1.0,1.0,1.0,1.0,0
127,20,0.06129171699285507,0.875103147152859,0.14381699010502078,0.5857949027545994,0.025577368214726448,0.025577368214726448,False,False,False,1.0,1.0,1.0,1.0,0
127,22,0.42617854475975037,0.8047429680256579,1.0,0.5742722027334787,0.006968028377741575,0.006968028377741575,False,False,False,1.0,1.0,1.0,1.0,0
128,0,2.606709958996589e-09,0.21387610545194435,0.20239925434058684,0.6173527012640675,0.017185969278216362,0.017185969278216362,False,True,False,1.0,1.0,1.25,10.0,93
128,2,2.8790492212493746e-09,0.2390686931265456,0.11491388223050496,0.6164260863880943,0.0157276950776577,0.0157276950776577,False,True,False,1.0,1.0,1.25,10.0,91
128,4,1.5053972290957063e-08,0.6899139313532279,0.1386191039522919,0.5894870949879106,0.0007045274833217263,0.0007045274833217263,False,False,False,0.9,1.0,1.0,1.0,0
128,6,9.859954985813602e-08,1.1114388578751908,0.14267425385256027,0.5702318368755116,0.003021392971277237,0.003021392971277237,False,False,False,0.9,1.0,1.0,1.0,0
128,8,6.810815875724074e-07,1.2529546021462752,0.14922374055712678,0.5709536397526114,0.013922142796218395,0.013922142796218395,False,False,False,0.9,1.0,1.0,1.0,0
128,10,4.554163751890883e-06,1.2642535778116482,0.14062660252303466,0.5768546487595732,0.03364833816885948,0.03364833816885948,False,False,False,0.9,1.0,1.0,1.0,0
128,12,3.2374795409850776e-05,1.315187406667301,0.12957547931894686,0.5747496035277191,0.04416463151574135,0.04416463151574135,False,False,False,0.9,1.0,1.0,1.0,0
128,14,0.00024984279298223555,1.375574975325865,0.1402278963080085,0.5606676432923461,0.03819248080253601,0.03819248080253601,False,False,False,0.9,1.0,1.0,1.0,0
128,16,0.0017816810868680477,1.2838796104793437,0.1277355987413459,0.5673026756189524,0.03807513788342476,0.03807513788342476,False,False,False,0.9,1.0,1.0,1.0,0
128,18,0.013948185369372368,1.3349549707498376,0.146825949666905,0.5652476741028688,0.03876766934990883,0.03876766934990883,False,False,False,0.9,1.0,1.0,1.0,0
128,20,0.0949980840086937,1.356351663295557,0.13291643400921613,0.5764796206470434,0.04109644517302513,0.04109644517302513,False,False,False,0.9,1.0,1.0,1.0,0
128,22,0.7147203683853149,1.349589737998257,1.0,0.5673954212789294,0.011524269357323647,0.011524269357323647,False,False,False,0.9,1.0,1.0,1.0,0
129,0,2.266227649982966e-09,0.18551425679591904,0.18749214454219143,0.6147403265691068,0.017061248421669006,0.017061248421669006,False,True,False,1.0,1.0,1.5625,10.0,94
129,2,2.087053863064625e-09,0.17251690235777475,0.1017937719555005,0.6137483149723423,0.015652548521757126,0.015652548521757126,False,True,False,1.0,1.0,1.5625,10.0,92
129,4,1.0502765768194422e-08,0.4813350444101588,0.15110939311890403,0.5867815588498165,0.0005171910743229091,0.0005171910743229091,False,False,False,0.9720000000000001,1.0,1.0,1.0,0
129,6,5.9504387195374875e-08,0.6508468686474206,0.15112434532118563,0.5675122198533112,0.001776566612534225,0.001776566612534225,False,False,False,0.9720000000000001,1.0,1.0,1.0,0
129,8,3.8374454902623256e-07,0.7059572707944457,0.15536568987088034,0.5680796578829342,0.007826029323041439,0.007826029323041439,False,False,False,0.9720000000000001,1.0,1.0,1.0,0
129,10,2.4599439711892046e-06,0.6828900180633339,0.13347353700036482,0.5740894921850859,0.01774841547012329,0.01774841547012329,False,False,False,0.9720000000000001,1.0,1.0,1.0,0
129,12,1.8420199921820313e-05,0.7482986273359046,0.14104733338628905,0.5751166335038582,0.025813214480876923,0.025813214480876923,False,False,False,0.9720000000000001,1.0,1.0,1.0,0
129,14,0.00013058587501291186,0.7189747587058272,0.16007542535660962,0.5598519956030718,0.02003040909767151,0.02003040909767151,False,False,False,0.9720000000000001,1.0,1.0,1.0,0
129,16,0.0008157671545632184,0.5878419119796351,0.12052786248774743,0.5651961281512036,0.01902231201529503,0.01902231201529503,False,False,False,0.9720000000000001,1.0,1.0,1.0,0
129,18,0.0067682769149541855,0.6477792395037573,0.12468323267050432,0.5614553415050995,0.01891140639781952,0.01891140639781952,False,False,False,0.9720000000000001,1.0,1.0,1.0,0
129,20,0.05428376793861389,0.7750459359448868,0.1260738627808435,0.5745974315612253,0.02281133085489273,0.02281133085489273,False,False,False,0.9720000000000001,1.0,1.0,1.0,0
129,22,0.43057113885879517,0.8130374006198423,1.0,0.560917800888955,0.0069388230331242085,0.0069388230331242085,False,False,False,0.9720000000000001,0.9,1.0,1.0,0
130,0,2.1912736070106575e-09,0.17937849034899492,0.18524491146560107,0.6183924431977803,0.017212528735399246,0.017212528735399246,False,True,False,1.0,1.0,1.25,10.0,95
130,2,1.829062346025978e-09,0.15139605696724673,0.10738153214541887,0.6173809693555874,0.015840647742152214,0.015840647742152214,False,True,False,1.0,1.0,1.25,10.0,93
130,4,7.033304605386093e-09,0.3255629338853677,0.12548509443076294,0.5906217513556923,0.0004012223216705024,0.0004012223216705024,False,False,False,1.0,1.0,1.0,1.0,0
130,6,4.604892467341415e-08,0.5297107982543376,0.14033948721601178,0.5679569840535997,0.0014084092108532786,0.0014084092108532786,False,False,False,1.0,1.0,1.0,1.0,0
130,8,3.1812521683605155e-07,0.6047655985064851,0.1506331746400316,0.5684357715127271,0.006526335142552853,0.006526335142552853,False,False,False,1.0,1.0,1.0,1.0,0
130,10,2.1019200175942387e-06,0.5988625673497031,0.14134149236203952,0.5743754792002268,0.01619643345475197,0.01619643345475197,False,False,False,1.0,1.0,1.0,1.0,0
130,12,1.4861217096040491e-05,0.6200020052415163,0.12664370633288444,0.5798799195688321,0.018643882125616074,0.018643882125616074,False,False,False,1.0,1.0,1.0,1.0,0
130,14,0.00011733666906366125,0.6673150896320593,0.13026926290890176,0.5709620340463475,0.018043076619505882,0.018043076619505882,False,False,False,1.0,1.0,1.0,1.0,0
130,16,0.0009007141343317926,0.6654829866969709,0.127464575471156,0.5821584703294671,0.0188699159771204,0.0188699159771204,False,False,False,1.0,1.0,1.0,1.0,0
130,18,0.007066377904266119,0.6818780465863649,0.15332861082963223,0.5860807450877555,0.019431840628385544,0.019431840628385544,False,False,False,1.0,1.0,1.0,1.0,0
130,20,0.04608648270368576,0.6762560471375215,0.12839011945363205,0.6001604017014117,0.018308939412236214,0.018308939412236214,False,False,False,1.0,1.0,1.0,1.0,0
130,22,0.35895660519599915,0.7009137195111592,1.0,0.5924706647028171,0.006312012206763029,0.006312012206763029,False,False,False,1.0,0.9720000000000001,1.0,1.0,0
131,0,2.843035362687374e-09,0.23273195539619715,0.22322628875384534,0.6157612851923473,0.01711626909673214,0.01711626909673214,False,True,False,1.0,1.0,1.25,10.0,96
131,2,2.7361135579440088e-09,0.22719969068803886,0.09619445474037999,0.6147168902542272,0.015692101791501045,0.015692101791501045,False,True,False,1.0,1.0,1.25,10.0,94
131,4,1.8443568450265957e-08,0.8795183075380468,0.15064519467774434,0.5909001182131812,0.0006672108429484069,0.0006672108429484069,False,False,False,0.9,1.0,1.0,1.0,0
131,6,1.1243051289966388e-07,1.375247521632584,0.13713353596149483,0.5645820999422678,0.0029082358814775944,0.0029082358814775944,False,False,False,0.9,1.0,1.0,1.0,0
131,8,8.098615467133641e-07,1.5700388612208172,0.13395998359348615,0.5682628269122789,0.01471350621432066,0.01471350621432066,False,False,False,0.9,1.0,1.0,1.0,0
131,10,6.0355482673912775e-06,1.737496226766184,0.1480195737869681,0.5740236809214976,0.038868606090545654,0.038868606090545654,False,False,False,0.9,1.0,1.0,1.0,0
131,12,4.0765338781056926e-05,1.748637464452263,0.14835232580603136,0.5799683311331091,0.0539109893143177,0.0539109893143177,False,False,False,0.9,1.0,1.0,1.0,0
131,14,0.0002747773251030594,1.594576545762953,0.15232202983545146,0.5726369581936258,0.03714153915643692,0.03714153915643692,False,False,False,0.9,1.0,1.0,1.0,0
131,16,0.0018039137357845902,1.3609535885029738,0.11925916900191778,0.5851090588094604,0.03789571300148964,0.03789571300148964,False,False,False,0.9,1.0,1.0,1.0,0
131,18,0.015125986188650131,1.51936460118841,0.14607360034313055,0.5845388184673511,0.03814054653048515,0.03814054653048515,False,False,False,0.9,1.0,1.0,1.0,0
131,20,0.10355043411254883,1.527806473998406,0.1278051206383237,0.5944567094462438,0.03555352985858917,0.03555352985858917,False,False,False,0.9,1.0,1.0,1.0,0
131,22,0.8102213144302368,1.5820721137432001,1.0,0.5779471324872324,0.012341940775513649,0.012341940775513649,False,False,False,0.9,1.0,1.0,1.0,0
132,0,2.9212849916859795e-09,0.23885975435680465,0.21384397641882033,0.6132019460969731,0.017202306538820267,0.017202306538820267,False,True,False,1.0,1.0,1.5625,10.0,97
132,2,3.6608243103586346e-09,0.3039852452621616,0.11245097002617577,0.6122911398596205,0.0003966896329075098,0.0003966896329075098,False,False,True,1.0,1.0,1.0,7.0,0
132,4,2.255484865543167e-08,1.075572895217899,0.13456444841619764,0.591406013269971,0.0009298783261328936,0.0009298783261328936,False,False,False,0.9720000000000001,1.0,1.0,1.0,0
132,6,1.5761372651468264e-07,1.9279275809942622,0.142421105870943,0.5617201298225422,0.004551257006824017,0.004551257006824017,False,False,False,0.9720000000000001,1.0,1.0,1.0,0
132,8,1.096673940992332e-06,2.126067983390196,0.14598429278286454,0.5646886615034321,0.021394511684775352,0.021394511684775352,False,False,False,0.9720000000000001,1.0,1.0,1.0,0
132,10,7.502273547288496e-06,2.1597328698384612,0.15502766265693066,0.5696054592198209,0.05306772142648697,0.05306772142648697,False,False,False,0.9720000000000001,1.0,1.0,1.0,0
132,12,4.83831281599123e-05,2.0754040829198868,0.14441216475066437,0.5750118254096538,0.06547015905380249,0.06547015905380249,False,False,False,0.9720000000000001,1.0,1.0,1.0,0
132,14,0.0003350249899085611,1.9442033324703671,0.14334718954564724,0.5646747712143133,0.047740641981363297,0.047740641981363297,False,False,False,0.9720000000000001,1.0,1.0,1.0,0
132,16,0.0023371477145701647,1.7632492651442455,0.14184562865569011,0.570830292263814,0.05218638852238655,0.05218638852238655,False,False,False,0.9720000000000001,1.0,1.0,1.0,0
132,18,0.016476688906550407,1.6550390537967656,0.13648910940962217,0.5689080879641071,0.04437664896249771,0.04437664896249771,False,False,False,0.9720000000000001,1.0,1.0,1.0,0
132,20,0.12071796506643295,1.7811001000338538,0.14110354232676742,0.5858723448632038,0.04487072303891182,0.04487072303891182,False,False,False,0.9720000000000001,1.0,1.0,1.0,0
132,22,0.8555275201797485,1.61547258603832,1.0,0.5692382798903716,0.013728841207921505,0.013728841207921505,False,False,False,0.9720000000000001,0.9,1.0,1.0,0
133,0,2.8985562838812484e-09,0.23700133466186335,0.22793319498987274,0.6167988710658476,0.01728978008031845,0.01728978008031845,False,True,False,1.0,1.0,1.953125,10.0,98
133,2,2.716692204529636e-09,0.2255869924593132,0.11725994709278656,0.6155455692449799,0.011403419077396393,0.011403419077396393,False,True,False,1.0,1.0,1.25,8.4,1
133,4,1.3168117263262502e-08,0.6279479071567718,0.13119197603754346,0.5935577845306279,0.0004979926161468029,0.0004979926161468029,False,False,False,1.0,1.0,1.0,1.0,0
133,6,9.037288606350558e-08,1.0493973793144122,0.14348496895744667,0.5623614729133498,0.002386637032032013,0.002386637032032013,False,False,False,1.0,1.0,1.0,1.0,0
133,8,6.198421829139988e-07,1.2016576400599972,0.14910543568612458,0.561130965058992,0.010896007530391216,0.010896007530391216,False,False,False,1.0,1.0,1.0,1.0,0
133,10,4.147073013882618e-06,1.1819948687544883,0.15039325769638806,0.5664676286430361,0.02682577073574066,0.02682577073574066,False,False,False,1.0,1.0,1.0,1.0,0
133,12,2.7564859919948503e-05,1.1499911692376108,0.12546548257375414,0.5719356618615237,0.034524496644735336,0.034524496644735336,False,False,False,1.0,1.0,1.0,1.0,0
133,14,0.0002196907444158569,1.2749003515313295,0.13731055614688764,0.5498942647054799,0.03236526995897293,0.03236526995897293,False,False,False,1.0,1.0,1.0,1.0,0
133,16,0.0015999452443793416,1.1979952719382243,0.13093743073720712,0.5602531483412264,0.033705390989780426,0.033705390989780426,False,False,False,1.0,1.0,1.0,1.0,0
133,18,0.012219148688018322,1.1791004318215268,0.14463468823076128,0.5691600972718177,0.0322432741522789,0.0322432741522789,False,False,False,1.0,1.0,1.0,1.0,0
133,20,0.0844828262925148,1.199642976037111,0.1362036306912157,0.584796748840384,0.029665255919098854,0.029665255919098854,False,False,False,1.0,1.0,1.0,1.0,0
133,22,0.6202685236930847,1.1555190020365842,1.0,0.5710175103304838,0.009937392547726631,0.009937392547726631,False,False,False,1.0,0.9720000000000001,1.0,1.0,0
134,0,2.2510431296751676e-09,0.18347177316800548,0.18318759135368778,0.6201672920311841,0.019394230097532272,0.019394230097532272,False,True,False,1.0,1.0,1.5625,10.0,99
134,2,2.2881856409640022e-09,0.18939883837404298,0.10612110465103286,0.6190213162944914,0.01378553081303835,0.01378553081303835,False,True,False,1.0,1.0,1.25,8.82,2
134,4,1.1562022450561926e-08,0.5351916576698296,0.13724078195231054,0.5943530177615987,0.0005081910057924688,0.0005081910057924688,False,False,False,1.0,1.0,1.0,1.0,0
134,6,7.424625891871983e-08,0.8120904592693704,0.1457155715694761,0.5702528550889804,0.002406881656497717,0.002406881656497717,False,False,False,1.0,1.0,1.0,1.0,0
134,8,4.995286531084275e-07,0.9207882692295134,0.15411882812299788,0.5690167180625924,0.010471067391335964,0.010471067391335964,False,False,False,1.0,1.0,1.0,1.0,0
134,10,3.2311916129401652e-06,0.8969913643440003,0.14960443777931953,0.5744436786737884,0.023057851940393448,0.023057851940393448,False,False,False,1.0,1.0,1.0,1.0,0
134,12,2.1588233721558936e-05,0.876996217685613,0.1243451257163313,0.5784326906946565,0.029024047777056694,0.029024047777056694,False,False,False,1.0,1.0,1.0,1.0,0
134,14,0.00017360544006805867,0.9698199935235225,0.11916026577258211,0.5706165423355054,0.02916298620402813,0.02916298620402813,False,False,False,1.0,1.0,1.0,1.0,0
134,16,0.0014568971237167716,1.0498402466594146,0.13954600881649704,0.5826396423156965,0.02898123301565647,0.02898123301565647,False,False,False,1.0,1.0,1.0,1.0,0
134,18,0.010440253652632236,0.9992173275868711,0.15185707403002682,0.5787046547950296,0.025966310873627663,0.025966310873627663,False,False,False,1.0,1.0,1.0,1.0,0
134,20,0.06875051558017731,0.9399926215190435,0.1437255127478343,0.5883115004445271,0.02568577416241169,0.02568577416241169,False,False,False,1.0,1.0,1.0,1.0,0
134,22,0.47834593057632446,0.883606415068909,1.0,0.5722320491340754,0.007374122738838196,0.007374122738838196,False,False,False,1.0,1.0,1.0,1.0,0
135,0,2.3214141720018233e-09,0.18920738069375528,0.1845283370751025,0.617382429448587,0.01735633984208107,0.01735633984208107,False,True,False,1.0,1.0,1.953125,10.0,100
135,2,2.580258451345685e-09,0.2131841783530606,0.10739521130033805,0.616290731544518,0.014535215683281422,0.014535215683281422,False,True,False,1.0,1.0,1.5625,10.0,3
135,4,1.4025824057739555e-08,0.6473706422134983,0.142359470603482,0.588616760611911,0.000680426717735827,0.000680426717735827,False,False,False,1.0,1.0,1.0,1.0,0
135,6,8.852399702163893e-08,0.9682574508752456,0.14025571957238966,0.5676528760739122,0.003047066042199731,0.003047066042199731,False,False,False,1.0,1.0,1.0,1.0,0
135,8,6.211614049789205e-07,1.1449956502866794,0.1608369699755091,0.5664559068450813,0.013553298078477383,0.013553298078477383,False,False,False,1.0,1.0,1.0,1.0,0
135,10,3.852056124742376e-06,1.06934576860896,0.13991436040620978,0.5714975163018556,0.029186347499489784,0.029186347499489784,False,False,False,1.0,1.0,1.0,1.0,0
135,12,2.7521527954377234e-05,1.1481833828785513,0.1275081127664785,0.5785030349617416,0.03764408081769943,0.03764408081769943,False,False,False,1.0,1.0,1.0,1.0,0
135,14,0.00021583138732239604,1.2445967596450016,0.14241552209247224,0.5669776290996132,0.03327092155814171,0.03327092155814171,False,False,False,1.0,1.0,1.0,1.0,0
135,16,0.0015154946595430374,1.0920656381877736,0.13570457971640412,0.5714406082807614,0.02956130914390087,0.02956130914390087,False,False,False,1.0,1.0,1.0,1.0,0
135,18,0.01116759143769741,1.0714028606426356,0.14030959725152908,0.5748558937608034,0.03051803633570671,0.03051803633570671,False,False,False,1.0,1.0,1.0,1.0,0
135,20,0.07959248870611191,1.0882296878898554,0.1443301933342944,0.5926653561873989,0.028450535610318184,0.028450535610318184,False,False,False,1.0,1.0,1.0,1.0,0
135,22,0.5514611005783081,1.0186656454772636,1.0,0.5809190976636872,0.00906988512724638,0.00906988512724638,False,False,False,1.0,1.0,1.0,1.0,0
136,0,3.0642384185597393e-09,0.24926863559556187,0.2338067252140195,0.6207432652000446,0.01951506733894348,0.01951506733894348,False,True,False,1.0,1.0,2.44140625,10.0,101
136,2,3.1058609017975414e-09,0.25550702147606025,0.11681703066916144,0.6196984764641168,0.01652531698346138,0.01652531698346138,False,True,False,1.0,1.0,1.953125,10.0,4
136,4,1.6587398121714614e-08,0.7601898573938273,0.14099640684881282,0.5892547836056102,0.0006504798657260835,0.0006504798657260835,False,False,False,1.0,1.0,1.0,1.0,0
136,6,1.076441193958999e-07,1.168741394399307,0.13829443226443136,0.568826178476929,0.002979996846988797,0.002979996846988797,False,False,False,1.0,1.0,1.0,1.0,0
136,8,7.683691478632682e-07,1.3297634874144222,0.13683409334751695,0.5676794168602323,0.014092341996729374,0.014092341996729374,False,False,False,1.0,1.0,1.0,1.0,0
136,10,5.605334081337787e-06,1.5279008192713037,0.15907533472683474,0.5758475324604458,0.03639717027544975,0.03639717027544975,False,False,False,1.0,1.0,1.0,1.0,0
136,12,3.522697807056829e-05,1.431053921633729,0.14478840586002933,0.5828097180679335,0.043956585228443146,0.043956585228443146,False,False,False,1.0,1.0,1.0,1.0,0
136,14,0.00024328971630893648,1.3575781367013622,0.13598070800572237,0.5690037476175497,0.035169631242752075,0.035169631242752075,False,False,False,1.0,1.0,1.0,1.0,0
136,16,0.001789138768799603,1.2472837024983068,0.1348884085219852,0.5744440291720906,0.03356636315584183,0.03356636315584183,False,False,False,1.0,1.0,1.0,1.0,0
136,18,0.013263833709061146,1.227685720325718,0.16675689375370162,0.585244524160797,0.03551657870411873,0.03551657870411873,False,False,False,1.0,1.0,1.0,1.0,0
136,20,0.07953993231058121,1.0611038921054001,0.12700525859882283,0.590583679836909,0.029332390055060387,0.029332390055060387,False,False,False,1.0,1.0,1.0,1.0,0
136,22,0.6262727379798889,1.144282648613023,1.0,0.5828479731729934,0.009992862120270729,0.009992862120270729,False,False,False,1.0,1.0,1.0,1.0,0
137,0,2.0216992524524358e-09,0.16413114299758177,0.17184977276927038,0.6235797264342372,0.024251380935311317,0.024251380935311317,False,True,False,1.0,1.0,1.953125,10.0,102
137,2,1.764340562537825e-09,0.14414696305997146,0.09962498370359299,0.6226049577522192,0.018328506499528885,0.018328506499528885,False,True,False,1.0,1.0,1.5625,10.0,5
137,4,7.709820337709061e-09,0.3453924511450668,0.11525715468341591,0.5923942869933637,0.0004006340750493109,0.0004006340750493109,False,False,False,1.0,1.0,1.0,1.0,0
137,6,5.689233617545142e-08,0.6079220338273231,0.14379061035287474,0.5722173998527288,0.0017323531210422516,0.0017323531210422516,False,False,False,1.0,1.0,1.0,1.0,0
137,8,3.856609964714153e-07,0.6460843018353809,0.13851135579752138,0.5708305979475168,0.007851130329072475,0.007851130329072475,False,False,False,1.0,1.0,1.0,1.0,0
137,10,2.774327640509e-06,0.7359414380480742,0.14148281101261073,0.5821721725915402,0.020927827805280685,0.020927827805280685,False,False,False,1.0,1.0,1.0,1.0,0
137,12,1.959893779712729e-05,0.7481876627777191,0.12842691493306066,0.5871397457599307,0.02654065005481243,0.02654065005481243,False,False,False,1.0,1.0,1.0,1.0,0
137,14,0.00015259771316777915,0.7617636408230198,0.13526681140777488,0.5819788047926923,0.021130632609128952,0.021130632609128952,False,False,False,1.0,1.0,1.0,1.0,0
137,16,0.001128113828599453,0.7731715375397347,0.1280752747912722,0.5828035747989565,0.021587541326880455,0.021587541326880455,False,False,False,1.0,1.0,1.0,1.0,0
137,18,0.008808199316263199,0.7885012788327227,0.13961942511484962,0.5871910088776378,0.021430959925055504,0.021430959925055504,False,False,False,1.0,1.0,1.0,1.0,0
137,20,0.06308719515800476,0.8416158573379436,0.15036193037793352,0.5954379249225055,0.023804636672139168,0.023804636672139168,False,False,False,1.0,1.0,1.0,1.0,0
137,22,0.4195689260959625,0.7650431925461364,1.0,0.5882384215526394,0.006326994393020868,0.006326994393020868,False,False,False,1.0,1.0,1.0,1.0,0
138,0,2.7587554463082142e-09,0.22396886386741344,0.21662862179362186,0.6203501954833015,0.01950855739414692,0.01950855739414692,False,True,False,1.0,1.0,2.44140625,10.0,103
138,2,2.7349535969278804e-09,0.22344623451836973,0.11275440424019402,0.6194086704922339,0.016624493524432182,0.016624493524432182,False,True,False,1.0,1.0,1.953125,10.0,6
138,4,1.4255847169408753e-08,0.6386480853397752,0.15098996388372252,0.5858786513992379,0.0006211675936356187,0.0006211675936356187,False,False,False,1.0,1.0,1.0,1.0,0
138,6,8.441585919172212e-08,0.9020241434426463,0.1423866439078541,0.5692992110186351,0.002312907250598073,0.002312907250598073,False,False,False,1.0,1.0,1.0,1.0,0
138,8,5.82863606268802e-07,0.9764508974641485,0.15663482904684975,0.5676984922860518,0.01141807809472084,0.01141807809472084,False,False,False,1.0,1.0,1.0,1.0,0
138,10,3.7111622077645734e-06,0.98445403928962,0.12796055655861516,0.5760657729432996,0.02684609219431877,0.02684609219431877,False,False,False,1.0,1.0,1.0,1.0,0
138,12,2.899239188991487e-05,1.1067819159888639,0.13129230637419148,0.5837734523589887,0.03870046138763428,0.03870046138763428,False,False,False,1.0,1.0,1.0,1.0,0
138,14,0.00022081323550082743,1.1022936761318258,0.14529247060799247,0.5700281656269193,0.028997495770454407,0.028997495770454407,False,False,False,1.0,1.0,1.0,1.0,0
138,16,0.001519774436019361,1.0416026358523465,0.12993801553586018,0.5698825355848237,0.026720622554421425,0.026720622554421425,False,False,False,1.0,1.0,1.0,1.0,0
138,18,0.011696139350533485,1.047026810380344,0.1462183812560233,0.5727899955118265,0.029871206730604172,0.029871206730604172,False,False,False,1.0,1.0,1.0,1.0,0
138,20,0.07999088615179062,1.0671198499037893,0.1394334193199008,0.582011675055737,0.029362907633185387,0.029362907633185387,False,False,False,1.0,1.0,1.0,1.0,0
138,22,0.5736851692199707,1.0460591957089653,1.0,0.5804741710878807,0.008907539770007133,0.008907539770007133,False,False,False,1.0,1.0,1.0,1.0,0
139,0,2.078313521280961e-09,0.16847649507762424,0.17353425505626557,0.6233467115212845,0.024265147745609283,0.024265147745609283,False,True,False,1.0,1.0,1.953125,10.0,104
139,2,1.9763877201484092e-09,0.15958486830921553,0.10528302990912837,0.6224103790725025,0.018613629043102264,0.018613629043102264,False,True,False,1.0,1.0,1.5625,10.0,7
139,4,8.772139459267692e-09,0.38953855364015977,0.12160639228404108,0.5889889649437673,0.0004668361507356167,0.0004668361507356167,False,False,False,1.0,1.0,1.0,1.0,0
139,6,6.213551273503981e-08,0.657746311267209,0.13464381930773403,0.5756640924515218,0.0020722169429063797,0.0020722169429063797,False,False,False,1.0,1.0,1.0,1.0,0
139,8,4.5148061644795234e-07,0.7597738514395999,0.14133892541061396,0.574039199150714,0.010302538983523846,0.010302538983523846,False,False,False,1.0,1.0,1.0,1.0,0
139,10,3.184311935910955e-06,0.8398312685422175,0.15686174984248435,0.5760559027637753,0.025747384876012802,0.025747384876012802,False,False,False,1.0,1.0,1.0,1.0,0
139,12,2.0290117390686646e-05,0.7363980174842809,0.1375081408868228,0.5841628522250014,0.030662449076771736,0.030662449076771736,False,False,False,1.0,1.0,1.0,1.0,0
139,14,0.00014754575386177748,0.6775268940018314,0.14199594621762357,0.5748816796175568,0.023370467126369476,0.023370467126369476,False,False,False,1.0,1.0,1.0,1.0,0
139,16,0.0010390742681920528,0.6981281073936303,0.1302918902388274,0.576596241088989,0.022273091599345207,0.022273091599345207,False,False,False,1.0,1.0,1.0,1.0,0
139,18,0.007974962703883648,0.7007172332771812,0.14554093627111583,0.5854596048690068,0.02295834571123123,0.02295834571123123,False,False,False,1.0,1.0,1.0,1.0,0
139,20,0.054795313626527786,0.7026970256995312,0.1389745443664264,0.5882721714708796,0.02295534498989582,0.02295534498989582,False,False,False,1.0,1.0,1.0,1.0,0
139,22,0.39428308606147766,0.7008772903803743,1.0,0.5886966403786718,0.00730807613581419,0.00730807613581419,False,False,False,1.0,1.0,1.0,1.0,0
140,0,2.51841569820499e-09,0.20415295653782428,0.20305517853197994,0.6201845975516903,0.019550679251551628,0.019550679251551628,False,True,False,1.0,1.0,1.5625,10.0,105
140,2,2.4026174383351417e-09,0.19400109785409253,0.116798368376409,0.619224238733733,0.016847118735313416,0.016847118735313416,False,True,False,1.0,1.0,1.25,10.0,8
140,4,1.0570642139384745e-08,0.46940346413136097,0.13449620353626557,0.5887119801600186,0.0005740646738559008,0.0005740646738559008,False,False,False,1.0,1.0,1.0,1.0,0
140,6,6.859435330852648e-08,0.7261174950762085,0.13867309148291332,0.5753036025626723,0.0023741840850561857,0.0023741840850561857,False,False,False,1.0,1.0,1.0,1.0,0
140,8,4.846478987019509e-07,0.8155893900515656,0.13680603311052916,0.5738079620871318,0.011793798767030239,0.011793798767030239,False,False,False,1.0,1.0,1.0,1.0,0
140,10,3.5325915632711258e-06,0.93168662917906,0.15928682005573158,0.5725743480404989,0.025218427181243896,0.025218427181243896,False,False,False,1.0,1.0,1.0,1.0,0
140,12,2.216755092376843e-05,0.8045365257589808,0.1517194948239224,0.5806303589716428,0.03091195598244667,0.03091195598244667,False,False,False,1.0,1.0,1.0,1.0,0
140,14,0.00014609878417104483,0.6708824406399589,0.13495506658652154,0.5713635328316079,0.02260616049170494,0.02260616049170494,False,False,False,1.0,1.0,1.0,1.0,0
140,16,0.0010825635399669409,0.7273474653601757,0.1411538094840124,0.5775765473583933,0.02268793433904648,0.02268793433904648,False,False,False,1.0,1.0,1.0,1.0,0
140,18,0.007669379469007254,0.6738672721138265,0.1610382992897522,0.5890591333644903,0.022175854071974754,0.022175854071974754,False,False,False,1.0,1.0,1.0,1.0,0
140,20,0.047624558210372925,0.6107390064920021,0.12670061736924945,0.5872788042395712,0.02042667381465435,0.02042667381465435,False,False,False,1.0,1.0,1.0,1.0,0
140,22,0.3758825957775116,0.668168593944216,1.0,0.5875900915839071,0.0066011277958750725,0.0066011277958750725,False,False,False,1.0,1.0,1.0,1.0,0
141,0,2.5649524726389927e-09,0.20792541558626776,0.20392000537829783,0.6173180515478253,0.017599323764443398,0.017599323764443398,False,True,False,1.0,1.0,1.953125,10.0,106
141,2,2.5782287416120653e-09,0.2088412218372647,0.11307625151112105,0.6163633971592019,0.016956709325313568,0.016956709325313568,False,True,False,1.0,1.0,1.5625,10.0,9
141,4,1.280079775511922e-08,0.5866523820425081,0.13540573198509906,0.5888155234889736,0.0007041237549856305,0.0007041237549856305,False,False,False,1.0,1.0,1.0,1.0,0
141,6,8.453660171880983e-08,0.9091426638905692,0.15660982409484386,0.5752075030906494,0.003427269170060754,0.003427269170060754,False,False,False,1.0,1.0,1.0,1.0,0
141,8,5.2979117981522e-07,0.9190467651166107,0.14249213335026095,0.573723438658396,0.013693231157958508,0.013693231157958508,False,False,False,1.0,1.0,1.0,1.0,0
141,10,3.7080380934639834e-06,1.0023567025869116,0.15358792654149628,0.5726678017235888,0.027733463793992996,0.027733463793992996,False,False,False,1.0,1.0,1.0,1.0,0
141,12,2.4132770704454742e-05,0.921266320482079,0.1427070374801825,0.5812871330185148,0.03379455953836441,0.03379455953836441,False,False,False,1.0,1.0,1.0,1.0,0
141,14,0.00016909708210732788,0.8441280425808224,0.13992473126235888,0.5818025710186628,0.026868464425206184,0.026868464425206184,False,False,False,1.0,1.0,1.0,1.0,0
141,16,0.001208476023748517,0.813128268804799,0.13540172462573039,0.586584569111029,0.026149556040763855,0.026149556040763855,False,False,False,1.0,1.0,1.0,1.0,0
141,18,0.008925105445086956,0.7989665996969675,0.14764848812250322,0.591812530005477,0.0259663388133049,0.0259663388133049,False,False,False,1.0,1.0,1.0,1.0,0
141,20,0.06044832617044449,0.7937185586643712,0.15571399743349462,0.5883952626274326,0.024850716814398766,0.024850716814398766,False,False,False,1.0,1.0,1.0,1.0,0
141,22,0.388200968503952,0.6900657231988473,1.0,0.5868873457721834,0.0070939133875072,0.0070939133875072,False,False,False,1.0,1.0,1.0,1.0,0
142,0,2.1966228835879065e-09,0.1777656767350701,0.18360932487555973,0.6206605400786324,0.01955834962427616,0.01955834962427616,False,True,False,1.0,1.0,1.5625,10.0,107
142,2,1.963569307150692e-09,0.1578207140525428,0.10321699368821541,0.6197314585786151,0.016862481832504272,0.016862481832504272,False,True,False,1.0,1.0,1.25,10.0,10
142,4,9.023701785793037e-09,0.4040044356472625,0.146254219742955,0.5922807490164202,0.0004400377511046827,0.0004400377511046827,False,False,False,1.0,1.0,1.0,1.0,0
142,6,5.1698744840678046e-08,0.5559903479511973,0.1542632809190899,0.5786377360977465,0.0016128417337313294,0.0016128417337313294,False,False,False,1.0,1.0,1.0,1.0,0
142,8,3.251331861520157e-07,0.5912361205278756,0.1509033517117973,0.5770338510308386,0.0067258914932608604,0.0067258914932608604,False,False,False,1.0,1.0,1.0,1.0,0
142,10,2.144578957086196e-06,0.5799673883866461,0.13750586481521945,0.5759294129735383,0.014850232750177383,0.014850232750177383,False,False,False,1.0,1.0,1.0,1.0,0
142,12,1.5586272638756782e-05,0.6361526380617569,0.1390223972037408,0.5827825446775465,0.020375102758407593,0.020375102758407593,False,False,False,1.0,1.0,1.0,1.0,0
142,14,0.00011210339289391413,0.6255468482258677,0.15990565823286215,0.5640818457165299,0.015580497682094574,0.015580497682094574,False,False,False,1.0,1.0,1.0,1.0,0
142,16,0.0007010495755821466,0.48873107302550806,0.13442884563466406,0.5577768720409658,0.013467255979776382,0.013467255979776382,False,False,False,1.0,1.0,1.0,1.0,0
142,18,0.005215013399720192,0.4826958496750437,0.12556443578965812,0.5688950767397499,0.014459861442446709,0.014459861442446709,False,False,False,1.0,1.0,1.0,1.0,0
142,20,0.04153255745768547,0.5869191301477624,0.13591586189984411,0.5648561650801173,0.014557252638041973,0.014557252638041973,False,False,False,1.0,1.0,1.0,1.0,0
142,22,0.30557548999786377,0.5613148666345784,1.0,0.5691601191750224,0.005199290346354246,0.005199290346354246,False,False,False,1.0,1.0,1.0,1.0,0
143,0,2.1484936052473813e-09,0.17387072790297958,0.1806527162866959,0.6177621650974365,0.017354948446154594,0.017354948446154594,False,True,False,1.0,1.0,1.953125,10.0,108
143,2,1.8929493528219155e-09,0.1521446772669107,0.1071588527764345,0.6167920856464725,0.01668402925133705,0.01668402925133705,False,True,False,1.0,1.0,1.5625,10.0,11
143,4,7.664890055991691e-09,0.34394499671106765,0.13367172746604566,0.5890098794074946,0.0004463110235519707,0.0004463110235519707,False,False,False,1.0,1.0,1.0,1.0,0
143,6,4.73411461143769e-08,0.5091268730344609,0.1415255857127443,0.571533225634439,0.001632123370654881,0.001632123370654881,False,False,False,1.0,1.0,1.0,1.0,0
143,8,3.245059190248867e-07,0.5900954710999669,0.15242186297323276,0.5696946686297534,0.00766137195751071,0.00766137195751071,False,False,False,1.0,1.0,1.0,1.0,0
143,10,2.118998509104131e-06,0.5730495616678406,0.1403380214409192,0.5684320196136453,0.015410431660711765,0.015410431660711765,False,False,False,1.0,1.0,1.0,1.0,0
143,12,1.5089247426658403e-05,0.6158665884597908,0.12878475823815358,0.5765217139229611,0.022132404148578644,0.022132404148578644,False,False,False,1.0,1.0,1.0,1.0,0
143,14,0.00011715640721376985,0.6537431150847767,0.13873266078852675,0.5788339794406964,0.021561263129115105,0.021561263129115105,False,False,False,1.0,1.0,1.0,1.0,0
143,16,0.0008444660343229771,0.5887127037279025,0.121527757855339,0.5756735849317484,0.016753045842051506,0.016753045842051506,False,False,False,1.0,1.0,1.0,1.0,0
143,18,0.006948740221560001,0.6431676792234167,0.12571436608749043,0.5810291069921896,0.018066754564642906,0.018066754564642906,False,False,False,1.0,1.0,1.0,1.0,0
143,20,0.05527402460575104,0.7811072668574672,0.14805565483369687,0.5863537697966884,0.020444534718990326,0.020444534718990326,False,False,False,1.0,1.0,1.0,1.0,0
143,22,0.3733327388763428,0.7250537631447704,1.0,0.5938308330057583,0.006616276688873768,0.006616276688873768,False,False,False,1.0,1.0,1.0,1.0,0
144,0,2.2104489350027734e-09,0.17909489854027133,0.18029652609086844,0.6209984256057937,0.019461890682578087,0.019461890682578087,False,True,False,1.0,1.0,2.44140625,10.0,109
144,2,2.260075016025098e-09,0.18165218387884466,0.11839071857565571,0.62001953128302,0.016903497278690338,0.016903497278690338,False,True,False,1.0,1.0,1.953125,10.0,12
144,4,9.089967889508443e-09,0.4098011734765399,0.15020305749525234,0.5918890752269287,0.0005045292200520635,0.0005045292200520635,False,False,False,1.0,1.0,1.0,1.0,0
144,6,5.0517861893695226e-08,0.5655128510506862,0.1316390594200869,0.573891081441787,0.0018498859135434031,0.0018498859135434031,False,False,False,1.0,1.0,1.0,1.0,0
144,8,3.737604288289731e-07,0.7123860945000728,0.14993015975972618,0.5719372062414126,0.008384539745748043,0.008384539745748043,False,False,False,1.0,1.0,1.0,1.0,0
144,10,2.482896888977848e-06,0.6839343159927354,0.15179455863863942,0.5705603898977033,0.0183680709451437,0.0183680709451437,False,False,False,1.0,1.0,1.0,1.0,0
144,12,1.6346955817425624e-05,0.7058222068762732,0.13196077387779123,0.5784737411881823,0.022779500111937523,0.022779500111937523,False,False,False,1.0,1.0,1.0,1.0,0
144,14,0.00012386738671921194,0.7228435758057559,0.14590295494994898,0.5726562554057777,0.02063802070915699,0.02063802070915699,False,False,False,1.0,1.0,1.0,1.0,0
144,16,0.0008489610627293587,0.6370250208954698,0.1392718924409189,0.5617626329479388,0.017534563317894936,0.017534563317894936,False,False,False,1.0,1.0,1.0,1.0,0
144,18,0.006095699965953827,0.629546154009633,0.1545059925426956,0.568356096570528,0.018245689570903778,0.018245689570903778,False,False,False,1.0,1.0,1.0,1.0,0
144,20,0.03945282846689224,0.5985058790983293,0.13634797390751158,0.5765881861174386,0.014694149605929852,0.014694149605929852,False,False,False,1.0,1.0,1.0,1.0,0
144,22,0.28935396671295166,0.6124456799228973,1.0,0.5833964174314813,0.005187231581658125,0.005187231581658125,False,False,False,1.0,1.0,1.0,1.0,0
145,0,2.3613864197358225e-09,0.1913241489364834,0.18862888018548093,0.6239236409063995,0.024143008515238762,0.024143008515238762,False,True,False,1.0,1.0,3.0517578125,10.0,110
145,2,2.5186897012474674e-09,0.20243818523751003,0.10368019576171268,0.6229981980449415,0.018704723566770554,0.018704723566770554,False,True,False,1.0,1.0,2.44140625,10.0,13
145,4,1.4292871775012372e-08,0.6443626310836755,0.13428001051764002,0.595014649434181,0.0006219769711606205,0.0006219769711606205,False,False,False,1.0,1.0,1.0,1.0,0
145,6,9.644080023463175e-08,1.0795886811888775,0.13965900274141424,0.576884407210595,0.003042310243472457,0.003042310243472457,False,False,False,1.0,1.0,1.0,1.0,0
145,8,6.805448151681048e-07,1.2971160818945922,0.16044526953258434,0.5752400747392107,0.014372773468494415,0.014372773468494415,False,False,False,1.0,1.0,1.0,1.0,0
145,10,4.2316009967180435e-06,1.1656292075970913,0.1327961908297469,0.5736846612316738,0.028755761682987213,0.028755761682987213,False,False,False,1.0,1.0,1.0,1.0,0
145,12,3.185537934768945e-05,1.3754386078476548,0.11023051980462878,0.5811916419636721,0.04290897399187088,0.04290897399187088,False,False,False,1.0,1.0,1.0,1.0,0
145,14,0.0002889787429012358,1.686371476651029,0.11405650836562785,0.5718223837952987,0.046927835792303085,0.046927835792303085,False,False,False,1.0,1.0,1.0,1.0,0
145,16,0.0025336353573948145,1.9011344422523395,0.13993128436016153,0.5601835108858302,0.04543597623705864,0.04543597623705864,False,False,False,1.0,1.0,1.0,1.0,0
145,18,0.01810627244412899,1.8699631288149172,0.1507778434040551,0.5729950029174824,0.044754087924957275,0.044754087924957275,False,False,False,1.0,1.0,1.0,1.0,0
145,20,0.12008575350046158,1.8217205776841099,0.15771579318366538,0.5762506836755918,0.04478101432323456,0.04478101432323456,False,False,False,1.0,1.0,1.0,1.0,0
145,22,0.7614060044288635,1.6754135515310151,1.0,0.5838176456172666,0.013458888046443462,0.013458888046443462,False,False,False,1.0,1.0,1.0,1.0,0
146,0,2.3048547515003293e-09,0.18675796070498252,0.19047540571328317,0.6266187369536418,0.030377097427845,0.030377097427845,False,True,False,1.0,1.0,2.44140625,10.0,111
146,2,2.1005372996540927e-09,0.16882943490619948,0.12252804579252995,0.6258098410783967,0.023642711341381073,0.023642711341381073,False,True,False,1.0,1.0,1.953125,10.0,14
146,4,7.143318381253039e-09,0.3220407696415233,0.13194525216165595,0.6019187947689415,0.00042776967165991664,0.00042776967165991664,False,False,False,1.0,1.0,1.0,1.0,0
146,6,4.413850263063068e-08,0.49410029498638297,0.14812708500294203,0.5781834152985401,0.0014664640184491873,0.0014664640184491873,False,False,False,1.0,1.0,1.0,1.0,0
146,8,2.879772580399731e-07,0.5488836654075276,0.13679486821854658,0.5755431631930048,0.006168073508888483,0.006168073508888483,False,False,False,1.0,1.0,1.0,1.0,0
146,10,2.095175887006917e-06,0.5771333854119357,0.12468836223676807,0.5742739839983124,0.013436897657811642,0.013436897657811642,False,False,False,1.0,1.0,1.0,1.0,0
146,12,1.6793299437267706e-05,0.7250942500811771,0.11834691918516885,0.5817705487515406,0.022117149084806442,0.022117149084806442,False,False,False,1.0,1.0,1.0,1.0,0
146,14,0.0001418889150954783,0.828010451106959,0.14077738303263015,0.56850749276324,0.021830569952726364,0.021830569952726364,False,False,False,1.0,1.0,1.0,1.0,0
146,16,0.0010078856721520424,0.7562754283438542,0.1326259723071342,0.5636402744828447,0.01761469803750515,0.01761469803750515,False,False,False,1.0,1.0,1.0,1.0,0
146,18,0.007599449250847101,0.7848490042461546,0.14389754460471085,0.568112974420142,0.019546855241060257,0.019546855241060257,False,False,False,1.0,1.0,1.0,1.0,0
146,20,0.05281151831150055,0.8011593952019623,0.14449583043578887,0.562123391556744,0.017560511827468872,0.017560511827468872,False,False,False,1.0,1.0,1.0,1.0,0
146,22,0.3654881715774536,0.8042277471195967,1.0,0.573715429063177,0.006504186894744635,0.006504186894744635,False,False,False,1.0,1.0,1.0,1.0,0
147,0,2.267151577584059e-09,0.1840581279961654,0.19103534625897584,0.6231256140377492,0.024019157513976097,0.024019157513976097,False,True,False,1.0,1.0,3.0517578125,10.0,112
147,2,1.867707322134038e-09,0.15128769332739364,0.10538030734381336,0.6222933440923764,0.018742138519883156,0.018742138519883156,False,True,False,1.0,1.0,2.44140625,10.0,15
147,4,7.723494732658764e-09,0.36662740454833126,0.13947567550274606,0.6010181055426341,0.00043697928776964545,0.00043697928776964545,False,False,False,1.0,1.0,1.0,1.0,0
147,6,4.5375209367648495e-08,0.5572959809844827,0.13753889696259797,0.5734275936801336,0.0015171125996857882,0.0015171125996857882,False,False,False,1.0,1.0,1.0,1.0,0
147,8,3.199081959337491e-07,0.6371552798300318,0.12842980023925513,0.5704504147677192,0.006865232717245817,0.006865232717245817,False,False,False,1.0,1.0,1.0,1.0,0
147,10,2.480918738001492e-06,0.7314263069908649,0.1181237682000475,0.5693308183266008,0.016623826697468758,0.016623826697468758,False,False,False,1.0,1.0,1.0,1.0,0
147,12,2.099270568578504e-05,0.9591012865157542,0.14037815124530384,0.5776447197512613,0.02439628168940544,0.02439628168940544,False,False,False,1.0,1.0,1.0,1.0,0
147,14,0.00014953396748751402,0.9079653314856331,0.1265492850890826,0.5736060604998615,0.02526174485683441,0.02526174485683441,False,False,False,1.0,1.0,1.0,1.0,0
147,16,0.0011816163314506412,0.9981132330117972,0.12703542224213027,0.5680309992595254,0.02251099981367588,0.02251099981367588,False,False,False,1.0,1.0,1.0,1.0,0
147,18,0.009301461279392242,1.048626105853163,0.16477957058195153,0.5776513434948299,0.024805938825011253,0.024805938825011253,False,False,False,1.0,1.0,1.0,1.0,0
147,20,0.056447893381118774,0.9076761217511152,0.12207057564764617,0.5662559249052681,0.020135195925831795,0.020135195925831795,False,False,False,1.0,1.0,1.0,1.0,0
147,22,0.46242013573646545,1.0794754495587215,1.0,0.5823998814362348,0.00808025524020195,0.00808025524020195,False,False,False,1.0,1.0,1.0,1.0,0
148,0,2.3800490467351665e-09,0.19329351548368415,0.18917425258052742,0.6258421432657981,0.03025117516517639,0.03025117516517639,False,True,False,1.0,1.0,3.814697265625,10.0,113
148,2,2.5812525450419344e-09,0.20908615542003697,0.11950549857499992,0.6250107161970908,0.02385333739221096,0.02385333739221096,False,True,False,1.0,1.0,3.0517578125,10.0,16
148,4,1.1599445848275991e-08,0.5506153461295087,0.1487233518206908,0.6037543821148079,0.0005795921897515655,0.0005795921897515655,False,False,False,1.0,1.0,1.0,1.0,0
148,6,6.79934402114668e-08,0.8350919255520979,0.14968749180121915,0.5760294113760317,0.0022055411245673895,0.0022055411245673895,False,False,False,1.0,1.0,1.0,1.0,0
148,8,4.442359511358518e-07,0.8847765870154238,0.1414628814456029,0.5730336410087289,0.009066588245332241,0.009066588245332241,False,False,False,1.0,1.0,1.0,1.0,0
148,10,3.1303004561777925e-06,0.9228775079825148,0.1361006351020168,0.5720850646196517,0.02004222571849823,0.02004222571849823,False,False,False,1.0,1.0,1.0,1.0,0
148,12,2.2989896024228074e-05,1.050347639019739,0.13266089850332774,0.5811798113138437,0.029142972081899643,0.029142972081899643,False,False,False,1.0,1.0,1.0,1.0,0
148,14,0.00017328820831608027,1.0772784519772978,0.13103859736476065,0.5879683713818855,0.029438970610499382,0.029438970610499382,False,False,False,1.0,1.0,1.0,1.0,0
148,16,0.001322411117143929,1.106568161339627,0.13102716555772492,0.5775872926358726,0.0253872349858284,0.0253872349858284,False,False,False,1.0,1.0,1.0,1.0,0
148,18,0.010092638432979584,1.107463354005243,0.15762980336610835,0.5842448644316339,0.027312899008393288,0.027312899008393288,False,False,False,1.0,1.0,1.0,1.0,0
148,20,0.06402746587991714,1.0365837262927367,0.13999502310071707,0.5653858580476436,0.019289575517177582,0.019289575517177582,False,False,False,1.0,1.0,1.0,1.0,0
148,22,0.4573552906513214,1.0243219467410667,1.0,0.5800664341935717,0.007237913552671671,0.007237913552671671,False,False,False,1.0,1.0,1.0,1.0,0
149,0,2.844243507382771e-09,0.23099264579770415,0.21861816577541066,0.6282945240380099,0.038201600313186646,0.038201600313186646,False,True,False,1.0,1.0,3.0517578125,10.0,114
149,2,3.010096838451659e-09,0.24382332391410427,0.11141820248967763,0.6275039964757244,0.030091606080532074,0.030091606080532074,False,True,False,1.0,1.0,2.44140625,10.0,17
149,4,1.7016203557318477e-08,0.8077440020908971,0.13733156484176365,0.6063391534526205,0.0007452080026268959,0.0007452080026268959,False,False,False,1.0,1.0,1.0,1.0,0
149,6,1.1390599041760652e-07,1.4548514652013778,0.15774899843135434,0.5817210463708126,0.003784105647355318,0.003784105647355318,False,False,False,1.0,1.0,1.0,1.0,0
149,8,7.120710847630107e-07,1.4894882298356538,0.13691996807701862,0.5785587547277619,0.015237569808959961,0.015237569808959961,False,False,False,1.0,1.0,1.0,1.0,0
149,10,5.190637239138596e-06,1.613125437578304,0.14467759934386706,0.5775859273305343,0.03489728644490242,0.03489728644490242,False,False,False,1.0,1.0,1.0,1.0,0
149,12,3.586726961657405e-05,1.6386808326645277,0.15314001528513077,0.5790435382468216,0.04029921442270279,0.04029921442270279,False,False,False,1.0,1.0,1.0,1.0,0
149,14,0.0002342022635275498,1.4559620320058773,0.13123312404922488,0.5730665083529464,0.03544863685965538,0.03544863685965538,False,False,False,1.0,1.0,1.0,1.0,0
149,16,0.0017846176633611321,1.49333369996527,0.13925053403423374,0.5598604163869813,0.033324792981147766,0.033324792981147766,False,False,False,1.0,1.0,1.0,1.0,0
149,18,0.012815866619348526,1.4062826806882267,0.143672802569968,0.5720165546355173,0.03459623456001282,0.03459623456001282,False,False,False,1.0,1.0,1.0,1.0,0
149,20,0.08920174837112427,1.4441471241698733,0.1330131343077629,0.5607543171897637,0.026138437911868095,0.026138437911868095,False,False,False,1.0,1.0,1.0,1.0,0
149,22,0.6706236004829407,1.510538628177896,1.0,0.5758652563415635,0.01098179817199707,0.01098179817199707,False,False,False,1.0,1.0,1.0,1.0,0
150,0,2.560929024397751e-09,0.20750716798765534,0.20263839566502126,0.6245982269339968,0.030421599745750427,0.030421599745750427,False,True,False,1.0,1.0,3.814697265625,10.0,115
150,2,2.63792587773537e-09,0.2117004427545088,0.11046496982046293,0.6237936288569157,0.02405235916376114,0.02405235916376114,False,True,False,1.0,1.0,3.0517578125,10.0,18
150,4,1.3880202764937621e-08,0.6431756523589506,0.13227790508954587,0.5992156095828186,0.0006065463530831039,0.0006065463530831039,False,False,False,1.0,1.0,1.0,1.0,0
150,6,9.493213326550176e-08,1.1659515641346603,0.1419103298451703,0.5778500271375403,0.0031116208992898464,0.0031116208992898464,False,False,False,1.0,1.0,1.0,1.0,0
150,8,6.589585836991319e-07,1.3124357116507634,0.13799250397404159,0.5720186242651942,0.013349916785955429,0.013349916785955429,False,False,False,1.0,1.0,1.0,1.0,0
150,10,4.7653215915488545e-06,1.4049156548102597,0.13390559340297303,0.5710862085721962,0.0306540559977293,0.0306540559977293,False,False,False,1.0,1.0,1.0,1.0,0
150,12,3.557717354851775e-05,1.5749970815956211,0.15014557496612407,0.5721338807083898,0.03792261332273483,0.03792261332273483,False,False,False,1.0,1.0,1.0,1.0,0
150,14,0.00023694119590800256,1.3839809286533404,0.12935567708961407,0.5695428212505197,0.03727997839450836,0.03727997839450836,False,False,False,1.0,1.0,1.0,1.0,0
150,16,0.001831693109124899,1.4474597503241537,0.13265602581624394,0.5558935809582495,0.03265991806983948,0.03265991806983948,False,False,False,1.0,1.0,1.0,1.0,0
150,18,0.013807829469442368,1.4239191749068278,0.1667792272420424,0.5662065035634449,0.03394482284784317,0.03394482284784317,False,False,False,1.0,1.0,1.0,1.0,0
150,20,0.0827910527586937,1.302619840331343,0.13703471715465207,0.551709936010157,0.025309592485427856,0.025309592485427856,False,False,False,1.0,1.0,1.0,1.0,0
150,22,0.6041611433029175,1.3137144412272055,1.0,0.5694876186016652,0.009679854847490788,0.009679854847490788,False,False,False,1.0,1.0,1.0,1.0,0
151,0,2.4082513760959046e-09,0.19467353697884748,0.19499989799673123,0.6271926617383138,0.03811170533299446,0.03811170533299446,False,True,False,1.0,1.0,3.0517578125,10.0,116
151,2,2.3500135171161673e-09,0.18727506506160585,0.1041907816143923,0.6264565242744683,0.03025864064693451,0.03025864064693451,False,True,False,1.0,1.0,2.44140625,10.0,19
151,4,1.25549082241605e-08,0.5655333036596424,0.12393066323937948,0.6024128699733798,0.0006179727497510612,0.0006179727497510612,False,False,False,1.0,1.0,1.0,1.0,0
151,6,9.130590683525952e-08,1.0221070678096156,0.14314013679041201,0.584745634623632,0.003324286313727498,0.003324286313727498,False,False,False,1.0,1.0,1.0,1.0,0
151,8,6.278777391344192e-07,1.1967328157421875,0.15536959686207882,0.5790897012763836,0.013863186351954937,0.013863186351954937,False,False,False,1.0,1.0,1.0,1.0,0
151,10,4.031187927466817e-06,1.1104237836252686,0.14114918275497065,0.5782936106540824,0.0297481007874012,0.0297481007874012,False,False,False,1.0,1.0,1.0,1.0,0
151,12,2.854976810340304e-05,1.2112071753477034,0.12770296874702852,0.5801399821089562,0.03548622131347656,0.03548622131347656,False,False,False,1.0,1.0,1.0,1.0,0
151,14,0.00022355385590344667,1.28881557093369,0.12962451287671964,0.5811716948977748,0.038521040230989456,0.038521040230989456,False,False,False,1.0,1.0,1.0,1.0,0
151,16,0.0017246163915842772,1.2410310996949385,0.1276062132923678,0.5685502678546247,0.03418884426355362,0.03418884426355362,False,False,False,1.0,1.0,1.0,1.0,0
151,18,0.01351513434201479,1.3164361962554108,0.13494306848743684,0.5805228601459197,0.03811177611351013,0.03811177611351013,False,False,False,1.0,1.0,1.0,1.0,0
151,20,0.1001543328166008,1.5085982875966322,0.13996455316401682,0.5649107243457616,0.030484341084957123,0.030484341084957123,False,False,False,1.0,1.0,1.0,1.0,0
151,22,0.715569257736206,1.5212479874583629,1.0,0.5810945710183408,0.011183551512658596,0.011183551512658596,False,False,False,1.0,1.0,1.0,1.0,0
152,0,2.5388469104825617e-09,0.20523036457792818,0.2035516073550798,0.6236995417005204,0.030441544950008392,0.030441544950008392,False,True,False,1.0,1.0,3.814697265625,10.0,117
152,2,2.4727431213733553e-09,0.19844409504876154,0.10058727524954926,0.6229215611326377,0.02415534481406212,0.02415534481406212,False,True,False,1.0,1.0,3.0517578125,10.0,20
152,4,1.4583060981010476e-08,0.6605491706247835,0.1489889584633132,0.5961401719287375,0.0007556760683655739,0.0007556760683655739,False,False,False,1.0,1.0,1.0,1.0,0
152,6,8.788014582705728e-08,0.9837580205193045,0.14457223746630593,0.5814182464998113,0.0033625205978751183,0.0033625205978751183,False,False,False,1.0,1.0,1.0,1.0,0
152,8,5.978632202641165e-07,1.139525245793423,0.15736955721067555,0.5791548415435281,0.013635937124490738,0.013635937124490738,False,False,False,1.0,1.0,1.0,1.0,0
152,10,3.7891034025960835e-06,1.0437396153600076,0.1422005146482548,0.5755750213487555,0.027386058121919632,0.027386058121919632,False,False,False,1.0,1.0,1.0,1.0,0
152,12,2.6636200345819816e-05,1.1300251850035314,0.13319453209041912,0.5815973491017088,0.03458724543452263,0.03458724543452263,False,False,False,1.0,1.0,1.0,1.0,0
152,14,0.00019996968330815434,1.1528499050964238,0.13746448512845302,0.5934087306134279,0.035031624138355255,0.035031624138355255,False,False,False,1.0,1.0,1.0,1.0,0
152,16,0.0014546907041221857,1.046793021951015,0.13804398320487646,0.5886304599052075,0.031091788783669472,0.031091788783669472,False,False,False,1.0,1.0,1.0,1.0,0
152,18,0.010537868365645409,1.0264368075709716,0.1342355620562451,0.5973611502010565,0.031119074672460556,0.031119074672460556,False,False,False,1.0,1.0,1.0,1.0,0
152,20,0.07850279659032822,1.182466910588675,0.13882286709847635,0.5836874975567446,0.02617918699979782,0.02617918699979782,False,False,False,1.0,1.0,1.0,1.0,0
152,22,0.5654889345169067,1.2021881799189147,1.0,0.5959914074631182,0.009852321818470955,0.009852321818470955,False,False,False,1.0,1.0,1.0,1.0,0
153,0,2.644509056182187e-09,0.21377167543621012,0.21178255943030086,0.6264544499177689,0.038174521178007126,0.038174521178007126,False,True,False,1.0,1.0,4.76837158203125,10.0,118
153,2,2.4869066805877083e-09,0.19994939768759284,0.1073082740098722,0.6260196507491113,0.03038897179067135,0.03038897179067135,False,True,False,1.0,1.0,3.814697265625,10.0,21
153,4,1.31753488119557e-08,0.5967859382719611,0.14593368578487537,0.6040033910862016,0.0007183090783655643,0.0007183090783655643,False,False,False,1.0,1.0,1.0,1.0,0
153,6,8.028312237229329e-08,0.8987145481244704,0.14372719033195355,0.5848806824513068,0.0030536833219230175,0.0030536833219230175,False,False,False,1.0,1.0,1.0,1.0,0
153,8,5.485799192683771e-07,1.0455914432493032,0.14389008828229408,0.5832759129284705,0.012581970542669296,0.012581970542669296,False,False,False,1.0,1.0,1.0,1.0,0
153,10,3.802492756221909e-06,1.0474278226529952,0.16178141762529608,0.5829624785789306,0.028761405497789383,0.028761405497789383,False,False,False,1.0,1.0,1.0,1.0,0
153,12,2.3493890694226138e-05,0.9967145401187857,0.12670418014889295,0.5846029428988601,0.02975170686841011,0.02975170686841011,False,False,False,1.0,1.0,1.0,1.0,0
153,14,0.00018541316967457533,1.0689298073926832,0.1494403952533907,0.5958510470029084,0.03005940653383732,0.03005940653383732,False,False,False,1.0,1.0,1.0,1.0,0
153,16,0.0012407065369188786,0.8935197062066433,0.12642089942237697,0.5865574926285069,0.02555578388273716,0.02555578388273716,False,False,False,1.0,1.0,1.0,1.0,0
153,18,0.009814083576202393,0.9559368427900189,0.14079304331517972,0.58895067170694,0.027584055438637733,0.027584055438637733,False,False,False,1.0,1.0,1.0,1.0,0
153,20,0.06970573216676712,1.049959050448831,0.1402791711374073,0.5718054806999765,0.021392274647951126,0.021392274647951126,False,False,False,1.0,1.0,1.0,1.0,0
153,22,0.49690720438957214,1.0563884298532384,1.0,0.5802714252142329,0.007663154974579811,0.007663154974579811,False,False,False,1.0,1.0,1.0,1.0,0
154,0,2.242926733231343e-09,0.18130934531029166,0.1868448693586112,0.6289231032806119,0.04776167497038841,0.04776167497038841,False,True,False,1.0,1.0,5.0,10.0,119
154,2,2.0042190129743176e-09,0.16114090150883056,0.10518127824993234,0.6284451335901573,0.038106564432382584,0.038106564432382584,False,True,False,1.0,1.0,4.76837158203125,10.0,22
154,4,9.054902605498683e-09,0.41014766474191217,0.15023580721584365,0.609586012090434,0.0006286670686677098,0.0006286670686677098,False,False,False,1.0,1.0,1.0,1.0,0
154,6,5.0271268037249683e-08,0.5760779951821012,0.1298393693292039,0.5874519507061452,0.0022526539396494627,0.0022526539396494627,False,False,False,1.0,1.0,1.0,1.0,0
154,8,3.7718046996815247e-07,0.7189046811728328,0.13951306212969378,0.5858586878979435,0.009616654366254807,0.009616654366254807,False,False,False,1.0,1.0,1.0,1.0,0
154,10,2.6935495043289848e-06,0.7419603069357471,0.1561206870667708,0.5855133455230469,0.023264126852154732,0.023264126852154732,False,False,False,1.0,1.0,1.0,1.0,0
154,12,1.7242995454580523e-05,0.7415738231802075,0.1283279360204352,0.5870029919728337,0.024846043437719345,0.024846043437719345,False,False,False,1.0,1.0,1.0,1.0,0
154,14,0.00013435665459837765,0.7745826964386479,0.13785323781024977,0.6022287813309524,0.026516512036323547,0.026516512036323547,False,False,False,1.0,1.0,1.0,1.0,0
154,16,0.0009746254654601216,0.7604940483124277,0.1369144422830551,0.6009198341284333,0.023983275517821312,0.023983275517821312,False,False,False,1.0,1.0,1.0,1.0,0
154,18,0.007118490058928728,0.7151838362746981,0.1538545105222782,0.6016629676689096,0.021767843514680862,0.021767843514680862,False,False,False,1.0,1.0,1.0,1.0,0
154,20,0.046267662197351456,0.6969175870787134,0.15424774793569762,0.5860601284974155,0.017077481374144554,0.017077481374144554,False,False,False,1.0,1.0,1.0,1.0,0
154,22,0.2999567985534668,0.6376862493611103,1.0,0.5958478973092828,0.005566727835685015,0.005566727835685015,False,False,False,1.0,1.0,1.0,1.0,0
155,0,2.345319938257262e-09,0.18958640790552225,0.19016965299433675,0.6310704062663598,0.05037704110145569,0.05037704110145569,False,True,False,1.0,1.0,4.0,10.0,120
155,2,2.332777082614257e-09,0.18755724782480046,0.11447064266542839,0.630551601359273,0.047979895025491714,0.047979895025491714,False,True,False,1.0,1.0,3.814697265625,10.0,23
155,4,1.0378824022438948e-08,0.4701155408326068,0.14177846426536522,0.6146993935922022,0.00032395898597314954,0.00032395898597314954,False,False,False,1.0,1.0,1.0,1.0,0
155,6,6.320451717556352e-08,0.7485251294852457,0.15553912402589457,0.5921573890577363,0.002622228814288974,0.002622228814288974,False,False,False,1.0,1.0,1.0,1.0,0
155,8,3.963576773458044e-07,0.7663238668708612,0.13333120991428482,0.590730556748944,0.01054059062153101,0.01054059062153101,False,False,False,1.0,1.0,1.0,1.0,0
155,10,2.962729922728613e-06,0.8161082613490206,0.1435992989081481,0.5873558193118016,0.024492235854268074,0.024492235854268074,False,False,False,1.0,1.0,1.0,1.0,0
155,12,2.0621924704755656e-05,0.8868922795300971,0.14446947905071228,0.5880812138452259,0.02670609951019287,0.02670609951019287,False,False,False,1.0,1.0,1.0,1.0,0
155,14,0.0001427324314136058,0.8337045916382142,0.13290291993018954,0.5914521966233314,0.025948524475097656,0.025948524475097656,False,False,False,1.0,1.0,1.0,1.0,0
155,16,0.0010739500867202878,0.8769793923681362,0.12957770391420828,0.5881933304340162,0.026401134207844734,0.026401134207844734,False,False,False,1.0,1.0,1.0,1.0,0
155,18,0.008288067765533924,0.867153843283707,0.13406611908318952,0.5882316696746112,0.024799402803182602,0.024799402803182602,False,False,False,1.0,1.0,1.0,1.0,0
155,20,0.06182073801755905,0.9726766021482001,0.12557248963887974,0.5804992775617106,0.021232765167951584,0.021232765167951584,False,False,False,1.0,1.0,1.0,1.0,0
155,22,0.49231114983558655,1.070502918443907,1.0,0.5873007400802267,0.007994173094630241,0.007994173094630241,False,False,False,1.0,1.0,1.0,1.0,0
156,0,2.3835622364742903e-09,0.192677764368558,0.19479623014466246,0.6271749386760994,0.04009173437952995,0.04009173437952995,False,True,False,1.0,1.0,3.2,10.0,121
156,2,2.236182572445955e-09,0.1806824152527897,0.11628586667845646,0.6266657771682408,0.038285862654447556,0.038285862654447556,False,True,False,1.0,1.0,3.0517578125,10.0,24
156,4,9.230046060793029e-09,0.4377532275243915,0.1454869952265848,0.6107833335438746,0.0003133823920506984,0.0003133823920506984,False,False,False,1.0,1.0,1.0,1.0,0
156,6,5.344241316151965e-08,0.6825872178177934,0.13826054832886878,0.5911835537414559,0.0023883115500211716,0.0023883115500211716,False,False,False,1.0,1.0,1.0,1.0,0
156,8,3.765340750305768e-07,0.78762231031577,0.13257668512934123,0.5895831853071402,0.009529538452625275,0.009529538452625275,False,False,False,1.0,1.0,1.0,1.0,0
156,10,2.8301228667260148e-06,0.8401850693184537,0.14176287027344825,0.5830370251555996,0.01974443346261978,0.01974443346261978,False,False,False,1.0,1.0,1.0,1.0,0
156,12,1.9953780793002807e-05,0.8833514127512113,0.1298307293158106,0.583292782964612,0.023521382361650467,0.023521382361650467,False,False,False,1.0,1.0,1.0,1.0,0
156,14,0.00015368073945865035,0.9553849665336889,0.14339455866676162,0.5759540895034839,0.0227982047945261,0.0227982047945261,False,False,False,1.0,1.0,1.0,1.0,0
156,16,0.001071723410859704,0.8967975154209031,0.13738172081666267,0.5701069202721601,0.023250555619597435,0.023250555619597435,False,False,False,1.0,1.0,1.0,1.0,0
156,18,0.007801052648574114,0.8560080684878775,0.14474816090307113,0.5737009106527414,0.022137504070997238,0.022137504070997238,False,False,False,1.0,1.0,1.0,1.0,0
156,20,0.053893957287073135,0.8629387627755412,0.13469299000744916,0.5603081106954175,0.01531542744487524,0.01531542744487524,False,False,False,1.0,1.0,1.0,1.0,0
156,22,0.4001244306564331,0.8700480801652896,1.0,0.5659393902304131,0.005627242382615805,0.005627242382615805,False,False,False,1.0,1.0,1.0,1.0,0
157,0,2.2050259396166894e-09,0.17824559473154972,0.18028527874271058,0.6238661826273825,0.031791046261787415,0.031791046261787415,False,True,False,1.0,1.0,4.0,10.0,122
157,2,2.230759799104476e-09,0.18075426196978225,0.1093239923433259,0.6233411445527052,0.030461236834526062,0.030461236834526062,False,True,False,1.0,1.0,3.814697265625,10.0,25
157,4,1.0405034167604299e-08,0.5081890018534448,0.1353486560144951,0.6107977954391735,0.00030288309790194035,0.00030288309790194035,False,False,False,1.0,1.0,1.0,1.0,0
157,6,6.68757849098256e-08,0.884612280027563,0.12809023584518794,0.5911398534738075,0.002538011409342289,0.002538011409342289,False,False,False,1.0,1.0,1.0,1.0,0
157,8,5.120990067553066e-07,1.118466182405159,0.12457936409300496,0.5868291792233269,0.01168240886181593,0.01168240886181593,False,False,False,1.0,1.0,1.0,1.0,0
157,10,4.100624664715724e-06,1.2946726369041823,0.14188752323304507,0.5810855582940792,0.02608998864889145,0.02608998864889145,False,False,False,1.0,1.0,1.0,1.0,0
157,12,2.8890530302305706e-05,1.338136109914353,0.1357005152908107,0.5815325303641574,0.03401227295398712,0.03401227295398712,False,False,False,1.0,1.0,1.0,1.0,0
157,14,0.00021288919379003346,1.3900768480190746,0.12720991763437528,0.5940809596351996,0.03274032101035118,0.03274032101035118,False,False,False,1.0,1.0,1.0,1.0,0
157,16,0.001673516700975597,1.4490889360425905,0.12770705013834385,0.5941501854363508,0.03349060192704201,0.03349060192704201,False,False,False,1.0,1.0,1.0,1.0,0
157,18,0.013104330748319626,1.4779327536910125,0.15035222840733561,0.5935854068012758,0.03676848113536835,0.03676848113536835,False,False,False,1.0,1.0,1.0,1.0,0
157,20,0.08715753257274628,1.4256675455053054,0.14316475207159665,0.5843907984200399,0.028492724522948265,0.028492724522948265,False,False,False,1.0,1.0,1.0,1.0,0
157,22,0.6087918281555176,1.3884707541296113,1.0,0.5932907246495823,0.008511286228895187,0.008511286228895187,False,False,False,1.0,1.0,1.0,1.0,0
158,0,2.3900597057036066e-09,0.19320299413852193,0.1916679120458099,0.6266129019425333,0.039958637207746506,0.039958637207746506,False,True,False,1.0,1.0,5.0,10.0,123
158,2,2.4697957012875804e-09,0.20012289058714086,0.10776360123492554,0.6261482219615186,0.03841472789645195,0.03841472789645195,False,True,False,1.0,1.0,4.76837158203125,10.0,26
158,4,1.2918644820558711e-08,0.6305518778395481,0.13261780868673587,0.6138504009181461,0.000369050947483629,0.000369050947483629,False,False,False,1.0,1.0,1.0,1.0,0
158,6,8.741259449607242e-08,1.1288568716943155,0.1475630121997174,0.594156297309205,0.003661921015009284,0.003661921015009284,False,False,False,1.0,1.0,1.0,1.0,0
158,8,5.823746960231801e-07,1.2181933428308527,0.16667935140225287,0.5868022991895462,0.01436710637062788,0.01436710637062788,False,False,False,1.0,1.0,1.0,1.0,0
158,10,3.483982254692819e-06,1.034297806140701,0.14832103755963535,0.5840112807273152,0.026737838983535767,0.026737838983535767,False,False,False,1.0,1.0,1.0,1.0,0
158,12,2.3479467927245423e-05,1.039433146997992,0.12984608959762275,0.5839306321110438,0.029417380690574646,0.029417380690574646,False,False,False,1.0,1.0,1.0,1.0,0
158,14,0.000180815375642851,1.1203010898008385,0.13245728447333693,0.5828630837465897,0.02957179583609104,0.02957179583609104,False,False,False,1.0,1.0,1.0,1.0,0
158,16,0.001365074422210455,1.1422679935870286,0.1303849494802802,0.5767938862187341,0.031048813834786415,0.031048813834786415,False,False,False,1.0,1.0,1.0,1.0,0
158,18,0.010469560511410236,1.1488229441609168,0.1349679229266477,0.5800704081900738,0.02917853370308876,0.02917853370308876,False,False,False,1.0,1.0,1.0,1.0,0
158,20,0.07757072150707245,1.268852580719392,0.133502175669411,0.5744023450030142,0.027805224061012268,0.027805224061012268,False,False,False,1.0,1.0,1.0,1.0,0
158,22,0.581044614315033,1.2634488485139634,1.0,0.5797965940692914,0.00884513184428215,0.00884513184428215,False,False,False,1.0,1.0,1.0,1.0,0
159,0,2.767096107803013e-09,0.22368112889431307,0.2276639285746472,0.6291072150891837,0.04435146227478981,0.04435146227478981,False,True,False,1.0,1.0,4.0,10.0,124
159,2,2.1543018480230103e-09,0.1745590183021314,0.10780455165132782,0.6286195581297063,0.04774113744497299,0.04774113744497299,False,True,False,1.0,1.0,3.814697265625,10.0,27
159,4,9.983403437274774e-09,0.4872843763446046,0.14487943241333176,0.6164429399006112,0.00028537315665744245,0.00028537315665744245,False,False,False,1.0,1.0,1.0,1.0,0
159,6,5.890835552690987e-08,0.7607496645091792,0.14832421732829668,0.5965826996609855,0.0021407892927527428,0.0021407892927527428,False,False,False,1.0,1.0,1.0,1.0,0
159,8,3.8715938899258617e-07,0.8098480128100494,0.13370604964934715,0.5893042877125299,0.008880134671926498,0.008880134671926498,False,False,False,1.0,1.0,1.0,1.0,0
159,10,2.8856011340394616e-06,0.8628810431494998,0.15756661095096114,0.5896986131265185,0.01975356787443161,0.01975356787443161,False,False,False,1.0,1.0,1.0,1.0,0
159,12,1.8303531760466285e-05,0.8102950917760081,0.14270233902919796,0.5894732788456272,0.02210981771349907,0.02210981771349907,False,False,False,1.0,1.0,1.0,1.0,0
159,14,0.00012825371231883764,0.7946380288233962,0.14490618633393418,0.5866555066487873,0.02155645750463009,0.02155645750463009,False,False,False,1.0,1.0,1.0,1.0,0
159,16,0.000885071000084281,0.7406103718588842,0.12665827997192838,0.5776794095898852,0.019268160685896873,0.019268160685896873,False,False,False,1.0,1.0,1.0,1.0,0
159,18,0.006987855304032564,0.7667760738380635,0.14772310788352633,0.5767347642971493,0.02037608064711094,0.02037608064711094,False,False,False,1.0,1.0,1.0,1.0,0
159,20,0.04730372875928879,0.7737643423672589,0.14756981366582614,0.5737372441473173,0.01641080528497696,0.01641080528497696,False,False,False,1.0,1.0,1.0,1.0,0
159,22,0.3205515146255493,0.6970212477065875,1.0,0.5765337104306607,0.004735753871500492,0.004735753871500492,False,False,False,1.0,1.0,1.0,1.0,0
160,0,2.2943811295306205e-09,0.18530262838411507,0.1835829840753295,0.6254141968796652,0.0390782356262207,0.0390782356262207,False,True,False,1.0,1.0,3.2,10.0,125
160,2,2.4977875323628496e-09,0.20239101589997116,0.10524382803043783,0.6249843842691365,0.037793129682540894,0.037793129682540894,False,True,False,1.0,1.0,3.0517578125,10.0,28
160,4,1.3733339798704947e-08,0.6703166871885168,0.14223111020663856,0.6128562379316893,0.00030550730298273265,0.00030550730298273265,False,False,False,1.0,1.0,1.0,1.0,0
160,6,8.655651129174657e-08,1.1178013091233094,0.15534075465082817,0.5927064646957617,0.002898888196796179,0.002898888196796179,False,False,False,1.0,1.0,1.0,1.0,0
160,8,5.47204138001689e-07,1.1533637928292808,0.12248871871662252,0.5852077526698016,0.011229296214878559,0.011229296214878559,False,False,False,1.0,1.0,1.0,1.0,0
160,10,4.457383965927875e-06,1.343742544653463,0.13563268909337312,0.5857493520988398,0.031112540513277054,0.031112540513277054,False,False,False,1.0,1.0,1.0,1.0,0
160,12,3.2853640732355416e-05,1.4544266199979405,0.13482109728282957,0.5862885589791071,0.03681015223264694,0.03681015223264694,False,False,False,1.0,1.0,1.0,1.0,0
160,14,0.00024367323203478009,1.5097575990609622,0.13082985308942355,0.5890275439002176,0.03276444599032402,0.03276444599032402,False,False,False,1.0,1.0,1.0,1.0,0
160,16,0.0018625101074576378,1.558512597456903,0.13803849346060051,0.5871687511995067,0.036886293441057205,0.036886293441057205,False,False,False,1.0,1.0,1.0,1.0,0
160,18,0.013492676429450512,1.4805488963360525,0.16158769852597066,0.5868745871690912,0.034229349344968796,0.034229349344968796,False,False,False,1.0,1.0,1.0,1.0,0
160,20,0.08350063115358353,1.365850275367912,0.13400908915929327,0.5841792791135778,0.028650855645537376,0.028650855645537376,False,False,False,1.0,1.0,1.0,1.0,0
160,22,0.623096764087677,1.3548888840961144,1.0,0.5849785888233645,0.00838830228894949,0.00838830228894949,False,False,False,1.0,1.0,1.0,1.0,0
161,0,3.0579907495109637e-09,0.24719590370211791,0.22647670408703321,0.6220946781119538,0.03170609474182129,0.03170609474182129,False,True,False,1.0,1.0,4.0,10.0,126
161,2,3.502451662029671e-09,0.28379705672890354,0.12202257401534893,0.621655489213053,0.030737238004803658,0.030737238004803658,False,True,False,1.0,1.0,3.814697265625,10.0,29
161,4,1.87033091236799e-08,0.8905387766547233,0.15889139205960873,0.6093963586790758,0.00042787755955941975,0.00042787755955941975,False,False,False,1.0,1.0,1.0,1.0,0
161,6,1.0771127989528395e-07,1.3909965625633536,0.13523983891164393,0.5892272145721273,0.004034329205751419,0.004034329205751419,False,False,False,1.0,1.0,1.0,1.0,0
161,8,7.864463782425446e-07,1.6110175547564844,0.14240599331277712,0.5817662885487995,0.0172751322388649,0.0172751322388649,False,False,False,1.0,1.0,1.0,1.0,0
161,10,5.512565167009598e-06,1.661842103284799,0.16925510718873146,0.581934503304048,0.038550324738025665,0.038550324738025665,False,False,False,1.0,1.0,1.0,1.0,0
161,12,3.255956471548416e-05,1.4007317781103852,0.13745723487828823,0.5825820316568887,0.037530094385147095,0.037530094385147095,False,False,False,1.0,1.0,1.0,1.0,0
161,14,0.00023686050553806126,1.3835096136812994,0.15760935995541372,0.5845631476075492,0.03514951467514038,0.03514951467514038,False,False,False,1.0,1.0,1.0,1.0,0
161,16,0.0015028227353468537,1.2271935032905912,0.14409027640505903,0.5809848031033105,0.03208905830979347,0.03208905830979347,False,False,False,1.0,1.0,1.0,1.0,0
161,18,0.010429720394313335,1.091228061854612,0.14521690212528277,0.5759454913413791,0.028943751007318497,0.028943751007318497,False,False,False,1.0,1.0,1.0,1.0,0
161,20,0.0718216598033905,1.141401246344182,0.12974541628108063,0.5704517064917479,0.024375101551413536,0.024375101551413536,False,False,False,1.0,1.0,1.0,1.0,0
161,22,0.553558349609375,1.159610764575686,1.0,0.5652069294498479,0.007105038966983557,0.007105038966983557,False,False,False,1.0,1.0,1.0,1.0,0
162,0,3.3493046114330127e-09,0.27074456661756036,0.2551985654629515,0.6247602196675746,0.0370149202644825,0.0370149202644825,False,True,False,1.0,1.0,3.2,10.0,127
162,2,3.124308145530108e-09,0.25315680031448556,0.12726783858610943,0.6240858938367617,0.03874482959508896,0.03874482959508896,False,True,False,1.0,1.0,3.0517578125,10.0,30
162,4,1.454907838649433e-08,0.692739364038973,0.15488583210717552,0.6112052432059096,0.00036707118852064013,0.00036707118852064013,False,False,False,1.0,1.0,1.0,1.0,0
162,6,8.393421069285978e-08,1.0839366004075135,0.14977019209745487,0.5945943398142409,0.0024493339005857706,0.0024493339005857706,False,False,False,1.0,1.0,1.0,1.0,0
162,8,5.504199975803203e-07,1.1275228713907857,0.1562312954884929,0.5864555566170988,0.010864675976336002,0.010864675976336002,False,False,False,1.0,1.0,1.0,1.0,0
162,10,3.5131097320117988e-06,1.0590774873839455,0.14374698387515805,0.5865281701820594,0.022809496149420738,0.022809496149420738,False,False,False,1.0,1.0,1.0,1.0,0
162,12,2.4429537006653845e-05,1.050973165911836,0.1251939001967425,0.5878545340869215,0.02676297537982464,0.02676297537982464,False,False,False,1.0,1.0,1.0,1.0,0
162,14,0.00019512360449880362,1.1020085266133117,0.14444647859161003,0.5896468730934249,0.025889484211802483,0.025889484211802483,False,False,False,1.0,1.0,1.0,1.0,0
162,16,0.0013508267002180219,1.0540414776996765,0.12421647696135008,0.5868912179332416,0.026430953294038773,0.026430953294038773,False,False,False,1.0,1.0,1.0,1.0,0
162,18,0.01087476871907711,1.092571422692988,0.16989387959356098,0.5879261208164657,0.02665969729423523,0.02665969729423523,False,False,False,1.0,1.0,1.0,1.0,0
162,20,0.0640091747045517,0.9572666483237853,0.13425941242989167,0.5812928604442448,0.018776623532176018,0.018776623532176018,False,False,False,1.0,1.0,1.0,1.0,0
162,22,0.4767574369907379,0.9639073624449719,1.0,0.5751561753953349,0.005573440343141556,0.005573440343141556,False,False,False,1.0,1.0,1.0,1.0,0
163,0,2.4061577175160664e-09,0.19433011526453095,0.19483410534944678,0.6211688143451848,0.03185346722602844,0.03185346722602844,False,True,False,1.0,1.0,2.5600000000000005,10.0,128
163,2,2.3497768175673173e-09,0.18934688795472054,0.10937160070722884,0.6207184120422258,0.03090381622314453,0.03090381622314453,False,True,False,1.0,1.0,2.44140625,10.0,31
163,4,1.1484341477796534e-08,0.5201906683520334,0.12650397387788848,0.6079825769666417,0.00034991331631317735,0.00034991331631317735,False,False,False,1.0,1.0,1.0,1.0,0
163,6,8.07824562798487e-08,0.9601153605647136,0.1385341546952603,0.5949931172922373,0.0031543646473437548,0.0031543646473437548,False,False,False,1.0,1.0,1.0,1.0,0
163,8,5.731230316996516e-07,1.06202420419833,0.13279898550971042,0.5872109721381196,0.01494490448385477,0.01494490448385477,False,False,False,1.0,1.0,1.0,1.0,0
163,10,4.305718448449625e-06,1.227208780106554,0.13521028906346735,0.5874440461319305,0.038893960416316986,0.038893960416316986,False,False,False,1.0,1.0,1.0,1.0,0
163,12,3.1834606488700956e-05,1.3548555550211523,0.12022069097741116,0.5876133967505657,0.04364708065986633,0.04364708065986633,False,False,False,1.0,1.0,1.0,1.0,0
163,14,0.0002647913934197277,1.4459655706767869,0.13223411497109291,0.5732437050157886,0.04298943653702736,0.04298943653702736,False,False,False,1.0,1.0,1.0,1.0,0
163,16,0.0020024338737130165,1.498122523542512,0.13473973346050078,0.569364978935313,0.045974742621183395,0.045974742621183395,False,False,False,1.0,1.0,1.0,1.0,0
163,18,0.014861484989523888,1.4483199159894125,0.16017644407085563,0.5693494657761748,0.03782162815332413,0.03782162815332413,False,False,False,1.0,1.0,1.0,1.0,0
163,20,0.09278195351362228,1.3875677990674464,0.13584067240143224,0.5634528167238201,0.032107919454574585,0.032107919454574585,False,False,False,1.0,1.0,1.0,1.0,0
163,22,0.6830204129219055,1.380929490835441,1.0,0.5565672628866681,0.009533642791211605,0.009533642791211605,False,False,False,1.0,1.0,1.0,1.0,0
164,0,2.6988156154317267e-09,0.21787816264660964,0.21065452733166865,0.6182546803532878,0.025504032149910927,0.025504032149910927,False,True,False,1.0,1.0,3.2000000000000006,10.0,129
164,2,2.811571864214102e-09,0.2265587007114734,0.11169661372166043,0.6178524917578011,0.024829015135765076,0.024829015135765076,False,True,False,1.0,1.0,3.0517578125,10.0,32
164,4,1.517150494123598e-08,0.6872031200522916,0.14878793187765205,0.6054698351220654,0.00038044966640882194,0.00038044966640882194,False,False,False,1.0,1.0,1.0,1.0,0
164,6,9.196730843541445e-08,1.0158452989245341,0.14173112637320134,0.5896881955835168,0.003164632711559534,0.003164632711559534,False,False,False,1.0,1.0,1.0,1.0,0
164,8,6.38885751413909e-07,1.145178132365575,0.1499815037921708,0.581999078475843,0.015227265655994415,0.015227265655994415,False,False,False,1.0,1.0,1.0,1.0,0
164,10,4.249763605912449e-06,1.1607866440888657,0.12869177783466632,0.5824240263584743,0.03200090676546097,0.03200090676546097,False,False,False,1.0,1.0,1.0,1.0,0
164,12,3.3012805943144485e-05,1.3771566834608509,0.13496910833482256,0.5831639744211684,0.04015433415770531,0.04015433415770531,False,False,False,1.0,1.0,1.0,1.0,0
164,14,0.000244585273321718,1.2854075392718496,0.14038256566081483,0.5890088150150784,0.03872043639421463,0.03872043639421463,False,False,False,1.0,1.0,1.0,1.0,0
164,16,0.0017422667006030679,1.28300243053097,0.12430861967309056,0.5905482458486397,0.033617183566093445,0.033617183566093445,False,False,False,1.0,1.0,1.0,1.0,0
164,18,0.014015644788742065,1.3412548919187706,0.18518660455347513,0.5896438373279559,0.03483588993549347,0.03483588993549347,False,False,False,1.0,1.0,1.0,1.0,0
164,20,0.07568389177322388,1.0695297924218743,0.12361504633266415,0.5811317427633884,0.025813471525907516,0.025813471525907516,False,False,False,1.0,1.0,1.0,1.0,0
164,22,0.6122546792030334,1.1656825208888701,1.0,0.5721183408322226,0.0077284243889153,0.0077284243889153,False,False,False,1.0,1.0,1.0,1.0,0
165,0,3.3752218797644673e-09,0.27223683533310544,0.26744149952138696,0.621507141529266,0.03205389901995659,0.03205389901995659,False,True,False,1.0,1.0,2.5600000000000005,10.0,130
165,2,2.620411887477303e-09,0.21011589125775693,0.12069691772603819,0.6210641243458092,0.03116018697619438,0.03116018697619438,False,True,False,1.0,1.0,2.44140625,10.0,33
165,4,1.1710677760845556e-08,0.5150544427143902,0.15010470903949943,0.6088718548328108,0.00033698411425575614,0.00033698411425575614,False,False,False,1.0,1.0,1.0,1.0,0
165,6,6.801672469691766e-08,0.7364438283954853,0.14599570276331642,0.5937202279149956,0.0022445686627179384,0.0022445686627179384,False,False,False,1.0,1.0,1.0,1.0,0
165,8,4.5588168973154097e-07,0.814802008234969,0.15373448085810204,0.5859042085437545,0.010087097063660622,0.010087097063660622,False,False,False,1.0,1.0,1.0,1.0,0
165,10,2.955383479275042e-06,0.7765476301186175,0.14405155281021673,0.586614152279863,0.01999088190495968,0.01999088190495968,False,False,False,1.0,1.0,1.0,1.0,0
165,12,2.0506151486188173e-05,0.8028131744366503,0.12409999740464257,0.5877764461657883,0.025428861379623413,0.025428861379623413,False,False,False,1.0,1.0,1.0,1.0,0
165,14,0.0001652289356570691,0.8363623333153788,0.12184699848478663,0.5930611886943402,0.02777731791138649,0.02777731791138649,False,False,False,1.0,1.0,1.0,1.0,0
165,16,0.0013560261577367783,0.9617939644219632,0.13647144507903342,0.5953956121261685,0.028987210243940353,0.028987210243940353,False,False,False,1.0,1.0,1.0,1.0,0
165,18,0.009936326183378696,0.9459812318506852,0.15363232715072567,0.5927760459465118,0.025058744475245476,0.025058744475245476,False,False,False,1.0,1.0,1.0,1.0,0
165,20,0.06467600166797638,0.8769296098674303,0.14959812545199633,0.5873817652722034,0.02282167598605156,0.02282167598605156,False,False,False,1.0,1.0,1.0,1.0,0
165,22,0.4323316216468811,0.7726780093258568,1.0,0.5797480860907429,0.005962154362350702,0.005962154362350702,False,False,False,1.0,1.0,1.0,1.0,0
166,0,2.3470978494088968e-09,0.18917217335738334,0.18252435483843257,0.6182849739556925,0.025370201095938683,0.025370201095938683,False,True,False,1.0,1.0,3.2000000000000006,10.0,131
166,2,2.859094072604762e-09,0.22925445504426373,0.11375459272405405,0.6180731992451715,0.024957159534096718,0.024957159534096718,False,True,False,1.0,1.0,3.0517578125,10.0,34
166,4,1.5133878150663804e-08,0.6837762480221116,0.13845822716356948,0.6058860775634067,0.0003755563229788095,0.0003755563229788095,False,False,False,1.0,1.0,1.0,1.0,0
166,6,9.930284505799136e-08,1.0968715953325303,0.14355568792376824,0.5907022030197557,0.003152479650452733,0.003152479650452733,False,False,False,1.0,1.0,1.0,1.0,0
166,8,6.817374469392234e-07,1.2219881481497359,0.13790910116370414,0.5829248719499972,0.01507810689508915,0.01507810689508915,False,False,False,1.0,1.0,1.0,1.0,0
166,10,4.933382570015965e-06,1.3475113273331825,0.14921679525237813,0.5831755308694629,0.03388079255819321,0.03388079255819321,False,False,False,1.0,1.0,1.0,1.0,0
166,12,3.3051845093723387e-05,1.378785234127794,0.15090601664011274,0.5837399865403489,0.03742896765470505,0.03742896765470505,False,False,False,1.0,1.0,1.0,1.0,0
166,14,0.00021901271247770637,1.1510120294320434,0.13004267543182246,0.5778690839847959,0.03157516196370125,0.03157516196370125,False,False,False,1.0,1.0,1.0,1.0,0
166,16,0.0016841503093019128,1.237835854620284,0.12956521831804363,0.5745480526666529,0.029571428894996643,0.029571428894996643,False,False,False,1.0,1.0,1.0,1.0,0
166,18,0.012998465448617935,1.24391390001549,0.16593780446224848,0.5797598673446004,0.02993016690015793,0.02993016690015793,False,False,False,1.0,1.0,1.0,1.0,0
166,20,0.07833334803581238,1.1069706842704041,0.13594067805618693,0.5834559148362604,0.027148732915520668,0.027148732915520668,False,False,False,1.0,1.0,1.0,1.0,0
166,22,0.576231837272644,1.0970979945188029,1.0,0.5673196693242278,0.0071974401362240314,0.0071974401362240314,False,False,False,1.0,1.0,1.0,1.0,0
167,0,2.5977560103029873e-09,0.20937480320429902,0.2024005711970779,0.6214960142320886,0.031777285039424896,0.031777285039424896,False,True,False,1.0,1.0,2.5600000000000005,10.0,132
167,2,2.834726675615684e-09,0.2271447474710131,0.11315360059390493,0.6212974724347101,0.03140205144882202,0.03140205144882202,False,True,False,1.0,1.0,2.44140625,10.0,35
167,4,1.505202362750424e-08,0.6620122079619294,0.146631585091141,0.6097539953257007,0.00037874537520110607,0.00037874537520110607,False,False,False,1.0,1.0,1.0,1.0,0
167,6,9.265198741559288e-08,1.0031795065821758,0.14547337255713716,0.5981527938745516,0.002985132159665227,0.002985132159665227,False,False,False,1.0,1.0,1.0,1.0,0
167,8,6.268999754865945e-07,1.1204647400726466,0.15933942603224716,0.5906989860861963,0.014320245943963528,0.014320245943963528,False,False,False,1.0,1.0,1.0,1.0,0
167,10,3.924368229490938e-06,1.0311551342472574,0.13349732791083688,0.5907343070239061,0.029123395681381226,0.029123395681381226,False,False,False,1.0,1.0,1.0,1.0,0
167,12,2.9386605092440732e-05,1.1504817827991194,0.13690336469114647,0.5863410701214188,0.03592979907989502,0.03592979907989502,False,False,False,1.0,1.0,1.0,1.0,0
167,14,0.00021464217570610344,1.0864842177161707,0.11658773395390569,0.5652963545499609,0.031022025272250175,0.031022025272250175,False,False,False,1.0,1.0,1.0,1.0,0
167,16,0.001841025659814477,1.3057914538395203,0.1463474615800582,0.5627180186724022,0.037489376962184906,0.037489376962184906,False,False,False,1.0,1.0,1.0,1.0,0
167,18,0.01257981639355421,1.1976529341736395,0.14984033629153784,0.5691890794385636,0.03292367234826088,0.03292367234826088,False,False,False,1.0,1.0,1.0,1.0,0
167,20,0.08395479619503021,1.1383271194122198,0.13896625023509174,0.5719758024013682,0.031356267631053925,0.031356267631053925,False,False,False,1.0,1.0,1.0,1.0,0
167,22,0.6041380167007446,1.0797363337065313,1.0,0.5618765313378878,0.008310591802001,0.008310591802001,False,False,False,1.0,1.0,1.0,1.0,0
168,0,2.6559934251935147e-09,0.21293004859185877,0.20660754388320599,0.6185259047914453,0.025416569784283638,0.025416569784283638,False,True,False,1.0,1.0,2.0480000000000005,10.0,133
168,2,2.855258696143892e-09,0.2285606277033319,0.11499352789399926,0.6184222216423999,0.025284837931394577,0.025284837931394577,False,True,False,1.0,1.0,1.953125,10.0,36
168,4,1.4829733885335372e-08,0.6434562387267122,0.1564071621781826,0.6042079219138466,0.0004025345842819661,0.0004025345842819661,False,False,False,1.0,1.0,1.0,1.0,0
168,6,8.481492841383442e-08,0.8904888125804716,0.15336875852731394,0.593209874515027,0.003142064204439521,0.003142064204439521,False,False,False,1.0,1.0,1.0,1.0,0
168,8,5.430130727290816e-07,0.9497029124841729,0.15234791862492583,0.5857978637410198,0.014011460356414318,0.014011460356414318,False,False,False,1.0,1.0,1.0,1.0,0
168,10,3.5542959722079104e-06,0.9176093333191142,0.13043172496488434,0.5855942914649547,0.027235638350248337,0.027235638350248337,False,False,False,1.0,1.0,1.0,1.0,0
168,12,2.7240241252002306e-05,0.9868585595797394,0.11774371952394203,0.5852715581847203,0.03663428872823715,0.03663428872823715,False,False,False,1.0,1.0,1.0,1.0,0
168,14,0.00023134196817409247,1.120628741291003,0.13604915954936345,0.5837690992640309,0.04110457003116608,0.04110457003116608,False,False,False,1.0,1.0,1.0,1.0,0
168,16,0.001700419234111905,1.149890115472154,0.13398351298091196,0.5868343374381074,0.03811817616224289,0.03811817616224289,False,False,False,1.0,1.0,1.0,1.0,0
168,18,0.012691247276961803,1.1853967704005068,0.15325737862883326,0.5838531693368739,0.035447992384433746,0.035447992384433746,False,False,False,1.0,1.0,1.0,1.0,0
168,20,0.08281001448631287,1.080685297583882,0.1410271911751783,0.5884804824759867,0.03508144989609718,0.03508144989609718,False,False,False,1.0,1.0,1.0,1.0,0
168,22,0.5871918201446533,1.0286084380127294,1.0,0.5708854976704647,0.008273578248918056,0.008273578248918056,False,False,False,1.0,1.0,1.0,1.0,0
169,0,2.6427666721673404e-09,0.21058089753660122,0.2104895452122051,0.6158293519952454,0.020336605608463287,0.020336605608463287,False,True,False,1.0,1.0,2.5600000000000005,10.0,134
169,2,2.555334610576665e-09,0.2045520020214723,0.11677067441559776,0.6156855491565132,0.020231174305081367,0.020231174305081367,False,True,False,1.0,1.0,2.44140625,10.0,37
169,4,1.1883359185560494e-08,0.5066591941715393,0.1401795157454361,0.6014837783563826,0.000368764391168952,0.000368764391168952,False,False,False,1.0,1.0,1.0,1.0,0
169,6,7.477243713083226e-08,0.7814377865983276,0.14108347074638733,0.5907129751208714,0.002865987131372094,0.002865987131372094,False,False,False,1.0,1.0,1.0,1.0,0
169,8,5.199872248340398e-07,0.9094318473725436,0.1305089220410241,0.5834065569447205,0.013793920166790485,0.013793920166790485,False,False,False,1.0,1.0,1.0,1.0,0
169,10,3.97430403609178e-06,1.0260424301975712,0.1465217261236939,0.5830866309098414,0.031097939237952232,0.031097939237952232,False,False,False,1.0,1.0,1.0,1.0,0
169,12,2.7114332624478266e-05,0.9716655824875675,0.13982596093560268,0.5825041111540002,0.03690461441874504,0.03690461441874504,False,False,False,1.0,1.0,1.0,1.0,0
169,14,0.00019390486704651266,0.9070482794852311,0.1259035272360249,0.5806264218374492,0.03498402610421181,0.03498402610421181,False,False,False,1.0,1.0,1.0,1.0,0
169,16,0.0015400967095047235,0.9697244536580711,0.14154634615335138,0.5841623331554219,0.034427281469106674,0.034427281469106674,False,False,False,1.0,1.0,1.0,1.0,0
169,18,0.010880501940846443,0.9277923792446902,0.17975823718038644,0.5837391082156956,0.030565721914172173,0.030565721914172173,False,False,False,1.0,1.0,1.0,1.0,0
169,20,0.06052852049469948,0.7764840636595333,0.13400536681478692,0.5831660323285859,0.026934297755360603,0.026934297755360603,False,False,False,1.0,1.0,1.0,1.0,0
169,22,0.4516872763633728,0.7806039221443763,1.0,0.5706539445179358,0.006854402832686901,0.006854402832686901,False,False,False,1.0,1.0,1.0,1.0,0
170,0,2.3991648667731624e-09,0.19117022183764787,0.1906686796626772,0.6193115111820887,0.02524716779589653,0.02524716779589653,False,True,False,1.0,1.0,2.0480000000000005,10.0,135
170,2,2.5828996719212682e-09,0.20675855785198674,0.1135738193508477,0.6192069887081285,0.025152642279863358,0.025152642279863358,False,True,False,1.0,1.0,1.953125,10.0,38
170,4,1.274203409451502e-08,0.5528717774424678,0.14250577892828425,0.6053016653398176,0.0003452377859503031,0.0003452377859503031,False,False,False,1.0,1.0,1.0,1.0,0
170,6,7.941415702816812e-08,0.8414783495598112,0.14493219179262806,0.5919068071977922,0.0029585971496999264,0.0029585971496999264,False,False,False,1.0,1.0,1.0,1.0,0
170,8,5.379400818128488e-07,0.961465811950699,0.15025658094179273,0.5841508359481777,0.011604195460677147,0.011604195460677147,False,False,False,1.0,1.0,1.0,1.0,0
170,10,3.5701432352652773e-06,0.92170060669722,0.14478397551556724,0.584135761022449,0.023658500984311104,0.023658500984311104,False,False,False,1.0,1.0,1.0,1.0,0
170,12,2.4648414182593115e-05,0.9066154426730929,0.12612025873806706,0.582554454827605,0.029046224430203438,0.029046224430203438,False,False,False,1.0,1.0,1.0,1.0,0
170,14,0.0001954258041223511,0.9466495621953379,0.12581654245344642,0.5672430028578386,0.029033031314611435,0.029033031314611435,False,False,False,1.0,1.0,1.0,1.0,0
170,16,0.0015532500110566616,1.0208878876539216,0.1225994009067007,0.5592061558764284,0.023828629404306412,0.023828629404306412,False,False,False,1.0,1.0,1.0,1.0,0
170,18,0.012669301591813564,1.164709935606816,0.14770374457507798,0.561977485701884,0.02624867670238018,0.02624867670238018,False,False,False,1.0,1.0,1.0,1.0,0
170,20,0.08577507734298706,1.1193798909310366,0.1452649685987471,0.5710947062494698,0.02953406609594822,0.02953406609594822,False,False,False,1.0,1.0,1.0,1.0,0
170,22,0.5904732346534729,1.0343566288706296,1.0,0.557286664695638,0.0072606950998306274,0.0072606950998306274,False,False,False,1.0,1.0,1.0,1.0,0
171,0,2.9697524439598055e-09,0.23808399757317922,0.23023599614195323,0.6165104666292793,0.02020707167685032,0.02020707167685032,False,True,False,1.0,1.0,1.6384000000000005,10.0,136
171,2,2.898732143208349e-09,0.232040634037924,0.12458555681003959,0.6164209029337836,0.0202557984739542,0.0202557984739542,False,True,False,1.0,1.0,1.5625,10.0,39
171,4,1.3266999943084556e-08,0.5811126885677903,0.14993093244330472,0.602488690402089,0.00036198433372192085,0.00036198433372192085,False,False,False,0.9,1.0,1.0,1.0,0
171,6,7.848741034877094e-08,0.8498140599339343,0.13687191834397408,0.5892182602072102,0.0026890141889452934,0.0026890141889452934,False,False,False,0.9,1.0,1.0,1.0,0
171,8,5.634369131257699e-07,1.0099389921456725,0.1331979553727414,0.5814805567458796,0.01157870888710022,0.01157870888710022,False,False,False,0.9,1.0,1.0,1.0,0
171,10,4.220071787131019e-06,1.1088533072638356,0.14579260306648925,0.5847869804570891,0.027298884466290474,0.027298884466290474,False,False,False,0.9,1.0,1.0,1.0,0
171,12,2.8935719456057996e-05,1.0762667899178753,0.14218008348754474,0.5808935272105076,0.032763682305812836,0.032763682305812836,False,False,False,0.9,1.0,1.0,1.0,0
171,14,0.0002035045763477683,1.029320210344742,0.1427973603773589,0.5714138321927863,0.028772488236427307,0.028772488236427307,False,False,False,0.9,1.0,1.0,1.0,0
171,16,0.0014251184184104204,0.9366722172678216,0.11840269230168093,0.5696382599113079,0.023943739011883736,0.023943739011883736,False,False,False,0.9,1.0,1.0,1.0,0
171,18,0.012036189436912537,1.106506883779307,0.13954848786831406,0.5643318573890963,0.025996670126914978,0.025996670126914978,False,False,False,0.9,1.0,1.0,1.0,0
171,20,0.08625093847513199,1.1255899626523216,0.1377947368138171,0.5589615740426698,0.026237070560455322,0.026237070560455322,False,False,False,0.9,1.0,1.0,1.0,0
171,22,0.625937819480896,1.096481423448182,1.0,0.5476234611500033,0.00664769159629941,0.00664769159629941,False,False,False,0.9,1.0,1.0,1.0,0
172,0,2.3798378823158828e-09,0.18935238702028317,0.19537180069982685,0.6139640039434454,0.017210571095347404,0.017210571095347404,False,True,False,1.0,1.0,2.0480000000000005,10.0,137
172,2,2.181071545592772e-09,0.17411574758217851,0.11742844597625382,0.6138928659304098,0.018075987696647644,0.018075987696647644,False,True,False,1.0,1.0,1.953125,10.0,40
172,4,8.573621812502097e-09,0.3720060310180769,0.17269491904568995,0.5967878552059908,0.0006700157537125051,0.0006700157537125051,False,False,False,0.9720000000000001,1.0,1.0,1.0,0
172,6,3.964605710393698e-08,0.43791931519025884,0.1246496687207624,0.5899286896546696,0.001761076389811933,0.001761076389811933,False,False,False,0.9720000000000001,1.0,1.0,1.0,0
172,8,3.0805986739324e-07,0.5521854616689091,0.13172220746729743,0.5822157620591517,0.008291586302220821,0.008291586302220821,False,False,False,0.9720000000000001,1.0,1.0,1.0,0
172,10,2.3287086605705554e-06,0.6118844489332922,0.1417379436589912,0.5821799091729529,0.018237849697470665,0.018237849697470665,False,False,False,0.9720000000000001,1.0,1.0,1.0,0
172,12,1.6419677194789983e-05,0.6107314280801319,0.12294189352310446,0.5826787962866322,0.0224189143627882,0.0224189143627882,False,False,False,0.9720000000000001,1.0,1.0,1.0,0
172,14,0.00013354640395846218,0.6754738152836416,0.12066188752455236,0.587449267290372,0.02188899926841259,0.02188899926841259,False,False,False,0.9720000000000001,1.0,1.0,1.0,0
172,16,0.0011067719897255301,0.7484425872961402,0.13885170056693594,0.5904801263448729,0.021079961210489273,0.021079961210489273,False,False,False,0.9720000000000001,1.0,1.0,1.0,0
172,18,0.007970882579684258,0.7327764730229779,0.146181131406062,0.5904477510921003,0.02054401859641075,0.02054401859641075,False,False,False,0.9720000000000001,1.0,1.0,1.0,0
172,20,0.05452742800116539,0.7115925546138238,0.13801876814457179,0.5921425889358871,0.020276181399822235,0.020276181399822235,False,False,False,0.9720000000000001,1.0,1.0,1.0,0
172,22,0.3950725495815277,0.6920650870556274,1.0,0.5756885893066088,0.005264223087579012,0.005264223087579012,False,False,False,0.9720000000000001,0.9,1.0,1.0,0
173,0,2.7943853897482995e-09,0.22351583997342783,0.21270100498412509,0.6175986558736196,0.02040809579193592,0.02040809579193592,False,True,False,1.0,1.0,1.6384000000000005,10.0,138
173,2,3.137621940041413e-09,0.25047751910040156,0.1336029803298545,0.6174934653858833,0.020589839667081833,0.020589839667081833,False,True,False,1.0,1.0,1.5625,10.0,41
173,4,1.3484670269292565e-08,0.590646945673904,0.192285381719988,0.6000323444686745,0.0008127925684675574,0.0008127925684675574,False,False,False,0.8748000000000001,1.0,1.0,1.0,0
173,6,6.012842135305618e-08,0.669219050546202,0.1400570686159794,0.5887105238543078,0.0022628537844866514,0.0022628537844866514,False,False,False,0.8748000000000001,1.0,1.0,1.0,0
173,8,4.1931372152248514e-07,0.7553724036515037,0.16069796557578803,0.5812450160510398,0.009025145322084427,0.009025145322084427,False,False,False,0.8748000000000001,1.0,1.0,1.0,0
173,10,2.599328126962064e-06,0.7032209160454426,0.13499732363006775,0.5813796429548468,0.019797958433628082,0.019797958433628082,False,False,False,0.8748000000000001,1.0,1.0,1.0,0
173,12,1.9244664144935086e-05,0.7432847939347652,0.112072788845483,0.5810675569240147,0.024567708373069763,0.024567708373069763,False,False,False,0.8748000000000001,1.0,1.0,1.0,0
173,14,0.00017170576029457152,0.8792586234582597,0.13303189631128026,0.56781519934173,0.025800850242376328,0.025800850242376328,False,False,False,0.8748000000000001,1.0,1.0,1.0,0
173,16,0.0012907012132927775,0.8816382086466545,0.12331065182081179,0.5623971045223769,0.0257289819419384,0.0257289819419384,False,False,False,0.8748000000000001,1.0,1.0,1.0,0
173,18,0.010467059910297394,0.9622542004993073,0.14908429027801037,0.5652858758957175,0.02691643498837948,0.02691643498837948,False,False,False,0.8748000000000001,1.0,1.0,1.0,0
173,20,0.07020899653434753,0.9519504352807581,0.14660373708364763,0.5713520416450711,0.0254653450101614,0.0254653450101614,False,False,False,0.8748000000000001,1.0,1.0,1.0,0
173,22,0.4789031744003296,0.8477736335173246,1.0,0.56284694231246,0.006509564816951752,0.006509564816951752,False,False,False,0.8748000000000001,0.9720000000000001,1.0,1.0,0
174,0,3.876486687204306e-09,0.310070393731312,0.27686345384360633,0.6149621402808135,0.00043610160355456173,0.00043610160355456173,False,False,True,0.9,1.0,1.0,7.0,0
174,2,4.001438735912188e-09,0.31835479699527836,0.11934402110508074,0.614781560154591,0.0004706751788035035,0.0004706751788035035,False,False,True,0.9,1.0,1.0,7.0,0
174,4,2.352860661858358e-08,1.0305850538203978,0.1657292795696964,0.5973568867538706,0.0011142035946249962,0.0011142035946249962,False,False,False,0.7873200000000001,1.0,1.0,1.0,0
174,6,1.319701254942629e-07,1.4836308351870078,0.14514829254518227,0.5824420596459646,0.004525563679635525,0.004525563679635525,False,False,False,0.7873200000000001,1.0,1.0,1.0,0
174,8,8.992089419734839e-07,1.6335099059643723,0.16478489523746517,0.5749199848538513,0.017831837758421898,0.017831837758421898,False,False,False,0.7873200000000001,1.0,1.0,1.0,0
174,10,5.446865088742925e-06,1.524784501782988,0.1459392107221406,0.5746787070272563,0.03466157615184784,0.03466157615184784,False,False,False,0.7873200000000001,1.0,1.0,1.0,0
174,12,3.731283504748717e-05,1.4411300036479247,0.13288265568739713,0.5758152782211141,0.04013673961162567,0.04013673961162567,False,False,False,0.7873200000000001,1.0,1.0,1.0,0
174,14,0.00028078537434339523,1.4378257392695697,0.14142509231810224,0.5798423082468396,0.03644796833395958,0.03644796833395958,False,False,False,0.7873200000000001,1.0,1.0,1.0,0
174,16,0.0019853899721056223,1.3561586837024067,0.1433818858987771,0.5767598480194952,0.033576250076293945,0.033576250076293945,False,False,False,0.7873200000000001,1.0,1.0,1.0,0
174,18,0.013846857473254204,1.272964603388375,0.1399741984240599,0.5774560698378363,0.03049744851887226,0.03049744851887226,False,False,False,0.7873200000000001,1.0,1.0,1.0,0
174,20,0.09892434626817703,1.3412964027165,0.14141357426017395,0.5831923877993624,0.03081916645169258,0.03081916645169258,False,False,False,0.7873200000000001,1.0,1.0,1.0,0
174,22,0.6995392441749573,1.238352465641452,1.0,0.5748910383601911,0.00844352226704359,0.00844352226704359,False,False,False,0.7873200000000001,0.8748000000000001,1.0,1.0,0
175,0,2.6479813897140048e-09,0.20981985381412416,0.2065003369678365,0.6122003868535242,0.0121766347438097,0.0121766347438097,False,True,False,0.9720000000000001,1.0,1.25,8.4,1
175,2,2.8231335047479433e-09,0.2240287747976649,0.11428633577468068,0.6120461148678491,0.012943343259394169,0.012943343259394169,False,True,False,0.9720000000000001,1.0,1.25,8.4,1
175,4,1.4702283834822083e-08,0.636660326387628,0.13533361830906018,0.5930428192899139,0.0008193146786652505,0.0008193146786652505,False,False,False,0.8503056000000002,1.0,1.0,1.0,0
175,6,9.863733652082374e-08,1.0947745877134687,0.14507447578039112,0.5753110971390176,0.0033600623719394207,0.0033600623719394207,False,False,False,0.8503056000000002,1.0,1.0,1.0,0
175,8,6.699082746308704e-07,1.206805782068396,0.13947898490454455,0.5674659528391599,0.013714428059756756,0.013714428059756756,False,False,False,0.8503056000000002,1.0,1.0,1.0,0
175,10,4.79293339594733e-06,1.2756473706711742,0.14541394058400198,0.5685622522518365,0.03139881417155266,0.03139881417155266,False,False,False,0.8503056000000002,1.0,1.0,1.0,0
175,12,3.295061833341606e-05,1.2119862643252335,0.14001695048989213,0.5693947447162272,0.03678932413458824,0.03678932413458824,False,False,False,0.8503056000000002,1.0,1.0,1.0,0
175,14,0.00023532306659035385,1.179710952089086,0.1300155011307699,0.565817887592043,0.030468516051769257,0.030468516051769257,False,False,False,0.8503056000000002,1.0,1.0,1.0,0
175,16,0.0018099516164511442,1.1896073840795256,0.13797902620755387,0.5717910833807184,0.02994687296450138,0.02994687296450138,False,False,False,0.8503056000000002,1.0,1.0,1.0,0
175,18,0.013117575086653233,1.1448043194700301,0.1480308451718763,0.570792597209839,0.027882657945156097,0.027882657945156097,False,False,False,0.8503056000000002,1.0,1.0,1.0,0
175,20,0.08861378580331802,1.1564255371156984,0.12730826948189006,0.5625508032959463,0.02632497437298298,0.02632497437298298,False,False,False,0.8503056000000002,0.9304690909090911,1.0,1.0,0
175,22,0.6960567831993103,1.202922206211251,1.0,0.559059330846816,0.00824232492595911,0.00824232492595911,False,False,False,0.8503056000000002,0.7873200000000001,1.0,1.0,0
176,0,3.285458793911289e-09,0.2598150743404217,0.24594993988269084,0.6160301268018936,0.014600600115954876,0.014600600115954876,False,True,False,1.0,1.0,1.25,8.82,2
176,2,3.3582419067812452e-09,0.2640959462360382,0.1178979880319409,0.6158800541470468,0.015645626932382584,0.015645626932382584,False,True,False,1.0,1.0,1.25,8.82,2
176,4,1.8484302088950244e-08,0.7907440313889225,0.1469970657546568,0.5971295985126609,0.0009322814294137061,0.0009322814294137061,False,False,False,0.7652750400000002,1.0,1.0,1.0,0
176,6,1.1574606162412238e-07,1.2532281306399236,0.15372510343041695,0.5762410446150983,0.003747294656932354,0.003747294656932354,False,False,False,0.7652750400000002,1.0,1.0,1.0,0
176,8,7.429418360516138e-07,1.3295021329594363,0.13573624989199531,0.5751775513696742,0.015130122192203999,0.015130122192203999,False,False,False,0.7652750400000002,1.0,1.0,1.0,0
176,10,5.463422439788701e-06,1.3798834593861449,0.14007976568536087,0.5759919912290763,0.03431517630815506,0.03431517630815506,False,False,False,0.7652750400000002,1.0,1.0,1.0,0
176,12,3.8992224290268496e-05,1.3888401961691985,0.14135595364984674,0.5779668019787367,0.0409318283200264,0.0409318283200264,False,False,False,0.7652750400000002,1.0,1.0,1.0,0
176,14,0.0002758342307060957,1.3248084020603605,0.15151752436828042,0.5829289423657701,0.038390081375837326,0.038390081375837326,False,False,False,0.7652750400000002,1.0,1.0,1.0,0
176,16,0.0018204674124717712,1.1770136404269536,0.14311931690182977,0.584933744909401,0.03304204344749451,0.03304204344749451,False,False,False,0.7652750400000002,1.0,1.0,1.0,0
176,18,0.012719918042421341,1.0334664198051142,0.1351398477334834,0.5840968289020172,0.03132018819451332,0.03132018819451332,False,False,False,0.7652750400000002,1.0,1.0,1.0,0
176,20,0.09412410110235214,1.2074616051230813,0.13464929044336757,0.5811729954516911,0.028549741953611374,0.028549741953611374,False,False,False,0.7652750400000002,1.0,1.0,1.0,0
176,22,0.6990315318107605,1.1967295304683248,1.0,0.5722393659878845,0.00874140951782465,0.00874140951782465,False,False,False,0.7652750400000002,0.8503056000000002,1.0,1.0,0
177,0,2.5625748190094555e-09,0.20254326347967647,0.20876554973114972,0.6134781467761826,0.015155945904552937,0.015155945904552937,False,True,False,1.0,1.0,1.5625,10.0,3
177,2,2.27489316273477e-09,0.17748541518165153,0.10608006020053602,0.6133606748556797,0.01617012917995453,0.01617012917995453,False,True,False,1.0,1.0,1.5625,10.0,3
177,4,1.1445059122650036e-08,0.4847751570287814,0.14691576484156793,0.5947143404486239,0.0007520883227698505,0.0007520883227698505,False,False,False,0.8264970432000003,1.0,1.0,1.0,0
177,6,6.790218520791313e-08,0.7194966348379483,0.15173442144701005,0.5707006492090486,0.0024930457584559917,0.0024930457584559917,False,False,False,0.8264970432000003,1.0,1.0,1.0,0
177,8,4.375067987893999e-07,0.7717143047916865,0.1553083439692678,0.5763753496903748,0.010713995434343815,0.010713995434343815,False,False,False,0.8264970432000003,1.0,1.0,1.0,0
177,10,2.807020564432605e-06,0.6935257043468691,0.14175011373014038,0.5766031270102304,0.022357892245054245,0.022357892245054245,False,False,False,0.8264970432000003,1.0,1.0,1.0,0
177,12,1.9792598322965205e-05,0.6843174244015184,0.11572806146344591,0.5772047400259316,0.026510046795010567,0.026510046795010567,False,False,False,0.8264970432000003,1.0,1.0,1.0,0
177,14,0.00017101678531616926,0.7999823998585717,0.11401899496247887,0.5727199964202973,0.02617715299129486,0.02617715299129486,False,False,False,0.8264970432000003,1.0,1.0,1.0,0
177,16,0.0014998873230069876,0.9296476382613745,0.14015854721753432,0.5712179485327084,0.02716633304953575,0.02716633304953575,False,False,False,0.8264970432000003,1.0,1.0,1.0,0
177,18,0.010701351799070835,0.8476607641237033,0.14988420130776237,0.5712787025424539,0.024806072935461998,0.024806072935461998,False,False,False,0.8264970432000003,1.0,1.0,1.0,0
177,20,0.07139745354652405,0.8861357187499904,0.14471513904726996,0.566480155684896,0.02228810451924801,0.02228810451924801,False,False,False,0.8264970432000003,0.9044159563636367,1.0,1.0,0
177,22,0.49336546659469604,0.8378705918221581,1.0,0.5614708030542952,0.0065434835851192474,0.0065434835851192474,False,False,False,0.8264970432000003,0.7652750400000002,1.0,1.0,0
178,0,2.714722224794741e-09,0.21456883708210114,0.21639554834785701,0.6172162479759088,0.017243362963199615,0.017243362963199615,False,True,False,1.0,1.0,1.25,10.0,4
178,2,2.5451851737301467e-09,0.19857339002708435,0.1226857519980078,0.617033854238053,0.01851538196206093,0.01851538196206093,False,True,False,1.0,1.0,1.25,10.0,4
178,4,1.0745564438252586e-08,0.4551468570055434,0.17088293078340547,0.598577719204326,0.0007859348552301526,0.0007859348552301526,False,False,False,0.7438473388800003,1.0,1.0,1.0,0
178,6,5.288260851443738e-08,0.5603480764438818,0.1386724656769888,0.5745199338933278,0.0022283869329839945,0.0022283869329839945,False,False,False,0.7438473388800003,1.0,1.0,1.0,0
178,8,3.713490173140599e-07,0.6550191894721681,0.12315040420040299,0.5797687269239269,0.010137178935110569,0.010137178935110569,False,False,False,0.7438473388800003,1.0,1.0,1.0,0
178,10,3.0054104627197376e-06,0.7590692888711378,0.15463656867599448,0.5795699402107188,0.024028355255723,0.024028355255723,False,False,False,0.7438473388800003,1.0,1.0,1.0,0
178,12,1.942531525855884e-05,0.6913420471437061,0.11414812431827995,0.5798752571725473,0.027688495814800262,0.027688495814800262,False,False,False,0.7438473388800003,1.0,1.0,1.0,0
178,14,0.00017016638594213873,0.8138685589246295,0.121717451082454,0.5692982257076871,0.03034120239317417,0.03034120239317417,False,False,False,0.7438473388800003,1.0,1.0,1.0,0
178,16,0.0013980342773720622,0.903891716477991,0.13030837999135608,0.5586373142536549,0.02657219022512436,0.02657219022512436,False,False,False,0.7438473388800003,1.0,1.0,1.0,0
178,18,0.01072864979505539,0.87168008913744,0.14793780354145067,0.5627897549485308,0.02737797237932682,0.02737797237932682,False,False,False,0.7438473388800003,1.0,1.0,1.0,0
178,20,0.07252134382724762,0.9303327967840003,0.147068552708279,0.5601959918733442,0.023820800706744194,0.023820800706744194,False,False,False,0.7438473388800003,0.9767692328727277,1.0,1.0,0
178,22,0.4931125044822693,0.8441998237597125,1.0,0.5561783880930582,0.006914925761520863,0.006914925761520863,False,False,False,0.7438473388800003,0.8264970432000003,1.0,1.0,0
179,0,2.9247091415385285e-09,0.2307025177631869,0.2197499885109835,0.6146393356072435,0.017396973446011543,0.017396973446011543,False,True,False,1.0,1.0,1.25,10.0,5
179,2,3.309257312622549e-09,0.2581857107380159,0.13811583621410725,0.6144233645725353,0.01876780577003956,0.01876780577003956,False,True,False,1.0,1.0,1.25,10.0,5
179,4,1.3960013589553455e-08,0.5913003775233212,0.1709894591523884,0.5956932047777574,0.0009234832832589746,0.0009234832832589746,False,False,False,0.6694626049920003,1.0,1.0,1.0,0
179,6,7.164253901237316e-08,0.7757019459750019,0.1443618418846763,0.5708310091293083,0.0027663116343319416,0.0027663116343319416,False,False,False,0.6694626049920003,1.0,1.0,1.0,0
179,8,4.862706077801704e-07,0.8701863037826078,0.14506591823827963,0.5760712321516224,0.012555578723549843,0.012555578723549843,False,False,False,0.6694626049920003,1.0,1.0,1.0,0
179,10,3.342066520417575e-06,0.8440976992931881,0.12655528777383804,0.5733088944506165,0.025051547214388847,0.025051547214388847,False,False,False,0.6694626049920003,1.0,1.0,1.0,0
179,12,2.6397956389700994e-05,0.939496577942289,0.11451672580848242,0.5741995713759358,0.034270137548446655,0.034270137548446655,False,False,False,0.6694626049920003,1.0,1.0,1.0,0
179,14,0.000230506164371036,1.1024605052356733,0.1308025759597455,0.588920274087593,0.040081415325403214,0.040081415325403214,False,False,False,0.6694626049920003,1.0,1.0,1.0,0
179,16,0.0017622348386794329,1.1393636758073236,0.13049065019595918,0.5937787448651141,0.037815507501363754,0.037815507501363754,False,False,False,0.6694626049920003,1.0,1.0,1.0,0
179,18,0.013504672795534134,1.0972260825969462,0.15014533109652017,0.5923885977491488,0.035818591713905334,0.035818591713905334,False,False,False,0.6694626049920003,1.0,1.0,1.0,0
179,20,0.08994399756193161,1.1679729619063715,0.15370984794047124,0.5808087505552618,0.0306071937084198,0.0306071937084198,False,False,False,0.6694626049920003,0.8790923095854549,1.0,1.0,0
179,22,0.5851544141769409,1.0059180082632226,1.0,0.5775544508220462,0.008567066863179207,0.008567066863179207,False,False,False,0.6694626049920003,0.7438473388800003,1.0,1.0,0
180,0,2.2999042670335257e-09,0.18141759721782633,0.1831813228471663,0.6122706712780661,0.017192352563142776,0.017192352563142776,False,True,False,1.0,1.0,1.25,10.0,6
180,2,2.5553426041824423e-09,0.19918594818270052,0.12192181866680947,0.6121243492680571,0.018581697717308998,0.018581697717308998,False,True,False,1.0,1.0,1.25,10.0,6
180,4,1.095886226210041e-08,0.45955511548484934,0.17653584178751258,0.5936763412658826,0.0007513250457122922,0.0007513250457122922,False,False,False,0.6025163444928002,1.0,1.0,1.0,0
180,6,5.2077265166872166e-08,0.5638610312795053,0.14185466416779577,0.5688326793717631,0.0014859088696539402,0.0014859088696539402,False,False,False,0.6025163444928002,1.0,1.0,1.0,0
180,8,3.571170452687511e-07,0.6390646620794035,0.1322201111006228,0.5742410015789337,0.007040603552013636,0.007040603552013636,False,False,False,0.6025163444928002,1.0,1.0,1.0,0
180,10,2.690928340598475e-06,0.6796412960021538,0.13293800770947262,0.5680067403306956,0.01478262897580862,0.01478262897580862,False,False,False,0.6025163444928002,1.0,1.0,1.0,0
180,12,2.0231978851370513e-05,0.7200509999811641,0.10998930973121235,0.5680464725433995,0.02094011753797531,0.02094011753797531,False,False,False,0.6025163444928002,1.0,1.0,1.0,0
180,14,0.00018393495702184737,0.8482619678171817,0.11871349624960462,0.5552801542027419,0.023670637980103493,0.023670637980103493,False,False,False,0.6025163444928002,1.0,1.0,1.0,0
180,16,0.0015493922401219606,0.9571770649480269,0.13592763568148686,0.5507713521725118,0.024471808224916458,0.024471808224916458,False,False,False,0.6025163444928002,1.0,1.0,1.0,0
180,18,0.011398645117878914,0.9028938037001173,0.16262859332739085,0.5532421790410454,0.0238165482878685,0.0238165482878685,False,False,False,0.6025163444928002,0.9129035522618185,1.0,1.0,0
180,20,0.07009003311395645,0.8699089223143617,0.14004313560800596,0.5486277208238766,0.01871921867132187,0.01871921867132187,False,False,False,0.6025163444928002,0.7911830786269095,1.0,1.0,0
180,22,0.5004888772964478,0.8538243295468494,1.0,0.5509023908452225,0.005779846105724573,0.005779846105724573,False,False,False,0.6025163444928002,0.6694626049920003,1.0,1.0,0
181,0,2.8722424438853977e-09,0.22656391844902407,0.231289257283,0.6101390598348906,0.017005309462547302,0.017005309462547302,False,True,False,1.0,1.0,1.5625,10.0,7
181,2,2.418399702719398e-09,0.1885114102048337,0.10650230663337946,0.6100013477234972,0.01845913752913475,0.01845913752913475,False,True,False,1.0,1.0,1.5625,10.0,7
181,4,1.2707486618523944e-08,0.5356758896878874,0.1465009775956541,0.5912742448306839,0.0008351979195140302,0.0008351979195140302,False,False,False,0.6507176520522243,1.0,1.0,1.0,0
181,6,7.673994417700669e-08,0.8517356987817771,0.14878928900610744,0.5624263437087336,0.0026638288982212543,0.0026638288982212543,False,False,False,0.6507176520522243,1.0,1.0,1.0,0
181,8,5.057625571680546e-07,0.9084741070741015,0.13290905783944845,0.5677777149703231,0.011366709135472775,0.011366709135472775,False,False,False,0.6507176520522243,1.0,1.0,1.0,0
181,10,3.7953279843350174e-06,1.0101329945760207,0.13525878786854303,0.5617567556180797,0.02498181164264679,0.02498181164264679,False,False,False,0.6507176520522243,1.0,1.0,1.0,0
181,12,2.804975156323053e-05,1.0317230853872787,0.13505778029127036,0.5624915362178572,0.030596589669585228,0.030596589669585228,False,False,False,0.6507176520522243,1.0,1.0,1.0,0
181,14,0.00020767704700119793,0.9932738362443662,0.14644806968866256,0.5668952796956581,0.03134484216570854,0.03134484216570854,False,False,False,0.6507176520522243,1.0,1.0,1.0,0
181,16,0.0014180834405124187,0.914107515230654,0.1338226157543514,0.5765500525144701,0.030259201303124428,0.030259201303124428,False,False,False,0.6507176520522243,0.9311616233070549,1.0,1.0,0
181,18,0.010596729815006256,0.8609618699612268,0.14385137994113184,0.5772698990525867,0.02821478061378002,0.02821478061378002,False,False,False,0.6507176520522243,0.8216131970356366,1.0,1.0,0
181,20,0.07366441935300827,0.9565735612274068,0.14188238809996406,0.5673352804365137,0.0240766704082489,0.0240766704082489,False,False,False,0.6507176520522243,0.7120647707642185,1.0,1.0,0
181,22,0.5191935300827026,0.8940927628405162,1.0,0.5660715435524298,0.007887683808803558,0.007887683808803558,False,False,False,0.6507176520522243,0.6025163444928002,1.0,1.0,0
182,0,2.6880528913864055e-09,0.21203495455867324,0.21442134503522875,0.614173250817482,0.017097758129239082,0.017097758129239082,False,True,False,1.0,1.0,1.25,10.0,8
182,2,2.5363120492727376e-09,0.19788111568028008,0.11909923778176254,0.6140860147629089,0.01860864646732807,0.01860864646732807,False,True,False,1.0,1.0,1.25,10.0,8
182,4,1.1295787416543135e-08,0.483224978497246,0.17790756997235752,0.5956938446570473,0.0007974218460731208,0.0007974218460731208,False,False,False,0.5856458868470019,1.0,1.0,1.0,0
182,6,5.349244958097188e-08,0.6013713130208878,0.15663033457532724,0.5668884795101761,0.0016743066953495145,0.0016743066953495145,False,False,False,0.5856458868470019,1.0,1.0,1.0,0
182,8,3.3152036849060096e-07,0.6022424607676162,0.13151957648926915,0.5725564229312023,0.007179605308920145,0.007179605308920145,False,False,False,0.5856458868470019,1.0,1.0,1.0,0
182,10,2.510692183932406e-06,0.6799003365605928,0.1340146121598215,0.5668207706157855,0.01593092642724514,0.01593092642724514,False,False,False,0.5856458868470019,1.0,1.0,1.0,0
182,12,1.8724465917330235e-05,0.6887213851042022,0.12082051614845171,0.5667031341492822,0.019426634535193443,0.019426634535193443,False,False,False,0.5856458868470019,1.0,1.0,1.0,0
182,14,0.00015496753621846437,0.7537301772126088,0.12569117181097741,0.5558201179313006,0.020350776612758636,0.020350776612758636,False,False,False,0.5856458868470019,1.0,1.0,1.0,0
182,16,0.0012329129967838526,0.7947452200544873,0.12699490135927335,0.5514986750123964,0.02063371054828167,0.02063371054828167,False,False,False,0.5856458868470019,1.0,1.0,1.0,0
182,18,0.009708356112241745,0.7887833868150977,0.14744138614755364,0.5521068871611202,0.01994403451681137,0.01994403451681137,False,False,False,0.5856458868470019,0.8873422527984877,1.0,1.0,0
182,20,0.06584551930427551,0.855040784207126,0.1224445991651151,0.5484666360712602,0.017070023342967033,0.017070023342967033,False,False,False,0.5856458868470019,0.7690299524253561,1.0,1.0,0
182,22,0.5377576351165771,0.9260616357129391,1.0,0.5599460528514594,0.006869159173220396,0.006869159173220396,False,False,False,0.5856458868470019,0.6507176520522243,1.0,1.0,0
183,0,3.1469615802137696e-09,0.24833931732164224,0.24164476529180973,0.6119471389133533,0.017072569578886032,0.017072569578886032,False,True,False,1.0,1.0,1.5625,10.0,9
183,2,3.023090222598057e-09,0.23773923828470522,0.11760856833106317,0.6117764242089583,0.018504401668906212,0.018504401668906212,False,True,False,1.0,1.0,1.5625,10.0,9
183,4,1.5704676670225126e-08,0.6826779565678742,0.14496484237225754,0.5931879178767643,0.0008398270583711565,0.0008398270583711565,False,False,False,0.6324975577947621,1.0,1.0,1.0,0
183,6,9.83343824145777e-08,1.1223633739230112,0.149436508357249,0.5669530644940204,0.002517846878618002,0.002517846878618002,False,False,False,0.6324975577947621,1.0,1.0,1.0,0
183,8,6.480345291492995e-07,1.2023714867473618,0.13138873143208896,0.5722251451725932,0.011847296729683876,0.011847296729683876,False,False,False,0.6324975577947621,1.0,1.0,1.0,0
183,10,4.922192601952702e-06,1.332939349594837,0.15286705904817463,0.5667924130953658,0.02436980977654457,0.02436980977654457,False,False,False,0.6324975577947621,1.0,1.0,1.0,0
183,12,3.218917117919773e-05,1.1839787931881514,0.1462175023257135,0.5672331969430676,0.027879687026143074,0.027879687026143074,False,False,False,0.6324975577947621,1.0,1.0,1.0,0
183,14,0.0002201358147431165,1.0706952611239973,0.13197899389155815,0.5616358607037534,0.026280144229531288,0.026280144229531288,False,False,False,0.6324975577947621,1.0,1.0,1.0,0
183,16,0.001667951000854373,1.075174070410507,0.12114014752120913,0.5629469057361649,0.025885479524731636,0.025885479524731636,False,False,False,0.6324975577947621,0.9050890978544575,1.0,1.0,0
183,18,0.013768761418759823,1.118682724302191,0.1805891383174477,0.5636833252811745,0.027381330728530884,0.027381330728530884,False,False,False,0.6324975577947621,0.7986080275186389,1.0,1.0,0
183,20,0.0762435644865036,0.9900651989398705,0.14446993579059506,0.5601953543072576,0.019666112959384918,0.019666112959384918,False,False,False,0.6324975577947621,0.6921269571828205,1.0,1.0,0
183,22,0.5277469158172607,0.908822376828259,1.0,0.5657120405626801,0.006395829375833273,0.006395829375833273,False,False,False,0.6324975577947621,0.5856458868470019,1.0,1.0,0
184,0,2.8669688845184282e-09,0.22586234956457496,0.2255497525139047,0.6157930316103427,0.017294397577643394,0.017294397577643394,False,True,False,1.0,1.0,1.953125,10.0,10
184,2,2.711026514390369e-09,0.2115122038947108,0.12232547389879134,0.6156633015351954,0.01869516260921955,0.01869516260921955,False,True,False,1.0,1.0,1.953125,10.0,10
184,4,1.21624035287482e-08,0.5202981400877654,0.1736785853991698,0.5971752478432002,0.0008162496378645301,0.0008162496378645301,False,False,False,0.6830973624183432,1.0,1.0,1.0,0
184,6,6.002822772188665e-08,0.6851467670027047,0.14157399731545733,0.5707896210645639,0.0018354535568505526,0.0018354535568505526,False,False,False,0.6830973624183432,1.0,1.0,1.0,0
184,8,4.1400602412977605e-07,0.7681520295048944,0.14145584715577875,0.5760839617174984,0.008709902875125408,0.008709902875125408,False,False,False,0.6830973624183432,1.0,1.0,1.0,0
184,10,2.9167508728278335e-06,0.7898618208915557,0.15778144734343183,0.5736715633405116,0.018312249332666397,0.018312249332666397,False,False,False,0.6830973624183432,1.0,1.0,1.0,0
184,12,1.8476019249646924e-05,0.6795830452526498,0.11828984096695147,0.5748090309866168,0.0223449245095253,0.0223449245095253,False,False,False,0.6830973624183432,1.0,1.0,1.0,0
184,14,0.00015618278121110052,0.7596408785505013,0.1453764823865082,0.5736970271363355,0.023206673562526703,0.023206673562526703,False,False,False,0.6830973624183432,1.0,1.0,1.0,0
184,16,0.0010743231978267431,0.6925170133607905,0.11765757210865645,0.5778726238527118,0.021403072401881218,0.021403072401881218,False,False,False,0.6830973624183432,0.9774962256828141,1.0,1.0,0
184,18,0.009130921214818954,0.7418680235148114,0.15266831299556718,0.573831487926899,0.02294045127928257,0.02294045127928257,False,False,False,0.6830973624183432,0.8624966697201302,1.0,1.0,0
184,20,0.059808872640132904,0.7873345113412759,0.12631841271087968,0.5654033169928666,0.018854036927223206,0.018854036927223206,False,False,False,0.6830973624183432,0.7474971137574462,1.0,1.0,0
184,22,0.4734770655632019,0.8500566096861744,1.0,0.5753748167868322,0.006933781784027815,0.006933781784027815,False,False,False,0.6830973624183432,0.6324975577947621,1.0,1.0,0
185,0,2.8084932157668163e-09,0.2211170396086255,0.21710396135213267,0.6192405942865131,0.019483372569084167,0.019483372569084167,False,True,False,1.0,1.0,2.44140625,10.0,11
185,2,2.9361675313310798e-09,0.2299795669119618,0.12090075681777362,0.6191052939635587,0.021062856540083885,0.021062856540083885,False,True,False,1.0,1.0,2.44140625,10.0,11
185,4,1.4285766347654771e-08,0.6209983168079615,0.1503259654250153,0.6006253602025241,0.0008993992232717574,0.0008993992232717574,False,False,False,0.7377451514118106,1.0,1.0,1.0,0
185,6,8.503192816533556e-08,0.9915543999440604,0.1380236591399566,0.5739508041908753,0.002677766140550375,0.002677766140550375,False,False,False,0.7377451514118106,1.0,1.0,1.0,0
185,8,6.060677719688101e-07,1.1591066666224679,0.1440697614444217,0.5792533831716731,0.013271191157400608,0.013271191157400608,False,False,False,0.7377451514118106,1.0,1.0,1.0,0
185,10,4.196765985398088e-06,1.1748342629910573,0.14552880892538006,0.5735713155206787,0.027135580778121948,0.027135580778121948,False,False,False,0.7377451514118106,1.0,1.0,1.0,0
185,12,2.8828042559325695e-05,1.077033808574482,0.13511836031827096,0.5747420074612954,0.03151502460241318,0.03151502460241318,False,False,False,0.7377451514118106,1.0,1.0,1.0,0
185,14,0.00021334399934858084,1.0695264864626937,0.14944520777963968,0.5786717855397013,0.02995775081217289,0.02995775081217289,False,False,False,0.7377451514118106,1.0,1.0,1.0,0
185,16,0.0014275633729994297,0.924136098179568,0.11279403694566521,0.5795351480032148,0.02494732104241848,0.02494732104241848,False,False,False,0.7377451514118106,1.0,1.0,1.0,0
185,18,0.012656362727284431,1.080131536356963,0.13569283479223487,0.5841330285991265,0.03123403713107109,0.03123403713107109,False,False,False,0.7377451514118106,0.9314964032977406,1.0,1.0,0
185,20,0.0932721421122551,1.2443917565883962,0.1322756377436344,0.5725854643316923,0.027028581127524376,0.027028581127524376,False,False,False,0.7377451514118106,0.807296882858042,1.0,1.0,0
185,22,0.7051346898078918,1.3235695257316298,1.0,0.578684227562925,0.00927545316517353,0.00927545316517353,False,False,False,0.7377451514118106,0.6830973624183432,1.0,1.0,0
186,0,2.6428583765891744e-09,0.20807635106809394,0.20552301293345637,0.6224345181047888,0.024534352123737335,0.024534352123737335,False,True,False,1.0,1.0,1.953125,10.0,12
186,2,2.8591846668035714e-09,0.2228700793210925,0.1297429867463079,0.6222041455148755,0.026517953723669052,0.026517953723669052,False,True,False,1.0,1.0,1.953125,10.0,12
186,4,1.203729649290608e-08,0.5149461586388118,0.17540077310830798,0.6038842278570333,0.0008910225005820394,0.0008910225005820394,False,False,False,0.7967647635247556,1.0,1.0,1.0,0
186,6,5.8627385612908256e-08,0.6691579151163137,0.13700693541957806,0.577352859156875,0.0021990782115608454,0.0021990782115608454,False,False,False,0.7967647635247556,1.0,1.0,1.0,0
186,8,4.1791545868363755e-07,0.775405643973615,0.1365253493222393,0.5826735771164365,0.010607660748064518,0.010607660748064518,False,False,False,0.7967647635247556,1.0,1.0,1.0,0
186,10,3.051083240279695e-06,0.8262392878012789,0.13609213531964848,0.5772064347325078,0.022255277261137962,0.022255277261137962,False,False,False,0.7967647635247556,1.0,1.0,1.0,0
186,12,2.2409247321775183e-05,0.8242546368337861,0.12327582357154812,0.5787903624237559,0.028924118727445602,0.028924118727445602,False,False,False,0.7967647635247556,1.0,1.0,1.0,0
186,14,0.00018177136371377856,0.8840984733152102,0.13389565860531966,0.5850217150075683,0.029713477939367294,0.029713477939367294,False,False,False,0.7967647635247556,1.0,1.0,1.0,0
186,16,0.0013575498014688492,0.8788126680344374,0.13302355680111158,0.5878225970910544,0.028278693556785583,0.028278693556785583,False,False,False,0.7967647635247556,1.0,1.0,1.0,0
186,18,0.010205323807895184,0.8291609602768831,0.16402144771815996,0.5855437133722535,0.026205215603113174,0.026205215603113174,False,False,False,0.7967647635247556,1.0,1.0,1.0,0
186,20,0.06221943721175194,0.8050287477760556,0.1434336464540203,0.5755210396154077,0.020359404385089874,0.020359404385089874,False,False,False,0.7967647635247556,0.8718806334866853,1.0,1.0,0
186,22,0.43378549814224243,0.778796390999854,1.0,0.5820977539302862,0.007046862971037626,0.007046862971037626,False,False,False,0.7967647635247556,0.7377451514118106,1.0,1.0,0
187,0,3.823241723210913e-09,0.3010097680843989,0.2778318135448543,0.6193884108954597,0.00044706903281621635,0.00044706903281621635,False,False,True,1.0,1.0,1.0,7.0,0
187,2,3.76099329457702e-09,0.29316500036549176,0.11883448338142426,0.6190995993352971,0.02133006975054741,0.02133006975054741,False,True,False,1.0,1.0,1.5625,10.0,13
187,4,2.1649006143320548e-08,0.941076316691566,0.16056475043921928,0.6038156962746205,0.000537263578735292,0.000537263578735292,False,False,False,0.860505944606736,1.0,1.0,1.0,0
187,6,1.248303789225247e-07,1.455642770167979,0.15661156205230348,0.5770658706060464,0.003899685572832823,0.003899685572832823,False,False,False,0.860505944606736,1.0,1.0,1.0,0
187,8,7.870700073908665e-07,1.505274054915921,0.145132612934154,0.5824925365665146,0.01676129177212715,0.01676129177212715,False,False,False,0.860505944606736,1.0,1.0,1.0,0
187,10,5.413109192886623e-06,1.5153349439167827,0.1621474711208474,0.5772481403320848,0.032094553112983704,0.032094553112983704,False,False,False,0.860505944606736,1.0,1.0,1.0,0
187,12,3.3373864425811917e-05,1.2468685737302239,0.14062323549808253,0.5773506307083693,0.03272717073559761,0.03272717073559761,False,False,False,0.860505944606736,1.0,1.0,1.0,0
187,14,0.00023731823603156954,1.1897130452760363,0.1514097590729151,0.5698178195414438,0.03137875720858574,0.03137875720858574,False,False,False,0.860505944606736,1.0,1.0,1.0,0
187,16,0.0015673806192353368,1.0311700921925002,0.15477627663560745,0.5683354237415187,0.028316067531704903,0.028316067531704903,False,False,False,0.860505944606736,1.0,1.0,1.0,0
187,18,0.010126739740371704,0.8642460073046374,0.1444470346513895,0.5712121546602229,0.0244307741522789,0.0244307741522789,False,False,False,0.860505944606736,1.0,1.0,1.0,0
187,20,0.07010693103075027,0.9353327272078839,0.14817785944180173,0.5639152598170913,0.020418822765350342,0.020418822765350342,False,False,False,0.860505944606736,0.9416310841656202,1.0,1.0,0
187,22,0.4731268882751465,0.8880804478585856,1.0,0.5708483398172701,0.006498939823359251,0.006498939823359251,False,False,False,0.860505944606736,0.7967647635247556,1.0,1.0,0
188,0,3.093271416787502e-09,0.24252290307670282,0.23408971541091636,0.6163010081385804,0.012712598778307438,0.012712598778307438,False,True,False,1.0,1.0,1.25,8.4,1
188,2,3.214042365584646e-09,0.25033049892220427,0.13281669212122732,0.6160797621483078,0.01916166953742504,0.01916166953742504,False,True,False,1.0,1.0,1.953125,10.0,14
188,4,1.4199084574784138e-08,0.6172302840863966,0.18334809481506628,0.6030930468028403,0.0004805868666153401,0.0004805868666153401,False,False,False,0.9293464201752749,1.0,1.0,1.0,0
188,6,6.744331670915926e-08,0.786454204587232,0.1395098574864512,0.57296644971503,0.0022344819735735655,0.0022344819735735655,False,False,False,0.9293464201752749,1.0,1.0,1.0,0
188,8,4.734304752673779e-07,0.9054373874427061,0.16049723703184118,0.5787507385839022,0.010578310117125511,0.010578310117125511,False,False,False,0.9293464201752749,1.0,1.0,1.0,0
188,10,2.9397733669611625e-06,0.8229542673933363,0.12999163722406518,0.5734583808679817,0.021559109911322594,0.021559109911322594,False,False,False,0.9293464201752749,1.0,1.0,1.0,0
188,12,2.2605096091865562e-05,0.8445406130822495,0.10387619695343372,0.5749206397330605,0.025514982640743256,0.025514982640743256,False,False,False,0.9293464201752749,1.0,1.0,1.0,0
188,14,0.0002176057460019365,1.0908912819960814,0.11651404762974782,0.5746853330691462,0.0290508009493351,0.0290508009493351,False,False,False,0.9293464201752749,1.0,1.0,1.0,0
188,16,0.0018676252802833915,1.2286992124417169,0.12956940780643933,0.5785841077300835,0.03200129047036171,0.03200129047036171,False,False,False,0.9293464201752749,1.0,1.0,1.0,0
188,18,0.01441408134996891,1.2939515478271721,0.16114925719193002,0.5783711101646597,0.03126393258571625,0.03126393258571625,False,False,False,0.9293464201752749,1.0,1.0,1.0,0
188,20,0.08944552391767502,1.2237239760501648,0.14650805548700027,0.5719268435169839,0.02661459520459175,0.02661459520459175,False,False,False,0.9293464201752749,1.0,1.0,1.0,0
188,22,0.6105160713195801,1.1662861283994264,1.0,0.577172708199694,0.008185707032680511,0.008185707032680511,False,False,False,0.9293464201752749,0.860505944606736,1.0,1.0,0
189,0,2.7412860870157374e-09,0.21413889658682653,0.22370606431742773,0.6196813140712473,0.014910745434463024,0.014910745434463024,False,True,False,1.0,1.0,1.25,8.82,2
189,2,2.2539641264529564e-09,0.17552653241012242,0.11146365671890471,0.6194353868255338,0.021174458786845207,0.021174458786845207,False,True,False,1.0,1.0,1.5625,10.0,15
189,4,1.02215160779906e-08,0.4443264803011233,0.15221146098026933,0.6065173698550625,0.0003963740018662065,0.0003963740018662065,False,False,False,1.0,1.0,1.0,1.0,0
189,6,5.715339312928336e-08,0.6868780016541424,0.14286852079546256,0.5762558943321824,0.0015646140091121197,0.0015646140091121197,False,False,False,1.0,1.0,1.0,1.0,0
189,8,3.900418903413083e-07,0.7708085146819523,0.14391406846710256,0.5820766731797288,0.006904060952365398,0.006904060952365398,False,False,False,1.0,1.0,1.0,1.0,0
189,10,2.70024156634463e-06,0.7790420836966278,0.13596880530425437,0.5765699791302223,0.014410726726055145,0.014410726726055145,False,False,False,1.0,1.0,1.0,1.0,0
189,12,1.9849272575811483e-05,0.7773911618688891,0.12372250636243615,0.5779807720760878,0.018795635551214218,0.018795635551214218,False,False,False,1.0,1.0,1.0,1.0,0
189,14,0.00016042380593717098,0.8042293668106247,0.1361977070961962,0.5706200211010561,0.01818655990064144,0.01818655990064144,False,False,False,1.0,1.0,1.0,1.0,0
189,16,0.0011778644984588027,0.7749098263436367,0.11600196150182587,0.5699448722679664,0.018051085993647575,0.018051085993647575,False,False,False,1.0,1.0,1.0,1.0,0
189,18,0.010153822600841522,0.911508278031867,0.15639319240730065,0.570229050581447,0.021237295120954514,0.021237295120954514,False,False,False,1.0,1.0,1.0,1.0,0
189,20,0.06492495536804199,0.8882526598087258,0.14257978043884617,0.557444479443634,0.015202063135802746,0.015202063135802746,False,False,False,1.0,1.0,1.0,1.0,0
189,22,0.4553587734699249,0.8698847514285212,1.0,0.5649001807753186,0.004907181020826101,0.004907181020826101,False,False,False,1.0,0.9293464201752749,1.0,1.0,0
190,0,2.957867728525798e-09,0.23105743491582575,0.22878173893952208,0.6168333921067163,0.015752796083688736,0.015752796083688736,False,True,False,1.0,1.0,1.5625,10.0,3
190,2,2.9287754443885206e-09,0.22807718717796635,0.12322784463336402,0.6165039468035207,0.019070221111178398,0.019070221111178398,False,True,False,1.0,1.0,1.953125,10.0,16
190,4,1.3767156303856609e-08,0.5984544814657831,0.19539770272815063,0.6065731984341625,0.0004885635571554303,0.0004885635571554303,False,False,False,1.0,1.0,1.0,1.0,0
190,6,6.045710421176409e-08,0.7578703026029224,0.15144786891525658,0.5696213069902898,0.0019977453630417585,0.0019977453630417585,False,False,False,1.0,1.0,1.0,1.0,0
190,8,3.8919415601412766e-07,0.7945161289471366,0.12969449512677164,0.5753799932320955,0.009065691381692886,0.009065691381692886,False,False,False,1.0,1.0,1.0,1.0,0
190,10,2.9908533178968355e-06,0.9327252378312323,0.12779243436290574,0.5697605466113371,0.020244481042027473,0.020244481042027473,False,False,False,1.0,1.0,1.0,1.0,0
190,12,2.3393993615172803e-05,0.9897294903362529,0.1222240239605195,0.5715308355661246,0.027623269706964493,0.027623269706964493,False,False,False,1.0,1.0,1.0,1.0,0
190,14,0.00019139258074574172,0.9594806277422595,0.13469457279702252,0.5724290998185143,0.02736556902527809,0.02736556902527809,False,False,False,1.0,1.0,1.0,1.0,0
190,16,0.0014209275832399726,0.9707544367076786,0.13614074125959663,0.5757542123728945,0.02894625812768936,0.02894625812768936,False,False,False,1.0,1.0,1.0,1.0,0
190,18,0.010437185876071453,0.9433757251740019,0.15045890662286052,0.576439089173231,0.025618450716137886,0.025618450716137886,False,False,False,1.0,1.0,1.0,1.0,0
190,20,0.06936900317668915,0.9490526598082796,0.13887417748542855,0.5658132087324159,0.021341411396861076,0.021341411396861076,False,False,False,1.0,1.0,1.0,1.0,0
190,22,0.4995097219944,0.9542275578487933,1.0,0.5718558899585464,0.007441939320415258,0.007441939320415258,False,False,False,1.0,1.0,1.0,1.0,0
191,0,2.9511995069952945e-09,0.22988482119373485,0.22781052436081226,0.6202319989539035,0.01806073635816574,0.01806073635816574,False,True,False,1.0,1.0,1.953125,10.0,4
191,2,2.9546232127586336e-09,0.22941476475381675,0.11791227184363669,0.6198549247149125,0.02141759730875492,0.02141759730875492,False,True,False,1.0,1.0,2.44140625,10.0,17
191,4,1.5057809221730167e-08,0.6441613381223645,0.16809419164562123,0.6130982858682541,0.000533630489371717,0.000533630489371717,False,False,False,1.0,1.0,1.0,1.0,0
191,6,7.957959269333514e-08,1.0245496871330961,0.12571345859466834,0.5694908463780993,0.00258827512152493,0.00258827512152493,False,False,False,1.0,1.0,1.0,1.0,0
191,8,6.230236522242194e-07,1.3384868553157132,0.1332021190543292,0.5750694153927884,0.015243134461343288,0.015243134461343288,False,False,False,1.0,1.0,1.0,1.0,0
191,10,4.667280336434487e-06,1.536175486903133,0.1728496164924432,0.5696998158009939,0.02895963005721569,0.02895963005721569,False,False,False,1.0,1.0,1.0,1.0,0
191,12,2.699197102629114e-05,1.1730771381235237,0.14264348368549223,0.5717906949140069,0.029495498165488243,0.029495498165488243,False,False,False,1.0,1.0,1.0,1.0,0
191,14,0.00018921680748462677,0.9582607596854713,0.14988825102158393,0.5731298366381651,0.02910577319562435,0.02910577319562435,False,False,False,1.0,1.0,1.0,1.0,0
191,16,0.0012623758520931005,0.8850387768496577,0.13566638554742877,0.5755767016737854,0.025160079821944237,0.025160079821944237,False,False,False,1.0,1.0,1.0,1.0,0
191,18,0.009304990991950035,0.8684070569952621,0.1440019072032759,0.5784644142939137,0.024680104106664658,0.024680104106664658,False,False,False,1.0,1.0,1.0,1.0,0
191,20,0.06461712718009949,0.8979663446272256,0.12699275299486162,0.5671962085058542,0.020973652601242065,0.020973652601242065,False,False,False,1.0,1.0,1.0,1.0,0
191,22,0.5088253021240234,0.9980073961494796,1.0,0.5763918813305549,0.007211438380181789,0.007211438380181789,False,False,False,1.0,1.0,1.0,1.0,0
192,0,2.7827209425623778e-09,0.21676111858812175,0.21897456792415024,0.6232166543034948,0.020123088732361794,0.020123088732361794,False,True,False,1.0,1.0,1.5625,10.0,5
192,2,2.707964075199243e-09,0.2100177031082016,0.12625186206538824,0.6228396841106955,0.02677592635154724,0.02677592635154724,False,True,False,1.0,1.0,1.953125,10.0,18
192,4,1.1448904047028918e-08,0.48459096197287543,0.2098016539095952,0.6161213599523309,0.0004808971134480089,0.0004808971134480089,False,False,False,1.0,1.0,1.0,1.0,0
192,6,4.457013247360919e-08,0.573819414448214,0.12482643506904349,0.575822129671797,0.001463771448470652,0.001463771448470652,False,False,False,1.0,1.0,1.0,1.0,0
192,8,3.4705684015534644e-07,0.7456073568586737,0.13046763676834552,0.5813058619844913,0.007436515297740698,0.007436515297740698,False,False,False,1.0,1.0,1.0,1.0,0
192,10,2.6500990770728095e-06,0.8722461362099948,0.15364938283144217,0.5758073446303208,0.013659832999110222,0.013659832999110222,False,False,False,1.0,1.0,1.0,1.0,0
192,12,1.7237704014405608e-05,0.7491544975853442,0.11451855655060153,0.5771539041075265,0.016532978042960167,0.016532978042960167,False,False,False,1.0,1.0,1.0,1.0,0
192,14,0.00015051323862280697,0.790865042358273,0.13462126800767224,0.5643787181222698,0.01935654692351818,0.01935654692351818,False,False,False,1.0,1.0,1.0,1.0,0
192,16,0.0011180394794791937,0.7849992481371579,0.1251163797105915,0.5645720448204952,0.017275338992476463,0.017275338992476463,False,False,False,1.0,1.0,1.0,1.0,0
192,18,0.008935986086726189,0.8391345152396026,0.14346990127091744,0.5657916294520547,0.01774686574935913,0.01774686574935913,False,False,False,1.0,1.0,1.0,1.0,0
192,20,0.06228473410010338,0.8796876874980715,0.15170086590737455,0.553900374070627,0.015899915248155594,0.015899915248155594,False,False,False,1.0,1.0,1.0,1.0,0
192,22,0.4105759859085083,0.8135741796642771,1.0,0.5586181262467769,0.0048103188164532185,0.0048103188164532185,False,False,False,1.0,1.0,1.0,1.0,0
193,0,2.846094915298636e-09,0.22169765858017543,0.22271347678365805,0.620105182284874,0.01807570271193981,0.01807570271193981,False,True,False,1.0,1.0,1.953125,10.0,6
193,2,2.7791768886231694e-09,0.21554065359493044,0.11727859433879421,0.6197682362263488,0.021484266966581345,0.021484266966581345,False,True,False,1.0,1.0,2.44140625,10.0,19
193,4,1.3697222023267841e-08,0.5797541816532138,0.1888500021396685,0.6133598672374712,0.0005294802831485868,0.0005294802831485868,False,False,False,1.0,1.0,1.0,1.0,0
193,6,6.252963657971122e-08,0.8050395512976131,0.14087450599001036,0.5727891415452016,0.0022320866119116545,0.0022320866119116545,False,False,False,1.0,1.0,1.0,1.0,0
193,8,4.3386765469222155e-07,0.9321093198933615,0.15448793216300727,0.5783301066293732,0.011187072843313217,0.011187072843313217,False,False,False,1.0,1.0,1.0,1.0,0
193,10,2.798424247885123e-06,0.9210654646128527,0.15323790882380922,0.5728692796727061,0.019081618636846542,0.019081618636846542,False,False,False,1.0,1.0,1.0,1.0,0
193,12,1.825195795390755e-05,0.7932342021583279,0.12161472723559676,0.57442197430552,0.02132963016629219,0.02132963016629219,False,False,False,1.0,1.0,1.0,1.0,0
193,14,0.00015007016190793365,0.7885369156892669,0.13428008959511992,0.5654695075622422,0.021797074005007744,0.021797074005007744,False,False,False,1.0,1.0,1.0,1.0,0
193,16,0.001117580570280552,0.7846770382487693,0.13310471374787447,0.5663488349185651,0.021809710189700127,0.021809710189700127,False,False,False,1.0,1.0,1.0,1.0,0
193,18,0.008396240882575512,0.7884496970402257,0.16595870313968747,0.5655204623472181,0.02053789049386978,0.02053789049386978,False,False,False,1.0,1.0,1.0,1.0,0
193,20,0.050592340528964996,0.7145484312979721,0.14124771146921763,0.5606312797593022,0.016402611508965492,0.016402611508965492,False,False,False,1.0,1.0,1.0,1.0,0
193,22,0.3581816554069519,0.7097525341714461,1.0,0.5672358622468098,0.005448914598673582,0.005448914598673582,False,False,False,1.0,1.0,1.0,1.0,0
194,0,3.430766337686464e-09,0.2668500622404143,0.2580820169579971,0.6231143304993898,0.020572546869516373,0.020572546869516373,False,True,False,1.0,1.0,1.5625,10.0,7
194,2,3.2933180627026104e-09,0.2564657941470908,0.12031995093441758,0.6227814452778537,0.027015505358576775,0.027015505358576775,False,True,False,1.0,1.0,1.953125,10.0,20
194,4,1.7371338145721893e-08,0.7319736930292712,0.15175180505933178,0.6163932818916418,0.0005742242792621255,0.0005742242792621255,False,False,False,1.0,1.0,1.0,1.0,0
194,6,1.0447203635521873e-07,1.3450281477862,0.15073655895005766,0.5791980256160727,0.003516172291710973,0.003516172291710973,False,False,False,1.0,1.0,1.0,1.0,0
194,8,6.830769621046784e-07,1.4675037322933908,0.1352580780633681,0.5847147778103493,0.017125748097896576,0.017125748097896576,False,False,False,1.0,1.0,1.0,1.0,0
194,10,5.040174983150791e-06,1.6589089792565401,0.14854107285601703,0.5794182430018356,0.03176719322800636,0.03176719322800636,False,False,False,1.0,1.0,1.0,1.0,0
194,12,3.3921187423402444e-05,1.4742224428752393,0.1320516714730961,0.5810841659356886,0.037426311522722244,0.037426311522722244,False,False,False,1.0,1.0,1.0,1.0,0
194,14,0.00025686813751235604,1.3497020748008646,0.13522775083107577,0.5798919009795376,0.03645863011479378,0.03645863011479378,False,False,False,1.0,1.0,1.0,1.0,0
194,16,0.0018995123682543635,1.333687949553893,0.13323640224380698,0.5792753420027804,0.03369743004441261,0.03369743004441261,False,False,False,1.0,1.0,1.0,1.0,0
194,18,0.01425669714808464,1.3387763291223667,0.15571545658184435,0.5776422894322302,0.031921956688165665,0.031921956688165665,False,False,False,1.0,1.0,1.0,1.0,0
194,20,0.09155607223510742,1.2940384789946162,0.14264339559779235,0.5727316336796959,0.026852751150727272,0.026852751150727272,False,False,False,1.0,1.0,1.0,1.0,0
194,22,0.641852855682373,1.2718593596541345,1.0,0.5795881716483524,0.009009342640638351,0.009009342640638351,False,False,False,1.0,1.0,1.0,1.0,0
195,0,2.336635551714039e-09,0.18174695710362318,0.18991536139872903,0.6201507643553364,0.01823197677731514,0.01823197677731514,False,True,False,1.0,1.0,1.25,10.0,8
195,2,2.3035626739442705e-09,0.17938899896473856,0.1181698551900225,0.6199011917766087,0.021547704935073853,0.021547704935073853,False,True,False,1.0,1.0,1.5625,10.0,21
195,4,9.493657415760026e-09,0.4000329405066574,0.18157055392500449,0.6146816715125124,0.0004902073997072875,0.0004902073997072875,False,False,False,1.0,1.0,1.0,1.0,0
195,6,4.228632732861115e-08,0.5444165013697626,0.14401226375739568,0.5774264779077145,0.0018883665325120091,0.0018883665325120091,False,False,False,1.0,1.0,1.0,1.0,0
195,8,2.836300438957551e-07,0.609342974655576,0.13058807797128522,0.5802331488226508,0.007707953453063965,0.007707953453063965,False,False,False,1.0,1.0,1.0,1.0,0
195,10,2.1619443941744976e-06,0.7115762806130566,0.11928586273660854,0.573343654890574,0.015597893856465816,0.015597893856465816,False,False,False,1.0,1.0,1.0,1.0,0
195,12,1.811406218621414e-05,0.7872412210467385,0.12710807747448605,0.5754345563392186,0.020426375791430473,0.020426375791430473,False,False,False,1.0,1.0,1.0,1.0,0
195,14,0.00014249913510866463,0.7487552959122526,0.1467334293691462,0.5804034302906006,0.019742118194699287,0.019742118194699287,False,False,False,1.0,1.0,1.0,1.0,0
195,16,0.0009711329475976527,0.6818530541162041,0.11736305453673046,0.5861804966317964,0.018401050940155983,0.018401050940155983,False,False,False,1.0,1.0,1.0,1.0,0
195,18,0.008274595253169537,0.7770265541131985,0.14744939540705404,0.5837420462777562,0.020130958408117294,0.020130958408117294,False,False,False,1.0,1.0,1.0,1.0,0
195,20,0.056118194013834,0.793165331941146,0.13488509099232018,0.5810729710413979,0.01738475263118744,0.01738475263118744,False,False,False,1.0,1.0,1.0,1.0,0
195,22,0.4160444438457489,0.8244101669918714,1.0,0.5747645246711808,0.005352221895009279,0.005352221895009279,False,False,False,1.0,1.0,1.0,1.0,0
196,0,2.94337842987602e-09,0.22894031242569862,0.21817169726301974,0.6171966843935952,0.018253762274980545,0.018253762274980545,False,True,False,1.0,1.0,1.5625,10.0,9
196,2,3.491110289743915e-09,0.27233489801574073,0.12111819728935863,0.616942811702439,0.01946643739938736,0.01946643739938736,False,True,False,1.0,1.0,1.953125,10.0,22
196,4,1.8823994807348754e-08,0.8112967566569735,0.15919266151773157,0.6113644448009774,0.0006112399860285223,0.0006112399860285223,False,False,False,1.0,1.0,1.0,1.0,0
196,6,1.0824662410868768e-07,1.4435486097308279,0.14644738722528836,0.5768625602373492,0.003870356362313032,0.003870356362313032,False,False,False,1.0,1.0,1.0,1.0,0
196,8,7.291502583939291e-07,1.636013362388701,0.15576863801101282,0.57630322296426,0.01617760956287384,0.01617760956287384,False,False,False,1.0,1.0,1.0,1.0,0
196,10,4.670982434618054e-06,1.5527851187865807,0.14792773928236788,0.569511392432619,0.030473990365862846,0.030473990365862846,False,False,False,1.0,1.0,1.0,1.0,0
196,12,3.156610910082236e-05,1.4018682946429322,0.13967844130317555,0.571285386755405,0.03584248200058937,0.03584248200058937,False,False,False,1.0,1.0,1.0,1.0,0
196,14,0.00022598127543460578,1.2111381242011692,0.13044165700562801,0.5600006754148893,0.03233451396226883,0.03233451396226883,False,False,False,1.0,1.0,1.0,1.0,0
196,16,0.0017324218060821295,1.220431754065414,0.1306514031602658,0.5599228059308742,0.031631454825401306,0.031631454825401306,False,False,False,1.0,1.0,1.0,1.0,0
196,18,0.013259869068861008,1.260807227292765,0.14984129794590556,0.5557624443275936,0.029805347323417664,0.029805347323417664,False,False,False,1.0,1.0,1.0,1.0,0
196,20,0.0884927436709404,1.2624058100936195,0.13121184129015884,0.5558993050007178,0.02835206314921379,0.02835206314921379,False,False,False,1.0,1.0,1.0,1.0,0
196,22,0.6744264960289001,1.3488548544340428,1.0,0.557672628278865,0.009448720142245293,0.009448720142245293,False,False,False,1.0,1.0,1.0,1.0,0
197,0,3.138293624971311e-09,0.24410110357939052,0.24362115863900863,0.6205662573597446,0.018107321113348007,0.018107321113348007,False,True,False,1.0,1.0,1.953125,10.0,10
197,2,2.8818598618585156e-09,0.22480842667175252,0.119095358074071,0.620217950644836,0.021651240065693855,0.021651240065693855,False,True,False,1.0,1.0,2.44140625,10.0,23
197,4,1.4197919284697491e-08,0.6119171825555192,0.1552572682567426,0.614632639888349,0.0005174209363758564,0.0005174209363758564,False,False,False,1.0,1.0,1.0,1.0,0
197,6,8.144769481077674e-08,1.0861651121038634,0.1529862462095052,0.5775153160084212,0.002385216299444437,0.002385216299444437,False,False,False,1.0,1.0,1.0,1.0,0
197,8,5.223857328928716e-07,1.17209042922979,0.14655808788038846,0.576650483435011,0.01019582524895668,0.01019582524895668,False,False,False,1.0,1.0,1.0,1.0,0
197,10,3.5543596368370345e-06,1.1815837092411425,0.1280749264590703,0.5706413329613033,0.019452139735221863,0.019452139735221863,False,False,False,1.0,1.0,1.0,1.0,0
197,12,2.7742189558921382e-05,1.2320459212254604,0.12851441589073168,0.5734494872551944,0.026832062751054764,0.026832062751054764,False,False,False,1.0,1.0,1.0,1.0,0
197,14,0.00021585830836556852,1.1568844639199578,0.12507334837883616,0.5735967672335236,0.027018249034881592,0.027018249034881592,False,False,False,1.0,1.0,1.0,1.0,0
197,16,0.0017258437583222985,1.2157977449934478,0.12650570055520532,0.5730139134999824,0.028402917087078094,0.028402917087078094,False,False,False,1.0,1.0,1.0,1.0,0
197,18,0.013642408885061741,1.2971808115633494,0.1571492216255699,0.5788951663195885,0.03011099435389042,0.03011099435389042,False,False,False,1.0,1.0,1.0,1.0,0
197,20,0.08681180328130722,1.238426116095378,0.14590810059154075,0.578999439850656,0.025718379765748978,0.025718379765748978,False,False,False,1.0,1.0,1.0,1.0,0
197,22,0.5949758887290955,1.1899534204377693,1.0,0.5797493804410094,0.00811836589127779,0.00811836589127779,False,False,False,1.0,1.0,1.0,1.0,0
198,0,3.0749987001144063e-09,0.23893495887506644,0.23206581366423032,0.6235597996549592,0.02039933204650879,0.02039933204650879,False,True,False,1.0,1.0,1.5625,10.0,11
198,2,3.2505458325005065e-09,0.25255741497833123,0.12409361067621658,0.6232968901629874,0.02721436880528927,0.02721436880528927,False,True,False,1.0,1.0,1.953125,10.0,24
198,4,1.6194304564010054e-08,0.6823771904226332,0.17326355975655658,0.6177625829763674,0.0005469550378620625,0.0005469550378620625,False,False,False,1.0,1.0,1.0,1.0,0
198,6,8.346630409050704e-08,1.113084756419224,0.15848963191993087,0.5806696022436202,0.002300471067428589,0.002300471067428589,False,False,False,1.0,1.0,1.0,1.0,0
198,8,5.166357368580066e-07,1.1142818478033927,0.1364284459891087,0.5799138752681994,0.00886292289942503,0.00886292289942503,False,False,False,1.0,1.0,1.0,1.0,0
198,10,3.776862286031246e-06,1.2431058010203944,0.13248004481467365,0.5773545775584431,0.019925327971577644,0.019925327971577644,False,False,False,1.0,1.0,1.0,1.0,0
198,12,2.8498914616648108e-05,1.2385692458531772,0.1364852074970872,0.5804539836865217,0.02737286500632763,0.02737286500632763,False,False,False,1.0,1.0,1.0,1.0,0
198,14,0.00020879588555544615,1.0971085891511694,0.12941434202853336,0.5729387658896243,0.02490193210542202,0.02490193210542202,False,False,False,1.0,1.0,1.0,1.0,0
198,16,0.0016133806202560663,1.1365713208189154,0.14810948429205056,0.5750041371264741,0.02723715640604496,0.02723715640604496,False,False,False,1.0,1.0,1.0,1.0,0
198,18,0.010893152095377445,1.0357692688010036,0.15279288934439067,0.569686317439495,0.021282341331243515,0.021282341331243515,False,False,False,1.0,1.0,1.0,1.0,0
198,20,0.07129357010126114,1.0170485554478728,0.12925489455539257,0.5690331610725933,0.02113349363207817,0.02113349363207817,False,False,False,1.0,1.0,1.0,1.0,0
198,22,0.5515734553337097,1.0929667999328903,1.0,0.5668342768672886,0.006691691931337118,0.006691691931337118,False,False,False,1.0,1.0,1.0,1.0,0
199,0,2.4336250792345027e-09,0.18867539997319496,0.19707225129616573,0.6203661416593976,0.01799052208662033,0.01799052208662033,False,True,False,1.0,1.0,1.25,10.0,12
199,2,2.348897742976419e-09,0.18201006795116798,0.10908258609184719,0.6200985066953845,0.021549643948674202,0.021549643948674202,False,True,False,1.0,1.0,1.5625,10.0,25
199,4,1.1533205501734756e-08,0.48329727186808136,0.1553426811212996,0.6147098037228785,0.0004993857000954449,0.0004993857000954449,False,False,False,1.0,1.0,1.0,1.0,0
199,6,6.424363618862117e-08,0.8076599380535089,0.137366322382069,0.5746781118647983,0.002023362321779132,0.002023362321779132,False,False,False,1.0,1.0,1.0,1.0,0
199,8,4.576811249989987e-07,0.9343280984752894,0.12022029979744986,0.5739381214998023,0.008595471270382404,0.008595471270382404,False,False,False,1.0,1.0,1.0,1.0,0
199,10,3.7970203266013414e-06,1.1841358671744195,0.13166339919887698,0.5742818224162822,0.022556651383638382,0.022556651383638382,False,False,False,1.0,1.0,1.0,1.0,0
199,12,2.882884473365266e-05,1.157507173713614,0.13119054885510006,0.5763659958292716,0.028659064322710037,0.028659064322710037,False,False,False,1.0,1.0,1.0,1.0,0
199,14,0.00021973787806928158,1.1011956352251582,0.1312579453582949,0.5640368813622674,0.02661176212131977,0.02661176212131977,False,False,False,1.0,1.0,1.0,1.0,0
199,16,0.0016740820137783885,1.1754085130769572,0.1268625819483714,0.5704537533874069,0.0271653663367033,0.0271653663367033,False,False,False,1.0,1.0,1.0,1.0,0
199,18,0.013196016661822796,1.2547358569152947,0.14347545271458018,0.5666571170570351,0.024480292573571205,0.024480292573571205,False,False,False,1.0,1.0,1.0,1.0,0
199,20,0.09197402745485306,1.3120685586206404,0.14285166375345462,0.5666572958374666,0.023304542526602745,0.023304542526602745,False,False,False,1.0,1.0,1.0,1.0,0
199,22,0.643842875957489,1.2525896282454896,1.0,0.5704286141788983,0.007128259167075157,0.007128259167075157,False,False,False,1.0,1.0,1.0,1.0,0
200,0,3.460247866016175e-09,0.26886976619969005,0.2571192373568964,0.6173990989071169,0.01825050264596939,0.01825050264596939,False,True,False,1.0,1.0,1.5625,10.0,13
200,2,3.4577556373704965e-09,0.2686569795969516,0.11738848853062066,0.6171714315494771,0.019486544653773308,0.019486544653773308,False,True,False,1.0,1.0,1.953125,10.0,26
200,4,1.9455661970368965e-08,0.8198005601708532,0.16765378224859126,0.6116495162614596,0.0006434575188905001,0.0006434575188905001,False,False,False,1.0,1.0,1.0,1.0,0
200,6,1.0604666300650933e-07,1.3982305133121449,0.15183118985866273,0.5715427561068391,0.003642347641289234,0.003642347641289234,False,False,False,1.0,1.0,1.0,1.0,0
200,8,6.884511094540358e-07,1.4476768220705585,0.15575587091560203,0.5708633954433628,0.01464139111340046,0.01464139111340046,False,False,False,1.0,1.0,1.0,1.0,0
200,10,4.410065230331384e-06,1.3312514535633768,0.15669408288963005,0.5714137273691878,0.02751774527132511,0.02751774527132511,False,False,False,1.0,1.0,1.0,1.0,0
200,12,2.8134427338954993e-05,1.1163134180279772,0.1328818604447128,0.574931901508675,0.030748967081308365,0.030748967081308365,False,False,False,1.0,1.0,1.0,1.0,0
200,14,0.00021171511616557837,1.060990321200859,0.14876345981724268,0.5795327717167073,0.03012002259492874,0.03012002259492874,False,False,False,1.0,1.0,1.0,1.0,0
200,16,0.0014231561217457056,0.9992281185567586,0.1454655564995526,0.58455623741019,0.02896505407989025,0.02896505407989025,False,False,False,1.0,1.0,1.0,1.0,0
200,18,0.009783447720110416,0.9302536495117661,0.13677017033675454,0.5767453109518738,0.02331831119954586,0.02331831119954586,False,False,False,1.0,1.0,1.0,1.0,0
200,20,0.07153201848268509,1.0204501747177683,0.13826394626938246,0.5752959872618572,0.023557236418128014,0.023557236418128014,False,False,False,1.0,1.0,1.0,1.0,0
200,22,0.5173584222793579,1.0065154372778398,1.0,0.5742224063280008,0.007350283209234476,0.007350283209234476,False,False,False,1.0,1.0,1.0,1.0,0
201,0,3.0083873170383413e-09,0.23306720622753008,0.23069296397871883,0.6207356532410165,0.01838093437254429,0.01838093437254429,False,True,False,1.0,1.0,1.25,10.0,14
201,2,3.040654839026047e-09,0.2356125529610739,0.11690650789704918,0.6204114689592232,0.021811924874782562,0.021811924874782562,False,True,False,1.0,1.0,1.5625,10.0,27
201,4,1.600928634104548e-08,0.6675392937300312,0.17945281915913272,0.6146985451795717,0.0005912259221076965,0.0005912259221076965,False,False,False,1.0,1.0,1.0,1.0,0
201,6,7.921167366475856e-08,0.9649177783072395,0.15645761869077354,0.5718588961616182,0.0025922609493136406,0.0025922609493136406,False,False,False,1.0,1.0,1.0,1.0,0
201,8,4.962819843967736e-07,0.9933655825984619,0.14723720887387573,0.5713338919482149,0.010283296927809715,0.010283296927809715,False,False,False,1.0,1.0,1.0,1.0,0
201,10,3.3606288525334094e-06,0.9143048292635867,0.13490329480142915,0.5720477537685138,0.020661570131778717,0.020661570131778717,False,False,False,1.0,1.0,1.0,1.0,0
201,12,2.4901391952880658e-05,0.9095707682022537,0.1480278427790903,0.5744158534901689,0.02707001380622387,0.02707001380622387,False,False,False,1.0,1.0,1.0,1.0,0
201,14,0.0001682110014371574,0.807749607680463,0.11873661259910112,0.5722609332902738,0.02532840706408024,0.02532840706408024,False,False,False,1.0,1.0,1.0,1.0,0
201,16,0.0014166634064167738,0.9962107949392849,0.13554820664400774,0.5769794665929281,0.029842140153050423,0.029842140153050423,False,False,False,1.0,1.0,1.0,1.0,0
201,18,0.01045135222375393,1.0126038216984279,0.13516834786750728,0.5766109052811716,0.023605147376656532,0.023605147376656532,False,False,False,1.0,1.0,1.0,1.0,0
201,20,0.07732099294662476,1.093645091653346,0.1198984621332392,0.5833270313776364,0.026922283694148064,0.026922283694148064,False,False,False,1.0,1.0,1.0,1.0,0
201,22,0.6448872685432434,1.2442931676135744,1.0,0.5842560302037348,0.009221416898071766,0.009221416898071766,False,False,False,1.0,1.0,1.0,1.0,0
202,0,3.1513898157697895e-09,0.24340152007517546,0.25105385163542904,0.6178096089520839,0.018334731459617615,0.018334731459617615,False,True,False,1.0,1.0,1.5625,10.0,15
202,2,2.552644762232603e-09,0.19738259346860862,0.11650368812069309,0.617554693077837,0.019468726590275764,0.019468726590275764,False,True,False,1.0,1.0,1.953125,10.0,28
202,4,1.1910420205651917e-08,0.4921965930053542,0.1870983705083,0.6118029882961817,0.0005574002279900014,0.0005574002279900014,False,False,False,1.0,1.0,1.0,1.0,0
202,6,5.365859934158834e-08,0.643948305672653,0.13115662666623315,0.5688305949036545,0.0022214006166905165,0.0022214006166905165,False,False,False,1.0,1.0,1.0,1.0,0
202,8,3.9911847693474556e-07,0.8065342070568298,0.14344159486179667,0.5682701102406702,0.009665735065937042,0.009665735065937042,False,False,False,1.0,1.0,1.0,1.0,0
202,10,2.772445895971032e-06,0.7995531355878901,0.16602182263535856,0.5656625636980454,0.018053436651825905,0.018053436651825905,False,False,False,1.0,1.0,1.0,1.0,0
202,12,1.6689285985194147e-05,0.642966859684666,0.12774637464638267,0.5683600779393252,0.019798874855041504,0.019798874855041504,False,False,False,1.0,1.0,1.0,1.0,0
202,14,0.0001306339108850807,0.6528293221401696,0.12442827767279328,0.5722753286162683,0.021843010559678078,0.021843010559678078,False,False,False,1.0,1.0,1.0,1.0,0
202,16,0.0010498631745576859,0.7382734832891563,0.1465357436931123,0.5832888571089029,0.023464782163500786,0.023464782163500786,False,False,False,1.0,1.0,1.0,1.0,0
202,18,0.007164543494582176,0.694153633713506,0.15370528483501425,0.5760002383381878,0.018924592062830925,0.018924592062830925,False,False,False,1.0,1.0,1.0,1.0,0
202,20,0.0466122031211853,0.659293229586731,0.1323396381441541,0.5731827520088534,0.01733269728720188,0.01733269728720188,False,False,False,1.0,1.0,1.0,1.0,0
202,22,0.3522164821624756,0.6740305739202106,1.0,0.5662005523020008,0.005307644139975309,0.005307644139975309,False,False,False,1.0,1.0,1.0,1.0,0
203,0,2.8902160664756593e-09,0.22310460196831786,0.21580517594714949,0.6210865354438467,0.018394559621810913,0.018394559621810913,False,True,False,1.0,1.0,1.25,10.0,16
203,2,3.392709668759153e-09,0.2623403942505512,0.11851561340684676,0.6208177290837097,0.021968405693769455,0.021968405693769455,False,True,False,1.0,1.0,1.5625,10.0,29
203,4,1.862668952412605e-08,0.7697455643414517,0.16518297810085836,0.6151583005332131,0.0006446214392781258,0.0006446214392781258,False,False,False,1.0,1.0,1.0,1.0,0
203,6,1.0276397688357974e-07,1.2332541216199036,0.15747123674659788,0.5754426080394577,0.0034165550023317337,0.0034165550023317337,False,False,False,1.0,1.0,1.0,1.0,0
203,8,6.425888727790152e-07,1.2985364920980604,0.1564346392124244,0.5754029892507059,0.013044478371739388,0.013044478371739388,False,False,False,1.0,1.0,1.0,1.0,0
203,10,4.097714736417402e-06,1.1817509842152285,0.1554452825063173,0.5693482767721204,0.023981519043445587,0.023981519043445587,False,False,False,1.0,1.0,1.0,1.0,0
203,12,2.635113924043253e-05,1.0151967712438468,0.1348483038323947,0.5711560845871563,0.026244385167956352,0.026244385167956352,False,False,False,1.0,1.0,1.0,1.0,0
203,14,0.00019540320499800146,0.9765071029304283,0.12056016905960402,0.5653531459895766,0.026130985468626022,0.026130985468626022,False,False,False,1.0,1.0,1.0,1.0,0
203,16,0.0016207840526476502,1.1397503190945084,0.1431758667514853,0.5637807065893933,0.028595978394150734,0.028595978394150734,False,False,False,1.0,1.0,1.0,1.0,0
203,18,0.011320222169160843,1.0967863282719104,0.14591210669953655,0.5672830682418303,0.025395240634679794,0.025395240634679794,False,False,False,1.0,1.0,1.0,1.0,0
203,20,0.0775824636220932,1.0973433902646268,0.14318459791841853,0.5656131909821279,0.02516193874180317,0.02516193874180317,False,False,False,1.0,1.0,1.0,1.0,0
203,22,0.5418352484703064,1.056019940727724,1.0,0.5616408972968404,0.007327345199882984,0.007327345199882984,False,False,False,1.0,1.0,1.0,1.0,0
204,0,3.603979559230197e-09,0.27835785298500554,0.2812537421226057,0.6181322785059297,0.018103662878274918,0.018103662878274918,False,True,False,1.0,1.0,1.25,10.0,17
204,2,2.813979049776094e-09,0.21759019939983495,0.1199291166951545,0.6178039549695555,0.01944722793996334,0.01944722793996334,False,True,False,1.0,1.0,1.25,10.0,30
204,4,1.346368527777031e-08,0.5563850736240397,0.16831049449657062,0.6119304804830727,0.0005240001482889056,0.0005240001482889056,False,False,False,1.0,1.0,1.0,1.0,0
204,6,6.999314194899853e-08,0.8399765502606004,0.14344208554601043,0.5690180217300714,0.0018613642314448953,0.0018613642314448953,False,False,False,1.0,1.0,1.0,1.0,0
204,8,4.779540176969022e-07,0.9658441965236869,0.14976220311767682,0.5691292256839359,0.007962246425449848,0.007962246425449848,False,False,False,1.0,1.0,1.0,1.0,0
204,10,3.1814195153856417e-06,0.9174981386809627,0.14980731013435397,0.569975365674588,0.016560042276978493,0.016560042276978493,False,False,False,1.0,1.0,1.0,1.0,0
204,12,2.1226744138402864e-05,0.8279967321438264,0.10843018885135064,0.5707174484796803,0.02121233008801937,0.02121233008801937,False,False,False,1.0,1.0,1.0,1.0,0
204,14,0.00019575415353756398,1.012131152616645,0.11809076246440048,0.548863885724634,0.02420205995440483,0.02420205995440483,False,False,False,1.0,1.0,1.0,1.0,0
204,16,0.001657648477703333,1.1656737233579042,0.13800383614933046,0.5483213462891808,0.02603832446038723,0.02603832446038723,False,False,False,1.0,1.0,1.0,1.0,0
204,18,0.012011601589620113,1.163772248219142,0.14889992135087046,0.5458559896055273,0.02305731363594532,0.02305731363594532,False,False,False,1.0,1.0,1.0,1.0,0
204,20,0.08066894859075546,1.140999310963543,0.1528806253115179,0.5481837730128584,0.02320854179561138,0.02320854179561138,False,False,False,1.0,1.0,1.0,1.0,0
204,22,0.5276597142219543,1.0283922681483,1.0,0.5478655458641735,0.006652099546045065,0.006652099546045065,False,False,False,1.0,1.0,1.0,1.0,0
205,0,3.1848292891822894e-09,0.24584669607988957,0.24685462458403834,0.6153445893784913,0.0180579274892807,0.0180579274892807,False,True,False,1.0,1.0,1.25,10.0,18
205,2,2.9016391511760276e-09,0.22436849398043568,0.11716470448601216,0.6151434728851456,0.01936265639960766,0.01936265639960766,False,True,False,1.0,1.0,1.25,10.0,31
205,4,1.4765471512134809e-08,0.6101812234081946,0.18130454443800054,0.6062164599549411,0.0005348877748474479,0.0005348877748474479,False,False,False,0.9,1.0,1.0,1.0,0
205,6,7.144016223037397e-08,0.844422328894587,0.1490164853698733,0.5665171020270046,0.0020019810181111097,0.0020019810181111097,False,False,False,0.9,1.0,1.0,1.0,0
205,8,4.6941113396314904e-07,0.9442650094638629,0.15006346231552115,0.5666465653442916,0.008240549825131893,0.008240549825131893,False,False,False,0.9,1.0,1.0,1.0,0
205,10,3.1180841233435785e-06,0.8992326744659492,0.15179645017694682,0.5674498407258095,0.017790379002690315,0.017790379002690315,False,False,False,0.9,1.0,1.0,1.0,0
205,12,2.053121897915844e-05,0.8008662143770292,0.13248612868923274,0.5702597450535307,0.019669027999043465,0.019669027999043465,False,False,False,0.9,1.0,1.0,1.0,0
205,14,0.00015495881962124258,0.7922688583069099,0.13761398568528874,0.5754693123222848,0.01860978826880455,0.01860978826880455,False,False,False,0.9,1.0,1.0,1.0,0
205,16,0.0011260297615081072,0.7899913433575787,0.14514814072309815,0.5861157986295558,0.02062055468559265,0.02062055468559265,False,False,False,0.9,1.0,1.0,1.0,0
205,18,0.00775778666138649,0.7427785703840746,0.14640571255589405,0.5835121986212545,0.01815052516758442,0.01815052516758442,False,False,False,0.9,1.0,1.0,1.0,0
205,20,0.05298826843500137,0.7419995470050085,0.13337248051894166,0.5842896588805592,0.016898177564144135,0.016898177564144135,False,False,False,0.9,1.0,1.0,1.0,0
205,22,0.39729535579681396,0.7603606756976284,1.0,0.5826735473825578,0.005096497479826212,0.005096497479826212,False,False,False,0.9,1.0,1.0,1.0,0
206,0,3.353378685844177e-09,0.2582874334369631,0.26897550847111507,0.6129405762860268,0.01787535846233368,0.01787535846233368,False,True,False,1.0,1.0,1.5625,10.0,19
206,2,2.4672268672532027e-09,0.19103269582648208,0.11701375983984463,0.6127311016535392,0.0191591028124094,0.0191591028124094,False,True,False,1.0,1.0,1.5625,10.0,32
206,4,1.1084929418814227e-08,0.4580832917260244,0.16867612391768985,0.6006436360891565,0.00046842393931001425,0.00046842393931001425,False,False,False,0.9720000000000001,1.0,1.0,1.0,0
206,6,5.5717240599051365e-08,0.6902818582854822,0.15223744293676528,0.5606923572066903,0.0013703836593776941,0.0013703836593776941,False,False,False,0.9720000000000001,1.0,1.0,1.0,0
206,8,3.5598907288658665e-07,0.7329519370856935,0.14185399405007923,0.5608398780127338,0.005149626173079014,0.005149626173079014,False,False,False,0.9720000000000001,1.0,1.0,1.0,0
206,10,2.4995456442411523e-06,0.7618187200390312,0.1280499681939376,0.5615443655825255,0.01322438009083271,0.01322438009083271,False,False,False,0.9720000000000001,1.0,1.0,1.0,0
206,12,1.9510080164764076e-05,0.8076135556150588,0.13018393959345245,0.5635970560890486,0.0180815476924181,0.0180815476924181,False,False,False,0.9720000000000001,1.0,1.0,1.0,0
206,14,0.00014985549205448478,0.7748158042017484,0.14504531531671996,0.5575037170032288,0.01672269217669964,0.01672269217669964,False,False,False,0.9720000000000001,1.0,1.0,1.0,0
206,16,0.0010331532685086131,0.7265229229844948,0.12581066114686076,0.5627245635494231,0.01796221174299717,0.01796221174299717,False,False,False,0.9720000000000001,1.0,1.0,1.0,0
206,18,0.008211959153413773,0.7956349613286132,0.14713537735453408,0.557210934734435,0.01728079840540886,0.01728079840540886,False,False,False,0.9720000000000001,1.0,1.0,1.0,0
206,20,0.05581225827336311,0.7894208285308487,0.13870184590499354,0.5594004108534617,0.016016222536563873,0.016016222536563873,False,False,False,0.9720000000000001,1.0,1.0,1.0,0
206,22,0.40239015221595764,0.7842458125272788,1.0,0.556007506314726,0.005114240571856499,0.005114240571856499,False,False,False,0.9720000000000001,0.9,1.0,1.0,0
207,0,3.0544669016308035e-09,0.2342078516663557,0.2267046068136261,0.6167171163127185,0.018100636079907417,0.018100636079907417,False,True,False,1.0,1.0,1.25,10.0,20
207,2,3.4733340648074318e-09,0.2689336674761584,0.13178674265159185,0.6164184424393964,0.019523082301020622,0.019523082301020622,False,True,False,1.0,1.0,1.25,10.0,33
207,4,1.6355716780935836e-08,0.675897905929213,0.20169501607318963,0.6043106549226278,0.0005629205261357129,0.0005629205261357129,False,False,False,0.8748000000000001,1.0,1.0,1.0,0
207,6,7.109132837967991e-08,0.8807516979357444,0.1416870980334409,0.5677083293458796,0.0020256121642887592,0.0020256121642887592,False,False,False,0.8748000000000001,1.0,1.0,1.0,0
207,8,4.91748778586043e-07,1.012469896622337,0.13696374354197305,0.5643106311855789,0.008050825446844101,0.008050825446844101,False,False,False,0.8748000000000001,1.0,1.0,1.0,0
207,10,3.580357315513538e-06,1.0912316139019673,0.15021415492112297,0.5649289042741702,0.01798630878329277,0.01798630878329277,False,False,False,0.8748000000000001,1.0,1.0,1.0,0
207,12,2.3825019525247626e-05,0.9862290963895743,0.1410306604046825,0.5681353597859296,0.022562438622117043,0.022562438622117043,False,False,False,0.8748000000000001,1.0,1.0,1.0,0
207,14,0.0001689250348135829,0.873413345780526,0.14286827005000638,0.5756910190626823,0.020363058894872665,0.020363058894872665,False,False,False,0.8748000000000001,1.0,1.0,1.0,0
207,16,0.001182373147457838,0.8314557203980663,0.12532352560797347,0.581916554288984,0.018947653472423553,0.018947653472423553,False,False,False,0.8748000000000001,1.0,1.0,1.0,0
207,18,0.00943455658853054,0.9163754592548625,0.1514459837540287,0.5826924939662844,0.019729608669877052,0.019729608669877052,False,False,False,0.8748000000000001,1.0,1.0,1.0,0
207,20,0.06229650229215622,0.8811353988433502,0.13933738490672087,0.5829741018423472,0.018653590232133865,0.018653590232133865,False,False,False,0.8748000000000001,1.0,1.0,1.0,0
207,22,0.44709107279777527,0.8713665076768722,1.0,0.5823324626716359,0.00579513143748045,0.00579513143748045,False,False,False,0.8748000000000001,0.9720000000000001,1.0,1.0,0
208,0,4.384485663422311e-09,0.33645475868730057,0.3344934224478296,0.6143808588512333,0.00046206748811528087,0.00046206748811528087,False,False,True,1.0,1.0,1.0,7.0,0
208,2,3.1078382090043988e-09,0.2406340167329764,0.12879009633276717,0.6139854521359421,0.019460080191493034,0.019460080191493034,False,True,False,1.0,1.0,1.5625,10.0,34
208,4,1.4131034120623553e-08,0.5839631792766482,0.19272989277403413,0.6026200726875415,0.0005442989058792591,0.0005442989058792591,False,False,False,0.9447840000000002,1.0,1.0,1.0,0
208,6,6.3320406695766e-08,0.7861764273932351,0.15516287714942453,0.5699920906698914,0.0022079593036323786,0.0022079593036323786,False,False,False,0.9447840000000002,1.0,1.0,1.0,0
208,8,3.9808992369216867e-07,0.8196340925257231,0.13652180930732652,0.5631366976684297,0.007798212114721537,0.007798212114721537,False,False,False,0.9447840000000002,1.0,1.0,1.0,0
208,10,2.9059438020340167e-06,0.885681920980886,0.14864037652282347,0.563834202710393,0.018263591453433037,0.018263591453433037,False,False,False,0.9447840000000002,1.0,1.0,1.0,0
208,12,1.954016443050932e-05,0.8272892734835574,0.1251671191864645,0.5659143128421759,0.021989980712532997,0.021989980712532997,False,False,False,0.9447840000000002,1.0,1.0,1.0,0
208,14,0.00015610260015819222,0.8202340911401942,0.11162693058173773,0.5645392358005165,0.020057354122400284,0.020057354122400284,False,False,False,0.9447840000000002,1.0,1.0,1.0,0
208,16,0.0013984213583171368,0.98563288866195,0.14868981866638697,0.5644831106736538,0.024200107902288437,0.024200107902288437,False,False,False,0.9447840000000002,1.0,1.0,1.0,0
208,18,0.00940494704991579,0.9134994942540906,0.16502400999267813,0.5661639009271116,0.020388536155223846,0.020388536155223846,False,False,False,0.9447840000000002,1.0,1.0,1.0,0
208,20,0.05699137598276138,0.8103273891751167,0.15614828273637468,0.5660419033965696,0.019136415794491768,0.019136415794491768,False,False,False,0.9447840000000002,1.0,1.0,1.0,0
208,22,0.36498239636421204,0.7113392671726858,1.0,0.5677161889728367,0.0053411489352583885,0.0053411489352583885,False,False,False,0.9447840000000002,0.8748000000000001,1.0,1.0,0
209,0,2.9730817807660515e-09,0.2281470598593454,0.22319091682325046,0.6174713877275996,0.012905511073768139,0.012905511073768139,False,True,False,1.0,1.0,1.25,7.3500000000000005,1
209,2,3.3208009675433914e-09,0.2571233191211434,0.12480028081929169,0.6176272832847399,0.01968965493142605,0.01968965493142605,False,True,False,1.0,1.0,1.25,10.0,35
209,4,1.6608922237537627e-08,0.6873280328768293,0.20393042295921127,0.6062845200071793,0.0005813272437080741,0.0005813272437080741,False,False,False,0.8503056000000002,1.0,1.0,1.0,0
209,6,7.14440631099933e-08,0.8870384955696609,0.15372882390562095,0.5768649354849473,0.002263618865981698,0.002263618865981698,False,False,False,0.8503056000000002,1.0,1.0,1.0,0
209,8,4.5474084231500456e-07,0.9401637872413422,0.12999906818815413,0.5698091796687943,0.008015425875782967,0.008015425875782967,False,False,False,0.8503056000000002,1.0,1.0,1.0,0
209,10,3.4880315524787875e-06,1.0630923019498888,0.1486241817847674,0.5707636314288169,0.020203344523906708,0.020203344523906708,False,False,False,0.8503056000000002,1.0,1.0,1.0,0
209,12,2.345880238863174e-05,0.9931961245210278,0.11933395877723148,0.5711018045355915,0.0211812611669302,0.0211812611669302,False,False,False,0.8503056000000002,1.0,1.0,1.0,0
209,14,0.00019657111261039972,1.097666414429108,0.11662553104598214,0.5492540031657224,0.021452993154525757,0.021452993154525757,False,False,False,0.8503056000000002,1.0,1.0,1.0,0
209,16,0.0016854795394465327,1.1974542195099072,0.14385358777299914,0.5443288376959503,0.02382211573421955,0.02382211573421955,False,False,False,0.8503056000000002,1.0,1.0,1.0,0
209,18,0.011716621927917004,1.175347475941011,0.1546302316092157,0.5500623749578242,0.022950634360313416,0.022950634360313416,False,False,False,0.8503056000000002,1.0,1.0,1.0,0
209,20,0.07577186077833176,1.1284476280981337,0.146192885662242,0.5520051081979512,0.0221867673099041,0.0221867673099041,False,False,False,0.8503056000000002,1.0,1.0,1.0,0
209,22,0.5183005928993225,1.0280324896423036,1.0,0.5540541727664382,0.006333245895802975,0.006333245895802975,False,False,False,0.8503056000000002,0.9447840000000002,1.0,1.0,0
210,0,3.4293605732926835e-09,0.263160783889601,0.2543116689975445,0.6148532346661012,0.013553627766668797,0.013553627766668797,False,True,False,1.0,1.0,1.5625,8.82,2
210,2,3.484873056791571e-09,0.26927476588004384,0.13060246785667934,0.6150890596783875,0.019752338528633118,0.019752338528633118,False,True,False,1.0,1.0,1.5625,10.0,36
210,4,1.6683056713873157e-08,0.6814502199448357,0.17817268720839308,0.6040127618210729,0.0005992705118842423,0.0005992705118842423,False,False,False,0.9183300480000003,1.0,1.0,1.0,0
210,6,8.363419823353979e-08,1.02914454201611,0.14436206178682268,0.5744976668402264,0.002865869551897049,0.002865869551897049,False,False,False,0.9183300480000003,1.0,1.0,1.0,0
210,8,5.693364073522389e-07,1.1770868660613352,0.14952166966106878,0.5673831861492795,0.01123717986047268,0.01123717986047268,False,False,False,0.9183300480000003,1.0,1.0,1.0,0
210,10,3.797718363784952e-06,1.1058104899213483,0.12249764717850906,0.5685262139420546,0.02369421161711216,0.02369421161711216,False,False,False,0.9183300480000003,1.0,1.0,1.0,0
210,12,3.0992378015071154e-05,1.310354079697637,0.11719488651607611,0.5702220400587138,0.0325932539999485,0.0325932539999485,False,False,False,0.9183300480000003,1.0,1.0,1.0,0
210,14,0.00026444162358529866,1.38949661672078,0.11876137662256178,0.5758461533955535,0.033596158027648926,0.033596158027648926,False,False,False,0.9183300480000003,1.0,1.0,1.0,0
210,16,0.0022266535088419914,1.5693860201121792,0.13021818346858693,0.5882012851641827,0.03612986207008362,0.03612986207008362,False,False,False,0.9183300480000003,1.0,1.0,1.0,0
210,18,0.017099395394325256,1.6912801866655804,0.18337526549002492,0.5854656770845742,0.03536241874098778,0.03536241874098778,False,False,False,0.9183300480000003,1.0,1.0,1.0,0
210,20,0.09324809163808823,1.3258406441267485,0.13352292248678022,0.5850604964501294,0.030048642307519913,0.030048642307519913,False,False,False,0.9183300480000003,1.0,1.0,1.0,0
210,22,0.6983676552772522,1.3610967023908178,1.0,0.5820260983717856,0.009660382755100727,0.009660382755100727,False,False,False,0.9183300480000003,0.8503056000000002,1.0,1.0,0
211,0,3.010754756616052e-09,0.23044901128134523,0.2310697028206731,0.6183627691703072,0.016151368618011475,0.016151368618011475,False,True,False,1.0,1.0,1.25,9.261000000000001,3
211,2,3.029638762086506e-09,0.23309146807748873,0.11811569040105453,0.6185448009682012,0.019798042252659798,0.019798042252659798,False,True,False,1.0,1.0,1.25,10.0,37
211,4,1.564975704582139e-08,0.6282106202285559,0.1769672520994356,0.6075554712627134,0.0005786988185718656,0.0005786988185718656,False,False,False,0.9917964518400004,1.0,1.0,1.0,0
211,6,7.843306804034e-08,0.9630529644776117,0.13963351903652024,0.5752207333110537,0.002520873211324215,0.002520873211324215,False,False,False,0.9917964518400004,1.0,1.0,1.0,0
211,8,5.517065915228159e-07,1.1148934682106102,0.1334555370041397,0.5682380493984168,0.01034606620669365,0.01034606620669365,False,False,False,0.9917964518400004,1.0,1.0,1.0,0
211,10,4.124010501982411e-06,1.1678793744026321,0.1518342044287119,0.5691858867785317,0.02385144867002964,0.02385144867002964,False,False,False,0.9917964518400004,1.0,1.0,1.0,0
211,12,2.715127448027488e-05,1.1139804411020986,0.13673514595114972,0.5689461968545674,0.02507081814110279,0.02507081814110279,False,False,False,0.9917964518400004,1.0,1.0,1.0,0
211,14,0.00019855836580973119,1.032437392709885,0.13119722291087998,0.5618112974961147,0.02413219027221203,0.02413219027221203,False,False,False,0.9917964518400004,1.0,1.0,1.0,0
211,16,0.0015134242130443454,1.0658519244033537,0.1268069423425162,0.5703209156045161,0.025366157293319702,0.025366157293319702,False,False,False,0.9917964518400004,1.0,1.0,1.0,0
211,18,0.011934858746826649,1.1796357743668056,0.154326575282187,0.5646216822258859,0.024696141481399536,0.024696141481399536,False,False,False,0.9917964518400004,1.0,1.0,1.0,0
211,20,0.07733507454395294,1.082930089508409,0.12593051205681563,0.5690894383906299,0.023695282638072968,0.023695282638072968,False,False,False,0.9917964518400004,1.0,1.0,1.0,0
211,22,0.6141090989112854,1.185929109970704,1.0,0.5629328489946387,0.0074478317983448505,0.0074478317983448505,False,False,False,0.9917964518400004,0.9183300480000003,1.0,1.0,0
212,0,3.6797711544522826e-09,0.28165682456257407,0.27847262149689656,0.6156331176359838,0.0170927532017231,0.0170927532017231,False,True,False,1.0,1.0,1.5625,10.0,4
212,2,3.2141218575532093e-09,0.24657350674532075,0.11034607303212843,0.6158117156980529,0.019690150395035744,0.019690150395035744,False,True,False,1.0,1.0,1.5625,10.0,38
212,4,1.912765057454635e-08,0.758804477205043,0.1530353506551505,0.6047878454141512,0.0006084595806896687,0.0006084595806896687,False,False,False,1.0,1.0,1.0,1.0,0
212,6,1.1498844543211817e-07,1.411904009634269,0.1580879373504249,0.5723904173931819,0.0037388168275356293,0.0037388168275356293,False,False,False,1.0,1.0,1.0,1.0,0
212,8,7.17370141956053e-07,1.4496678086599337,0.14788353445716362,0.5656153786607386,0.013637075200676918,0.013637075200676918,False,False,False,1.0,1.0,1.0,1.0,0
212,10,4.840912879444659e-06,1.3708991047587746,0.14231067539023803,0.5668246497251475,0.029275160282850266,0.029275160282850266,False,False,False,1.0,1.0,1.0,1.0,0
212,12,3.400651257834397e-05,1.3952416822970501,0.1366289080045678,0.5663434297885845,0.0337945856153965,0.0337945856153965,False,False,False,1.0,1.0,1.0,1.0,0
212,14,0.0002488869067747146,1.2725015972624911,0.12057639769011136,0.5537363720593621,0.028824567794799805,0.028824567794799805,False,False,False,1.0,1.0,1.0,1.0,0
212,16,0.0020641328301280737,1.4057975855101486,0.141148607827816,0.5582455464522003,0.03520762175321579,0.03520762175321579,False,False,False,1.0,1.0,1.0,1.0,0
212,18,0.014623817056417465,1.370264039410796,0.14559669094817734,0.5554925214417606,0.030902495607733727,0.030902495607733727,False,False,False,1.0,1.0,1.0,1.0,0
212,20,0.10044057667255402,1.3637191843045129,0.1488211266434761,0.5568514938554754,0.03096393123269081,0.03096393123269081,False,False,False,1.0,1.0,1.0,1.0,0
212,22,0.6749080419540405,1.2905040936142242,1.0,0.5572222869597354,0.008970086462795734,0.008970086462795734,False,False,False,1.0,0.9917964518400004,1.0,1.0,0
213,0,2.9883295837862534e-09,0.22800108790046703,0.24486661135485063,0.6190456351646184,0.018309336155653,0.018309336155653,False,True,False,1.0,1.0,1.25,10.0,5
213,2,2.203907945030892e-09,0.16856863919329335,0.10884826126497779,0.619276950134874,0.019541850313544273,0.019541850313544273,False,True,False,1.0,1.0,1.25,10.0,39
213,4,1.0247525494833098e-08,0.3967369437366816,0.16550735923995144,0.6082947224834611,0.0005006432766094804,0.0005006432766094804,False,False,False,1.0,1.0,1.0,1.0,0
213,6,5.191582985730747e-08,0.6112162302925213,0.14368689029549783,0.5761076498410336,0.0019939516205340624,0.0019939516205340624,False,False,False,1.0,1.0,1.0,1.0,0
213,8,3.513122237563948e-07,0.697026790565088,0.155754749601537,0.5692433225579396,0.007623983547091484,0.007623983547091484,False,False,False,1.0,1.0,1.0,1.0,0
213,10,2.2455474208982196e-06,0.6277110431770413,0.11623130488980031,0.5703077202141906,0.015618231147527695,0.015618231147527695,False,False,False,1.0,1.0,1.0,1.0,0
213,12,1.9309643903397955e-05,0.753215940543082,0.1254790137024971,0.5709543370710495,0.02021467499434948,0.02021467499434948,False,False,False,1.0,1.0,1.0,1.0,0
213,14,0.00015387743769679219,0.7843980849192199,0.11280788168089857,0.572218277664925,0.01946275867521763,0.01946275867521763,False,False,False,1.0,1.0,1.0,1.0,0
213,16,0.0013640563702210784,0.8724865913139727,0.13175017319190985,0.5842152201808808,0.02044534869492054,0.02044534869492054,False,False,False,1.0,1.0,1.0,1.0,0
213,18,0.010353345423936844,0.9321714007899315,0.1685949345550027,0.5788399362948007,0.019248826429247856,0.019248826429247856,False,False,False,1.0,1.0,1.0,1.0,0
213,20,0.06140957772731781,0.8022525965205277,0.13493643675983916,0.5788972888707488,0.018077805638313293,0.018077805638313293,False,False,False,1.0,1.0,1.0,1.0,0
213,22,0.45510002970695496,0.851055941489922,1.0,0.5772792087718598,0.0057557267136871815,0.0057557267136871815,False,False,False,1.0,1.0,1.0,1.0,0
214,0,3.658536806838697e-09,0.27913600180146264,0.28532216955434986,0.6162616209883146,0.018478458747267723,0.018478458747267723,False,True,False,1.0,1.0,1.5625,10.0,6
214,2,2.82247647476197e-09,0.21588062222764035,0.11790720802860906,0.6162970888735259,0.019484596326947212,0.019484596326947212,False,True,False,1.0,1.0,1.5625,10.0,40
214,4,1.3938116438794168e-08,0.5396196106232046,0.20785850942960762,0.6049563234419032,0.0005564892198890448,0.0005564892198890448,False,False,False,1.0,1.0,1.0,1.0,0
214,6,5.705578942638567e-08,0.6717300797350289,0.1365516315587376,0.5727343064620395,0.002059277379885316,0.002059277379885316,False,False,False,1.0,1.0,1.0,1.0,0
214,8,4.078330846368772e-07,0.8091679333874243,0.13444947596369797,0.5657340677067801,0.00849828775972128,0.00849828775972128,False,False,False,1.0,1.0,1.0,1.0,0
214,10,3.023355702680419e-06,0.8451363548874263,0.14851975414019902,0.5666406408519901,0.02004838176071644,0.02004838176071644,False,False,False,1.0,1.0,1.0,1.0,0
214,12,2.034658973570913e-05,0.7936643369135118,0.12178727785537467,0.5682211319896684,0.02330154739320278,0.02330154739320278,False,False,False,1.0,1.0,1.0,1.0,0
214,14,0.0001670566271059215,0.8515796749433447,0.1346141465462564,0.5740690708731195,0.022021546959877014,0.022021546959877014,False,False,False,1.0,1.0,1.0,1.0,0
214,16,0.001240993500687182,0.7937723197479497,0.1327963034347866,0.5838865346230278,0.02014707215130329,0.02014707215130329,False,False,False,1.0,1.0,1.0,1.0,0
214,18,0.009345080703496933,0.8413915129049435,0.16513772621630463,0.5836592093884199,0.020121833309531212,0.020121833309531212,False,False,False,1.0,1.0,1.0,1.0,0
214,20,0.056589607149362564,0.739284667828893,0.12925238693092408,0.5787589741523307,0.018181119114160538,0.018181119114160538,False,False,False,1.0,1.0,1.0,1.0,0
214,22,0.43782252073287964,0.8187462827188593,1.0,0.5791474592659414,0.006020529195666313,0.006020529195666313,False,False,False,1.0,1.0,1.0,1.0,0
215,0,2.98078672855695e-09,0.22742558939873286,0.23272928555194436,0.6196001687889727,0.018460050225257874,0.018460050225257874,False,True,False,1.0,1.0,1.953125,10.0,7
215,2,2.8079572000905273e-09,0.21541431355193463,0.11799304046974571,0.6196905009219802,0.019635463133454323,0.019635463133454323,False,True,False,1.0,1.0,1.953125,10.0,41
215,4,1.3797651021718593e-08,0.5473604470862262,0.23427227110749044,0.6084153381746501,0.0005663155461661518,0.0005663155461661518,False,False,False,1.0,1.0,1.0,1.0,0
215,6,4.8895792303937924e-08,0.6003748024311619,0.14897607268036145,0.5761910490559737,0.0017589401686564088,0.0017589401686564088,False,False,False,1.0,1.0,1.0,1.0,0
215,8,3.182123862188746e-07,0.6430463517209285,0.14788240631988994,0.5693886582091975,0.005978638306260109,0.005978638306260109,False,False,False,1.0,1.0,1.0,1.0,0
215,10,2.141793402188341e-06,0.6065349099971988,0.14793046893338227,0.5709380424419916,0.0132500771433115,0.0132500771433115,False,False,False,1.0,1.0,1.0,1.0,0
215,12,1.446837904950371e-05,0.5936182217636855,0.11540163625882499,0.5719469279013307,0.015810875222086906,0.015810875222086906,False,False,False,1.0,1.0,1.0,1.0,0
215,14,0.0001253641239600256,0.6409579758365674,0.14704858315481426,0.5691771074149756,0.01460358314216137,0.01460358314216137,False,False,False,1.0,1.0,1.0,1.0,0
215,16,0.0008525254088453948,0.5806206576669516,0.11776569514585766,0.5712788602947071,0.01284127775579691,0.01284127775579691,False,False,False,1.0,1.0,1.0,1.0,0
215,18,0.007239155936986208,0.6783150403120165,0.1626090548737966,0.5730317999382654,0.015737183392047882,0.015737183392047882,False,False,False,1.0,1.0,1.0,1.0,0
215,20,0.044518765062093735,0.6044478833952412,0.1394404102268338,0.5677176065876,0.012563065625727177,0.012563065625727177,False,False,False,1.0,1.0,1.0,1.0,0
215,22,0.31926730275154114,0.6104768880292775,1.0,0.5753218057546889,0.004293014295399189,0.004293014295399189,False,False,False,1.0,1.0,1.0,1.0,0
216,0,3.840734397186907e-09,0.2930371621813703,0.2896053557808404,0.6228232927052133,0.02088097110390663,0.02088097110390663,False,True,False,1.0,1.0,1.5625,10.0,8
216,2,3.261959147238258e-09,0.2502433763998004,0.11758398569676502,0.6228498605738514,0.02203063853085041,0.02203063853085041,False,True,False,1.0,1.0,1.5625,10.0,42
216,4,1.7741525581982387e-08,0.7038161321271065,0.16497794241228905,0.6121573945163532,0.0005940332193858922,0.0005940332193858922,False,False,False,1.0,1.0,1.0,1.0,0
216,6,9.75387735024924e-08,1.1976454232897356,0.156420291300692,0.5829539752177633,0.003377739805728197,0.003377739805728197,False,False,False,1.0,1.0,1.0,1.0,0
216,8,6.13568545304588e-07,1.2399046412902637,0.17065721776010978,0.576157146089214,0.012094452977180481,0.012094452977180481,False,False,False,1.0,1.0,1.0,1.0,0
216,10,3.5853272493113764e-06,1.0153295543116776,0.14719805798345875,0.5772652042244226,0.022428620606660843,0.022428620606660843,False,False,False,1.0,1.0,1.0,1.0,0
216,12,2.434716407151427e-05,0.9989315452456821,0.13173766620737515,0.577207389741557,0.026386110112071037,0.026386110112071037,False,False,False,1.0,1.0,1.0,1.0,0
216,14,0.00018480551079846919,0.9448681359796384,0.13836987976673304,0.573703781033772,0.024325983598828316,0.024325983598828316,False,False,False,1.0,1.0,1.0,1.0,0
216,16,0.001335580600425601,0.9096100580000015,0.12422937799154023,0.5805582908471428,0.0248456671833992,0.0248456671833992,False,False,False,1.0,1.0,1.0,1.0,0
216,18,0.010750913992524147,1.0073697433386195,0.12128403381476331,0.5854323362354674,0.023726046085357666,0.023726046085357666,False,False,False,1.0,1.0,1.0,1.0,0
216,20,0.08864244073629379,1.2035314907614605,0.13607948386316107,0.5818569460350534,0.025831663981080055,0.025831663981080055,False,False,False,1.0,1.0,1.0,1.0,0
216,22,0.651401937007904,1.2455576375457984,1.0,0.5850443370245154,0.008699258789420128,0.008699258789420128,False,False,False,1.0,1.0,1.0,1.0,0
217,0,2.8623514669590122e-09,0.21775473055131797,0.2138799121592953,0.6196014360375249,0.018414456397294998,0.018414456397294998,False,True,False,1.0,1.0,1.953125,10.0,9
217,2,3.3829841150634365e-09,0.25952788770426943,0.11987019606499409,0.6197460875662693,0.01989004760980606,0.01989004760980606,False,True,False,1.0,1.0,1.953125,10.0,43
217,4,1.8222062081463264e-08,0.7228792808314097,0.18145467800184206,0.6091125126475336,0.0006552536506205797,0.0006552536506205797,False,False,False,1.0,1.0,1.0,1.0,0
217,6,9.042211246423904e-08,1.1102623630408721,0.14582722935701728,0.5801628833634307,0.0036295554600656033,0.0036295554600656033,False,False,False,1.0,1.0,1.0,1.0,0
217,8,6.100632958805363e-07,1.232821202833352,0.15642465240773473,0.5705775428209764,0.013401109725236893,0.013401109725236893,False,False,False,1.0,1.0,1.0,1.0,0
217,10,3.890045718435431e-06,1.1016228396751508,0.16050682803008182,0.5715368460336067,0.025798093527555466,0.025798093527555466,False,False,False,1.0,1.0,1.0,1.0,0
217,12,2.4226013920269907e-05,1.0053918337868253,0.13217830539304812,0.5755884174035992,0.02867969684302807,0.02867969684302807,False,False,False,1.0,1.0,1.0,1.0,0
217,14,0.00018327283032704145,0.9640136197663934,0.14739066366693993,0.5886815026472839,0.027943909168243408,0.027943909168243408,False,False,False,1.0,1.0,1.0,1.0,0
217,16,0.0012434393865987659,0.8757110211810697,0.1367542015629151,0.5941121676919034,0.025512240827083588,0.025512240827083588,False,False,False,1.0,1.0,1.0,1.0,0
217,18,0.009092503227293491,0.8576908296156018,0.1388732192116815,0.5961264103920175,0.024707023054361343,0.024707023054361343,False,False,False,1.0,1.0,1.0,1.0,0
217,20,0.06547340005636215,0.888956780978972,0.1346544297513691,0.5897116932452362,0.02207666076719761,0.02207666076719761,False,False,False,1.0,1.0,1.0,1.0,0
217,22,0.48623278737068176,0.9297346653843097,1.0,0.5951077488146431,0.007779575884342194,0.007779575884342194,False,False,False,1.0,1.0,1.0,1.0,0
218,0,3.946768245555177e-09,0.30097687626070124,0.30587820077095185,0.6226057563747098,0.00047491645091213286,0.00047491645091213286,False,False,True,1.0,1.0,1.0,7.0,0
218,2,2.903071338877794e-09,0.22204502060943498,0.12056193428864899,0.6227544503866068,0.0222177617251873,0.0222177617251873,False,True,False,1.0,1.0,2.44140625,10.0,44
218,4,1.4079502008712552e-08,0.5450934080708101,0.20630014010123313,0.6120503915220338,0.0006008860655128956,0.0006008860655128956,False,False,False,1.0,1.0,1.0,1.0,0
218,6,5.824766091677702e-08,0.7152032162115287,0.15863111605153127,0.5863946068651749,0.0027005281299352646,0.0027005281299352646,False,False,False,1.0,1.0,1.0,1.0,0
218,8,3.571893785192515e-07,0.7218113960287023,0.14838814483798066,0.5735244477574426,0.008524501696228981,0.008524501696228981,False,False,False,1.0,1.0,1.0,1.0,0
218,10,2.3971288101165555e-06,0.6763536410765524,0.14857300434947446,0.5746057253912648,0.016898835077881813,0.016898835077881813,False,False,False,1.0,1.0,1.0,1.0,0
218,12,1.6124349713209085e-05,0.6708551307299855,0.1377565480787672,0.581154633529983,0.020131204277276993,0.020131204277276993,False,False,False,1.0,1.0,1.0,1.0,0
218,14,0.00011703960626618937,0.6359148802916356,0.14413855149530436,0.5841171444244202,0.018582148477435112,0.018582148477435112,False,False,False,1.0,1.0,1.0,1.0,0
218,16,0.0008119837730191648,0.5768764155361126,0.13914449579995214,0.5849961372839798,0.016911158338189125,0.016911158338189125,False,False,False,1.0,1.0,1.0,1.0,0
218,18,0.005835533607751131,0.5609817644796393,0.12923548066531024,0.5888318120739054,0.016529906541109085,0.016529906541109085,False,False,False,1.0,1.0,1.0,1.0,0
218,20,0.045154258608818054,0.6322991941921745,0.132485808188776,0.5854497502524485,0.0168325025588274,0.0168325025588274,False,False,False,1.0,1.0,1.0,1.0,0
218,22,0.34082335233688354,0.6581767565578798,1.0,0.589885418128846,0.006063238251954317,0.006063238251954317,False,False,False,1.0,1.0,1.0,1.0,0
219,0,3.1947129386367124e-09,0.24260983901337613,0.2510126271143,0.6252380360114246,0.013026777654886246,0.013026777654886246,False,True,False,1.0,1.0,1.25,7.3500000000000005,1
219,2,2.7272997193961146e-09,0.20922662100588899,0.10862545058960271,0.6254973169803651,0.02754705399274826,0.02754705399274826,False,True,False,1.0,1.0,1.953125,10.0,45
219,4,1.5107373130263113e-08,0.5993178474990358,0.15902901859278806,0.6147765957809734,0.0005678940215148032,0.0005678940215148032,False,False,False,1.0,1.0,1.0,1.0,0
219,6,8.499758763491627e-08,1.0459214680906703,0.1538099632085806,0.5919952384225775,0.0030489570926874876,0.0030489570926874876,False,False,False,1.0,1.0,1.0,1.0,0
219,8,5.42614316145773e-07,1.1218397007885128,0.1546698834145089,0.578865907857204,0.010244573466479778,0.010244573466479778,False,False,False,1.0,1.0,1.0,1.0,0
219,10,3.4982092529389774e-06,1.0186001481122187,0.14678305188081234,0.579841921187647,0.0195903442800045,0.0195903442800045,False,False,False,1.0,1.0,1.0,1.0,0
219,12,2.3822514776838943e-05,1.007213109342829,0.11999933197843646,0.5859836699223407,0.02650846540927887,0.02650846540927887,False,False,False,1.0,1.0,1.0,1.0,0
219,14,0.00019851206161547452,1.1272117701140334,0.12662635937020153,0.5786746291871441,0.02692490443587303,0.02692490443587303,False,False,False,1.0,1.0,1.0,1.0,0
219,16,0.0015676893526688218,1.1349796500997449,0.12627400911754227,0.5740884802019902,0.02484741620719433,0.02484741620719433,False,False,False,1.0,1.0,1.0,1.0,0
219,18,0.012414970435202122,1.2330620884638015,0.1438715132217172,0.5814895762219481,0.026155410334467888,0.026155410334467888,False,False,False,1.0,1.0,1.0,1.0,0
219,20,0.08629205822944641,1.2596880700447923,0.14204935629883245,0.576178763669496,0.024730021134018898,0.024730021134018898,False,False,False,1.0,1.0,1.0,1.0,0
219,22,0.6074793934822083,1.2106112041135337,1.0,0.5841668694223007,0.008588341064751148,0.008588341064751148,False,False,False,1.0,1.0,1.0,1.0,0
220,0,2.9089106678981125e-09,0.2205429224492357,0.2277255049514744,0.6220325860140388,0.013773308135569096,0.013773308135569096,False,True,False,1.0,1.0,1.25,7.717500000000001,2
220,2,2.7737587782183937e-09,0.21279075875846853,0.10861757309399947,0.622201480896185,0.022010641172528267,0.022010641172528267,False,True,False,1.0,1.0,1.5625,10.0,46
220,4,1.5536924635739524e-08,0.6122065838568681,0.18928054932394905,0.6116885295666598,0.0006012387457303703,0.0006012387457303703,False,False,False,1.0,1.0,1.0,1.0,0
220,6,7.208410579551128e-08,0.8850962165904328,0.13409267959738863,0.5886626737956604,0.002915195655077696,0.002915195655077696,False,False,False,1.0,1.0,1.0,1.0,0
220,8,5.275692842587887e-07,1.0661165882125332,0.1530607765379318,0.5754099568488439,0.011373826302587986,0.011373826302587986,False,False,False,1.0,1.0,1.0,1.0,0
220,10,3.4367960779491113e-06,1.0007180076747464,0.14021823765701555,0.5763546537145713,0.02416395954787731,0.02416395954787731,False,False,False,1.0,1.0,1.0,1.0,0
220,12,2.4500335712218657e-05,1.0359261509150348,0.11358785770669833,0.582857111972159,0.02962334454059601,0.02962334454059601,False,False,False,1.0,1.0,1.0,1.0,0
220,14,0.00021568502415902913,1.2247250665318528,0.13666824677117453,0.5729649762132252,0.031317029148340225,0.031317029148340225,False,False,False,1.0,1.0,1.0,1.0,0
220,16,0.0015781548572704196,1.1425564922404519,0.12115939286088871,0.5694444587051678,0.02737194113433361,0.02737194113433361,False,False,False,1.0,1.0,1.0,1.0,0
220,18,0.013025433756411076,1.2936936607828222,0.15140053422674116,0.5783008960873567,0.031668663024902344,0.031668663024902344,False,False,False,1.0,1.0,1.0,1.0,0
220,20,0.086032934486866,1.2559053918483125,0.14401829330799046,0.5711809250595533,0.026139521971344948,0.026139521971344948,False,False,False,1.0,1.0,1.0,1.0,0
220,22,0.5973750352859497,1.1904748021647402,1.0,0.5792489185645953,0.008712203241884708,0.008712203241884708,False,False,False,1.0,1.0,1.0,1.0,0
221,0,3.1828824020863067e-09,0.24171141570490803,0.23815171500694288,0.6189105871570744,0.014347522519528866,0.014347522519528866,False,True,False,1.0,1.0,1.5625,9.261000000000001,3
221,2,3.36493588548592e-09,0.2595128601974227,0.11861231820068929,0.6191709822423193,0.0198186244815588,0.0198186244815588,False,True,False,1.0,1.0,1.953125,10.0,47
221,4,1.8369194165757108e-08,0.725420036452289,0.20803553345174236,0.6089592871220734,0.0006493510445579886,0.0006493510445579886,False,False,False,1.0,1.0,1.0,1.0,0
221,6,7.829834913763989e-08,0.9613987968942426,0.14776968898144296,0.5861932270145046,0.0031596270855516195,0.0031596270855516195,False,False,False,1.0,1.0,1.0,1.0,0
221,8,5.198674557505001e-07,1.050552666321609,0.13895543329928695,0.5730239005150388,0.011370324529707432,0.011370324529707432,False,False,False,1.0,1.0,1.0,1.0,0
221,10,3.731253173100413e-06,1.094622445028177,0.12933530116683215,0.5769641767772565,0.026346595957875252,0.026346595957875252,False,False,False,1.0,1.0,1.0,1.0,0
221,12,2.8839456717832945e-05,1.2193933888540995,0.13354990299890976,0.5830094497231469,0.034509725868701935,0.034509725868701935,False,False,False,1.0,1.0,1.0,1.0,0
221,14,0.00021593517158180475,1.2261454795632913,0.14885244037999498,0.5725220691152164,0.030872540548443794,0.030872540548443794,False,False,False,1.0,1.0,1.0,1.0,0
221,16,0.0014506559818983078,1.050249538243731,0.11607533651430951,0.5693654245401443,0.025250863283872604,0.025250863283872604,False,False,False,1.0,1.0,1.0,1.0,0
221,18,0.012497528456151485,1.2014129360259453,0.1782967143620093,0.5712870766374675,0.030461302027106285,0.030461302027106285,False,False,False,1.0,1.0,1.0,1.0,0
221,20,0.07009398192167282,0.992514319876034,0.1257912594365736,0.5690361946040278,0.022548258304595947,0.022548258304595947,False,False,False,1.0,1.0,1.0,1.0,0
221,22,0.5572245717048645,1.1094196998429129,1.0,0.5785129050440351,0.008541293442249298,0.008541293442249298,False,False,False,1.0,1.0,1.0,1.0,0
222,0,3.2942886196707377e-09,0.2498729247530121,0.24904676632552464,0.6220490260401031,0.0170988030731678,0.0170988030731678,False,True,False,1.0,1.0,1.25,9.724050000000002,4
222,2,3.227590417154147e-09,0.24892041013747576,0.11323683152743019,0.6222447695144538,0.02215793915092945,0.02215793915092945,False,True,False,1.0,1.0,1.5625,10.0,48
222,4,1.8503008902825968e-08,0.7307045301849158,0.18340664865494707,0.6119045222952344,0.0006420572753995657,0.0006420572753995657,False,False,False,1.0,1.0,1.0,1.0,0
222,6,9.088515895427918e-08,1.1159479533928236,0.1564877473767826,0.5894027323996477,0.0032798592001199722,0.0032798592001199722,False,False,False,1.0,1.0,1.0,1.0,0
222,8,5.707813102162618e-07,1.1534398252888873,0.1475432493813975,0.5762634408480803,0.010583941824734211,0.010583941824734211,False,False,False,1.0,1.0,1.0,1.0,0
222,10,3.8585694710491225e-06,1.111206692630723,0.14058851422102728,0.5801371056041306,0.02311895042657852,0.02311895042657852,False,False,False,1.0,1.0,1.0,1.0,0
222,12,2.7435837182565592e-05,1.160045378296289,0.1439394609146318,0.5856214861414956,0.030768729746341705,0.030768729746341705,False,False,False,1.0,1.0,1.0,1.0,0
222,14,0.00019059678015764803,1.0355753279130382,0.11965329538865084,0.5784988775445524,0.02570263482630253,0.02570263482630253,False,False,False,1.0,1.0,1.0,1.0,0
222,16,0.001592898741364479,1.15323080624386,0.14761407235569662,0.5754001839016746,0.027932284399867058,0.027932284399867058,False,False,False,1.0,1.0,1.0,1.0,0
222,18,0.010790958069264889,1.0226322212970815,0.15740845063813855,0.5714920737111986,0.022097140550613403,0.022097140550613403,False,False,False,1.0,1.0,1.0,1.0,0
222,20,0.0685538575053215,1.011361972053264,0.1262693964200277,0.5701674929721112,0.02173679880797863,0.02173679880797863,False,False,False,1.0,1.0,1.0,1.0,0
222,22,0.5429174304008484,1.0809345518126523,1.0,0.5716487951613076,0.007284486200660467,0.007284486200660467,False,False,False,1.0,1.0,1.0,1.0,0
223,0,4.224201433089547e-09,0.32026343722028977,0.3046370748219951,0.6189756981870629,0.00042975088581442833,0.00042975088581442833,False,False,True,1.0,1.0,1.0,6.806835000000001,0
223,2,3.866340581026861e-09,0.29584650311146626,0.11755128428970271,0.619223820891474,0.01991882734000683,0.01991882734000683,False,True,False,1.0,1.0,1.953125,10.0,49
223,4,2.2890670692277126e-08,0.8943994781565644,0.18119115762316945,0.6089390154740771,0.0007157466025091708,0.0007157466025091708,False,False,False,1.0,1.0,1.0,1.0,0
223,6,1.1633436969304967e-07,1.4228052631137083,0.16423903633103332,0.5898803671094173,0.004602274391800165,0.004602274391800165,False,False,False,1.0,1.0,1.0,1.0,0
223,8,6.983235039115243e-07,1.353843572189677,0.1485383378377864,0.5765824366126786,0.014458656311035156,0.014458656311035156,False,False,False,1.0,1.0,1.0,1.0,0
223,10,4.691301455750363e-06,1.3391779089644442,0.14885305561033038,0.5772399469000448,0.03073088638484478,0.03073088638484478,False,False,False,1.0,1.0,1.0,1.0,0
223,12,3.150632619508542e-05,1.3219196946675835,0.130730789063571,0.5853542284303123,0.0373561754822731,0.0373561754822731,False,False,False,1.0,1.0,1.0,1.0,0
223,14,0.00024099157599266618,1.2838426582444753,0.11933617114683752,0.6016154842336461,0.03604574501514435,0.03604574501514435,False,False,False,1.0,1.0,1.0,1.0,0
223,16,0.002019424457103014,1.417588952541936,0.15527437792031604,0.6053461017811769,0.037130340933799744,0.037130340933799744,False,False,False,1.0,1.0,1.0,1.0,0
223,18,0.01300551276654005,1.207462439161433,0.1505580881525385,0.6024573639270114,0.030052686110138893,0.030052686110138893,False,False,False,1.0,1.0,1.0,1.0,0
223,20,0.08638201653957367,1.2460634718281898,0.15212735058475127,0.5929538976356713,0.027414346113801003,0.027414346113801003,False,False,False,1.0,1.0,1.0,1.0,0
223,22,0.5678269863128662,1.0857524355166634,1.0,0.5891034234862585,0.007739079184830189,0.007739079184830189,False,False,False,1.0,1.0,1.0,1.0,0
224,0,3.6590415142256916e-09,0.2762687378889256,0.28318646380902773,0.6219565554056776,0.01268645841628313,0.01268645841628313,False,True,False,1.0,1.0,1.25,8.168202,1
224,2,2.9209619167858136e-09,0.2235075650198766,0.1204858877607153,0.6221661679163514,0.022235866636037827,0.022235866636037827,False,True,False,1.0,1.0,2.44140625,10.0,50
224,4,1.4243187074214347e-08,0.5565192587721584,0.21413096366283552,0.614307357234052,0.0006361515261232853,0.0006361515261232853,False,False,False,1.0,1.0,1.0,1.0,0
224,6,5.651624235269992e-08,0.6912110950787698,0.17270942197251857,0.5891000178007103,0.002418399788439274,0.002418399788439274,False,False,False,1.0,1.0,1.0,1.0,0
224,8,3.1723311622045003e-07,0.6150215664732538,0.14493543924319416,0.5761398951339919,0.007217393722385168,0.007217393722385168,False,False,False,1.0,1.0,1.0,1.0,0
224,10,2.178789145546034e-06,0.6219566829222388,0.1257262130678335,0.5765328984286733,0.013748853467404842,0.013748853467404842,False,False,False,1.0,1.0,1.0,1.0,0
224,12,1.7319633116130717e-05,0.7266846657672653,0.12270616973228722,0.5819459885963689,0.01919473335146904,0.01919473335146904,False,False,False,1.0,1.0,1.0,1.0,0
224,14,0.00014113720681052655,0.7518850649548882,0.13062030217649614,0.5685174572757863,0.020211128517985344,0.020211128517985344,False,False,False,1.0,1.0,1.0,1.0,0
224,16,0.001080505084246397,0.7584894127658628,0.12761968458841202,0.5592886057044762,0.018111243844032288,0.018111243844032288,False,False,False,1.0,1.0,1.0,1.0,0
224,18,0.00846659205853939,0.7860583494016679,0.15233425477989596,0.5637189144357275,0.01961551047861576,0.01961551047861576,False,False,False,1.0,1.0,1.0,1.0,0
224,20,0.05557903274893761,0.8017294025113025,0.14438044765937694,0.557625052568643,0.016927123069763184,0.016927123069763184,False,False,False,1.0,1.0,1.0,1.0,0
224,22,0.3849484622478485,0.7360670424418775,1.0,0.5595829292513289,0.0055441902950406075,0.0055441902950406075,False,False,False,1.0,1.0,1.0,1.0,0
225,0,3.6591298879784517e-09,0.27627541037543407,0.28124484457349563,0.6247440674378979,0.01511787623167038,0.01511787623167038,False,True,False,1.0,1.0,1.25,8.576612100000002,2
225,2,3.0104780890383154e-09,0.23035720642570243,0.1194023133678802,0.6249723207976524,0.027838127687573433,0.027838127687573433,False,True,False,1.0,1.0,1.953125,10.0,51
225,4,1.5212895831950846e-08,0.5944083629641114,0.23016094490256783,0.6202992437007953,0.0006836700486019254,0.0006836700486019254,False,False,False,1.0,1.0,1.0,1.0,0
225,6,5.6096773448643944e-08,0.686080860858409,0.15129975329011078,0.5915525978855641,0.002696820767596364,0.002696820767596364,False,False,False,1.0,1.0,1.0,1.0,0
225,8,3.6076579590371693e-07,0.6994186091608648,0.13641490575597578,0.5779903067688342,0.008274486288428307,0.008274486288428307,False,False,False,1.0,1.0,1.0,1.0,0
225,10,2.634621523611713e-06,0.7520784959530427,0.16224367084275051,0.5784080674615539,0.018639983609318733,0.018639983609318733,False,False,False,1.0,1.0,1.0,1.0,0
225,12,1.6228670574491844e-05,0.6809108468520663,0.11049013096623816,0.5854715689604871,0.021609922870993614,0.021609922870993614,False,False,False,1.0,1.0,1.0,1.0,0
225,14,0.00014686891518067569,0.797987378761904,0.14095149488320594,0.5914210632111567,0.024013105779886246,0.024013105779886246,False,False,False,1.0,1.0,1.0,1.0,0
225,16,0.001041971961967647,0.7543694615227865,0.11699794792184698,0.5904954599180445,0.020867284387350082,0.020867284387350082,False,False,False,1.0,1.0,1.0,1.0,0
225,18,0.008905889466404915,0.8439889645754469,0.14784396310570067,0.5966984938407278,0.023676207289099693,0.023676207289099693,False,False,False,1.0,1.0,1.0,1.0,0
225,20,0.06023842841386795,0.8988980379183528,0.13618755025022874,0.5892611330711596,0.02162301167845726,0.02162301167845726,False,False,False,1.0,1.0,1.0,1.0,0
225,22,0.4423196315765381,0.8806469380861778,1.0,0.5934363279747257,0.006844700314104557,0.006844700314104557,False,False,False,1.0,1.0,1.0,1.0,0
226,0,3.6271341485871744e-09,0.2722290177974801,0.27889822439547585,0.6213866669327448,0.01577477715909481,0.01577477715909481,False,True,False,1.0,1.0,1.25,9.005442705000002,3
226,2,3.005224957774999e-09,0.22995524480797422,0.11551364122231367,0.6216248328511629,0.02227463386952877,0.02227463386952877,False,True,False,1.0,1.0,1.5625,10.0,52
226,4,1.601619104008023e-08,0.6257952464947449,0.21636481995983028,0.6169492345019552,0.0006960239843465388,0.0006960239843465388,False,False,False,1.0,1.0,1.0,1.0,0
226,6,6.402400742899772e-08,0.7830333802122404,0.15515757476178324,0.587646127453723,0.003001611214131117,0.003001611214131117,False,False,False,1.0,1.0,1.0,1.0,0
226,8,4.026386193345388e-07,0.7805976795110932,0.15493427435957757,0.5771426086214496,0.009765936061739922,0.009765936061739922,False,False,False,1.0,1.0,1.0,1.0,0
226,10,2.5887704850902082e-06,0.7389898683152231,0.14450678484760848,0.5777749065604346,0.01945061981678009,0.01945061981678009,False,False,False,1.0,1.0,1.0,1.0,0
226,12,1.790452552086208e-05,0.7512251591363868,0.1274784743743052,0.5813979078180747,0.024135772138834,0.024135772138834,False,False,False,1.0,1.0,1.0,1.0,0
226,14,0.0001404413633281365,0.7630643642604744,0.11546639308927267,0.5872672050110764,0.025387534871697426,0.025387534871697426,False,False,False,1.0,1.0,1.0,1.0,0
226,16,0.001216286444105208,0.880570095345425,0.1429784410379592,0.5892838753917118,0.027263468131422997,0.027263468131422997,False,False,False,1.0,1.0,1.0,1.0,0
226,18,0.008506772108376026,0.8061656065585338,0.15283434184014494,0.5910096512963934,0.023411760106682777,0.023411760106682777,False,False,False,1.0,1.0,1.0,1.0,0
226,20,0.05566007271409035,0.8305782781937625,0.12983539802380667,0.5836078388666398,0.021426009014248848,0.021426009014248848,False,False,False,1.0,1.0,1.0,1.0,0
226,22,0.4286971986293793,0.8535250266723865,1.0,0.583464208766765,0.006822897586971521,0.006822897586971521,False,False,False,1.0,1.0,1.0,1.0,0
227,0,4.17342649328134e-09,0.31233956583895295,0.30336847327181676,0.6183486517951743,0.00043075488065369427,0.00043075488065369427,False,False,True,1.0,1.0,1.0,6.303809893500001,0
227,2,3.756955191391853e-09,0.28747649939947884,0.1196988382839358,0.6187143694811456,0.020141486078500748,0.020141486078500748,False,True,False,1.0,1.0,1.953125,10.0,53
227,4,2.138673060869678e-08,0.8278849571535376,0.21997335510925428,0.6144763372682349,0.0008000368252396584,0.0008000368252396584,False,False,False,1.0,1.0,1.0,1.0,0
227,6,8.722418698425827e-08,1.066778739932704,0.15190659819666497,0.5816289761514855,0.003692938480526209,0.003692938480526209,False,False,False,1.0,1.0,1.0,1.0,0
227,8,5.641961706714937e-07,1.093810182299703,0.15358684713900916,0.5743289105903451,0.012896111235022545,0.012896111235022545,False,False,False,1.0,1.0,1.0,1.0,0
227,10,3.663466713987873e-06,1.0457724236811838,0.1548834711526655,0.5747477528583633,0.026765624061226845,0.026765624061226845,False,False,False,1.0,1.0,1.0,1.0,0
227,12,2.3643051463295706e-05,0.991998088823351,0.10736421864470735,0.581740956361722,0.032146044075489044,0.032146044075489044,False,False,False,1.0,1.0,1.0,1.0,0
227,14,0.00022020351025275886,1.1964384820613794,0.12095238839931284,0.594899345080891,0.03727547079324722,0.03727547079324722,False,False,False,1.0,1.0,1.0,1.0,0
227,16,0.0018205700907856226,1.3180608780076597,0.13699602331825822,0.5982591448263539,0.03586326912045479,0.03586326912045479,False,False,False,1.0,1.0,1.0,1.0,0
227,18,0.013289208523929119,1.259385194982185,0.14917827199962203,0.5968379569430748,0.03429695591330528,0.03429695591330528,False,False,False,1.0,1.0,1.0,1.0,0
227,20,0.08908272534608841,1.3293223135878394,0.15673572605564617,0.587368098729106,0.03125610575079918,0.03125610575079918,False,False,False,1.0,1.0,1.0,1.0,0
227,22,0.5683625936508179,1.1315952132563238,1.0,0.5865268766657958,0.008734812028706074,0.008734812028706074,False,False,False,1.0,1.0,1.0,1.0,0
228,0,2.4680775201346705e-09,0.1824388225824983,0.1995446912015674,0.6214341962149666,0.011616176925599575,0.011616176925599575,False,True,False,1.0,1.0,1.25,6.619000388175001,1
228,2,2.3685451377986055e-09,0.18123747295259685,0.10807061397097077,0.6217871330752697,0.02224007435142994,0.02224007435142994,False,True,False,1.0,1.0,1.5625,10.0,54
228,4,1.1916643671838756e-08,0.4612958481677613,0.2307876053486731,0.6171582834389074,0.0006433040252886713,0.0006433040252886713,False,False,False,1.0,1.0,1.0,1.0,0
228,6,4.1634677927504526e-08,0.4887202493219119,0.14911631432740796,0.5849174733273027,0.0018222257494926453,0.0018222257494926453,False,False,False,1.0,1.0,1.0,1.0,0
228,8,2.6920940854324726e-07,0.5044034900670641,0.14329961382175707,0.5775755936026035,0.005850609391927719,0.005850609391927719,False,False,False,1.0,1.0,1.0,1.0,0
228,10,1.868647132141632e-06,0.5334236101895471,0.14122658445230474,0.577994597352306,0.011985048651695251,0.011985048651695251,False,False,False,1.0,1.0,1.0,1.0,0
228,12,1.3221553672337905e-05,0.5568662109019178,0.13755809352693465,0.584180839305953,0.016606992110610008,0.016606992110610008,False,False,False,1.0,1.0,1.0,1.0,0
228,14,9.610614506527781e-05,0.5119895508629325,0.13597448822533048,0.5822355979054694,0.016137318685650826,0.016137318685650826,False,False,False,1.0,1.0,1.0,1.0,0
228,16,0.0007067854166962206,0.49614690710621673,0.11143858877927705,0.5844559901318872,0.01584266498684883,0.01584266498684883,False,False,False,1.0,1.0,1.0,1.0,0
228,18,0.006342365872114897,0.5888401867322484,0.13299088405638684,0.5800440429954694,0.016283275559544563,0.016283275559544563,False,False,False,1.0,1.0,1.0,1.0,0
228,20,0.047690220177173615,0.6879330178521094,0.13818620311106303,0.5731553984090931,0.015916679054498672,0.015916679054498672,False,False,False,1.0,1.0,1.0,1.0,0
228,22,0.34511563181877136,0.6504141801915323,1.0,0.5749962595557692,0.005031303036957979,0.005031303036957979,False,False,False,1.0,1.0,1.0,1.0,0
229,0,2.559765288623339e-09,0.19157303481572033,0.2004089054939118,0.6183671849891464,0.011989153921604156,0.011989153921604156,False,True,False,1.0,1.0,1.5625,7.942800465810001,2
229,2,2.772712281995382e-09,0.2129569769480979,0.11144732504606975,0.6185873115926144,0.019874369725584984,0.019874369725584984,False,True,False,1.0,1.0,1.953125,10.0,55
229,4,1.4879128151790155e-08,0.5759742616955986,0.21887991207470542,0.6137888391025254,0.0006899751606397331,0.0006899751606397331,False,False,False,1.0,1.0,1.0,1.0,0
229,6,5.797850022304374e-08,0.6805689030104815,0.14721400929419168,0.5807032869214659,0.002705061575397849,0.002705061575397849,False,False,False,1.0,1.0,1.0,1.0,0
229,8,3.8383819855880574e-07,0.7191774166504061,0.15593229743592424,0.573235363195203,0.009301557205617428,0.009301557205617428,False,False,False,1.0,1.0,1.0,1.0,0
229,10,2.451569571348955e-06,0.6998245248588123,0.13126020431654434,0.5735209418170114,0.01916978694498539,0.01916978694498539,False,False,False,1.0,1.0,1.0,1.0,0
229,12,1.866717320808675e-05,0.7862251494985572,0.12660830159313038,0.5802229745421182,0.026067890226840973,0.026067890226840973,False,False,False,1.0,1.0,1.0,1.0,0
229,14,0.00014743035717401654,0.7854107799435359,0.13164869549602876,0.5863347887858946,0.02358514443039894,0.02358514443039894,False,False,False,1.0,1.0,1.0,1.0,0
229,16,0.0011198670836165547,0.7957183444268423,0.1285433289606905,0.5867366141390118,0.025492463260889053,0.025492463260889053,False,False,False,1.0,1.0,1.0,1.0,0
229,18,0.00871197134256363,0.8088399401106374,0.1379588283896011,0.591041498540502,0.023229632526636124,0.023229632526636124,False,False,False,1.0,1.0,1.0,1.0,0
229,20,0.06314905732870102,0.9109272597454338,0.1428002049330291,0.5899099620058188,0.02256069891154766,0.02256069891154766,False,False,False,1.0,1.0,1.0,1.0,0
229,22,0.44221964478492737,0.8334190086133755,1.0,0.5897630951821101,0.007100369781255722,0.007100369781255722,False,False,False,1.0,1.0,1.0,1.0,0
230,0,3.510383095317593e-09,0.2627173459709918,0.27687022065119443,0.6213983021755943,0.014538888819515705,0.014538888819515705,False,True,False,1.0,1.0,1.25,8.339940489100501,3
230,2,2.6788034013236484e-09,0.20593742144914107,0.10737817519935886,0.6217301458644153,0.022140774875879288,0.022140774875879288,False,True,False,1.0,1.0,1.5625,10.0,56
230,4,1.4947373117024654e-08,0.584033683215264,0.21115504393710327,0.616900896330614,0.0006800766568630934,0.0006800766568630934,False,False,False,1.0,1.0,1.0,1.0,0
230,6,6.078861503056032e-08,0.7135548675409152,0.15132686668054102,0.5836050775153474,0.0022908970713615417,0.0022908970713615417,False,False,False,1.0,1.0,1.0,1.0,0
230,8,3.917040487522172e-07,0.733915245879224,0.14447644926608394,0.5761684058890099,0.00741971330717206,0.00741971330717206,False,False,False,1.0,1.0,1.0,1.0,0
230,10,2.7011965357814915e-06,0.7767633257691764,0.15159235591824458,0.5761973118475259,0.016866736114025116,0.016866736114025116,False,False,False,1.0,1.0,1.0,1.0,0
230,12,1.780881757440511e-05,0.750072874116984,0.1322647714213269,0.5827730102372275,0.020899023860692978,0.020899023860692978,False,False,False,1.0,1.0,1.0,1.0,0
230,14,0.00013463520735967904,0.7315175990634113,0.1421063997349317,0.5801874644708211,0.01964939571917057,0.01964939571917057,False,False,False,1.0,1.0,1.0,1.0,0
230,16,0.0009474153630435467,0.7018783299839769,0.1184530913296742,0.5745429878907995,0.01800943724811077,0.01800943724811077,False,False,False,1.0,1.0,1.0,1.0,0
230,18,0.00799822248518467,0.757971625313697,0.14038395675269005,0.5789739245820495,0.01928062178194523,0.01928062178194523,False,False,False,1.0,1.0,1.0,1.0,0
230,20,0.056973896920681,0.8501836037736391,0.14394436550803894,0.571686726878018,0.017462020739912987,0.017462020739912987,False,False,False,1.0,1.0,1.0,1.0,0
230,22,0.3958049714565277,0.7691879318098079,1.0,0.5735583275947908,0.005503860767930746,0.005503860767930746,False,False,False,1.0,1.0,1.0,1.0,0
231,0,3.1829061608590337e-09,0.2374889119853874,0.24417378667145384,0.6183407323083784,0.015019908547401428,0.015019908547401428,False,True,False,1.0,1.0,1.5625,10.0,4
231,2,3.0354130320375816e-09,0.2341580770611491,0.11662900576517546,0.6186968255685127,0.01985798217356205,0.01985798217356205,False,True,False,1.0,1.0,1.953125,10.0,57
231,4,1.602622745622284e-08,0.6315777005132801,0.2321084647045305,0.613789116944367,0.00070213433355093,0.00070213433355093,False,False,False,1.0,1.0,1.0,1.0,0
231,6,5.904628608277562e-08,0.7564794021673609,0.1449040048302857,0.5801818174482419,0.002378235338255763,0.002378235338255763,False,False,False,1.0,1.0,1.0,1.0,0
231,8,3.9748553604113113e-07,0.83884205843896,0.13983403584940501,0.5727228615995914,0.008497674018144608,0.008497674018144608,False,False,False,1.0,1.0,1.0,1.0,0
231,10,2.8325521270744503e-06,0.8742240067714201,0.1611769334967951,0.5727986280050642,0.018394453451037407,0.018394453451037407,False,False,False,1.0,1.0,1.0,1.0,0
231,12,1.7564178051543422e-05,0.7981968301954977,0.13777972548242343,0.5792761607760202,0.020047824829816818,0.020047824829816818,False,False,False,1.0,1.0,1.0,1.0,0
231,14,0.00012747013533953577,0.7276742271760266,0.15266956145665925,0.5675109720973149,0.019418559968471527,0.019418559968471527,False,False,False,1.0,1.0,1.0,1.0,0
231,16,0.0008349313866347075,0.6474745570719366,0.1357780302483856,0.556624026176918,0.01693855971097946,0.01693855971097946,False,False,False,1.0,1.0,1.0,1.0,0
231,18,0.0061492277309298515,0.6243363249211723,0.12688499774549117,0.5651383183450633,0.015944117680191994,0.015944117680191994,False,False,False,1.0,1.0,1.0,1.0,0
231,20,0.048462990671396255,0.7535695417576248,0.13600456312842574,0.5584432577227194,0.01610449329018593,0.01610449329018593,False,False,False,1.0,1.0,1.0,1.0,0
231,22,0.35633355379104614,0.7570830204909922,1.0,0.5623004855596967,0.005277503747493029,0.005277503747493029,False,False,False,1.0,1.0,1.0,1.0,0
232,0,3.812472115782839e-09,0.28446325747395923,0.3024130044525744,0.6215052899731096,0.01825760118663311,0.01825760118663311,False,True,False,1.0,1.0,1.25,10.0,5
232,2,2.6068391889566556e-09,0.2010969990742856,0.10832685937245243,0.6218371547163216,0.022067293524742126,0.022067293524742126,False,True,False,1.0,1.0,1.5625,10.0,58
232,4,1.4064569064942134e-08,0.5542706924016125,0.22513305575540538,0.6169534965432373,0.00067320023663342,0.00067320023663342,False,False,False,1.0,1.0,1.0,1.0,0
232,6,5.247225232096753e-08,0.7246916937178112,0.14895203623688325,0.5831096445057926,0.002299714367836714,0.002299714367836714,False,False,False,1.0,1.0,1.0,1.0,0
232,8,3.4227616652060533e-07,0.8242933862377233,0.1296537740113568,0.575752326517583,0.007488979492336512,0.007488979492336512,False,False,False,1.0,1.0,1.0,1.0,0
232,10,2.629924438224407e-06,0.8951551026402407,0.15826928176934718,0.5762201158371236,0.018250666558742523,0.018250666558742523,False,False,False,1.0,1.0,1.0,1.0,0
232,12,1.6606771168881096e-05,0.8371142946649324,0.13390296014833805,0.5822194477157209,0.020577693358063698,0.020577693358063698,False,False,False,1.0,1.0,1.0,1.0,0
232,14,0.00012401094136293977,0.7727644230906856,0.14733359259393283,0.568229548648106,0.019797464832663536,0.019797464832663536,False,False,False,1.0,1.0,1.0,1.0,0
232,16,0.0008416917407885194,0.6775670773197842,0.12498468845971131,0.5570531521971269,0.017752425745129585,0.017752425745129585,False,False,False,1.0,1.0,1.0,1.0,0
232,18,0.006734348833560944,0.7305015184011755,0.12899963347649843,0.5606410013280281,0.019521145150065422,0.019521145150065422,False,False,False,1.0,1.0,1.0,1.0,0
232,20,0.05220439285039902,0.8382298737397363,0.12842221017746946,0.5556966818082566,0.019111724570393562,0.019111724570393562,False,False,False,1.0,1.0,1.0,1.0,0
232,22,0.4065059423446655,0.905943898540935,1.0,0.5588058083051611,0.0064552174881100655,0.0064552174881100655,False,False,False,1.0,1.0,1.0,1.0,0
233,0,3.2255393911384544e-09,0.24066994182471813,0.25841509126086626,0.6184216459322086,0.017812451347708702,0.017812451347708702,False,True,False,1.0,1.0,1.25,10.0,6
233,2,2.482008598647667e-09,0.19222470588348736,0.10638413084965793,0.6187436219956703,0.01963234506547451,0.01963234506547451,False,True,False,1.0,1.0,1.25,10.0,59
233,4,1.3330628156893454e-08,0.5298313555081976,0.23958626143050277,0.6139319429627899,0.0006592455320060253,0.0006592455320060253,False,False,False,1.0,1.0,1.0,1.0,0
233,6,4.5640202728236545e-08,0.6527726964421456,0.13999040131861487,0.5840890680663007,0.001863069017417729,0.001863069017417729,False,False,False,1.0,1.0,1.0,1.0,0
233,8,3.1602380090589577e-07,0.7706730714720539,0.13404178514307816,0.5765845286156659,0.006322469096630812,0.006322469096630812,False,False,False,1.0,1.0,1.0,1.0,0
233,10,2.3476513888454065e-06,0.845429468044439,0.131328796208713,0.5776360033246208,0.016188878566026688,0.016188878566026688,False,False,False,1.0,1.0,1.0,1.0,0
233,12,1.7866135749500245e-05,0.9404017024415513,0.13240731625293153,0.5843503510822948,0.023235509172081947,0.023235509172081947,False,False,False,1.0,1.0,1.0,1.0,0
233,14,0.00013492314610630274,0.8955240665013973,0.13783906126541945,0.5827724708128235,0.023698320612311363,0.023698320612311363,False,False,False,1.0,1.0,1.0,1.0,0
233,16,0.000978835509158671,0.7966756449354577,0.11745404957949558,0.5777683711165669,0.02152772806584835,0.02152772806584835,False,False,False,1.0,1.0,1.0,1.0,0
233,18,0.008333764038980007,0.9260554450890905,0.12796963697832564,0.579472554738389,0.022903256118297577,0.022903256118297577,False,False,False,1.0,1.0,1.0,1.0,0
233,20,0.06512296944856644,1.0706786047310648,0.13230217274742248,0.5692124365168209,0.021840794011950493,0.021840794011950493,False,False,False,1.0,1.0,1.0,1.0,0
233,22,0.49222901463508606,1.112961327235229,1.0,0.5692219221777439,0.006750280503183603,0.006750280503183603,False,False,False,1.0,1.0,1.0,1.0,0
234,0,3.5197111891704935e-09,0.2626192349300351,0.2673898658015241,0.6156895325178331,0.017908938229084015,0.017908938229084015,False,True,False,1.0,1.0,1.5625,10.0,7
234,2,3.163218353918751e-09,0.24498251861761433,0.11376476355240218,0.6160846879018703,0.019681433215737343,0.019681433215737343,False,True,False,1.0,1.0,1.5625,10.0,60
234,4,1.780490421765535e-08,0.7076633167849419,0.23848409837363996,0.6117165819127948,0.0007364732446148992,0.0007364732446148992,False,False,False,1.0,1.0,1.0,1.0,0
234,6,6.465866420057864e-08,0.924785782172834,0.15201058075159204,0.5809314458801208,0.002695503644645214,0.002695503644645214,False,False,False,1.0,1.0,1.0,1.0,0
234,8,4.1535633954481455e-07,1.0129108789743047,0.13936605359139428,0.5734404843177365,0.009318524971604347,0.009318524971604347,False,False,False,1.0,1.0,1.0,1.0,0
234,10,2.9703264772251714e-06,1.0696654305194,0.1437394492919929,0.5749042385828059,0.021381523460149765,0.021381523460149765,False,False,False,1.0,1.0,1.0,1.0,0
234,12,2.0654657419072464e-05,1.1289258567671754,0.12906077409366393,0.5781481626479373,0.025408688932657242,0.025408688932657242,False,False,False,1.0,1.0,1.0,1.0,0
234,14,0.00016002822667360306,1.08744646854623,0.13515995409864057,0.5828620680382731,0.026307327672839165,0.026307327672839165,False,False,False,1.0,1.0,1.0,1.0,0
234,16,0.0011839814251288772,1.013607432050218,0.12517969254283634,0.5838816400587489,0.024349473416805267,0.024349473416805267,False,False,False,1.0,1.0,1.0,1.0,0
234,18,0.009458244778215885,1.0737097021795128,0.13915119178894017,0.5822841163033327,0.025136539712548256,0.025136539712548256,False,False,False,1.0,1.0,1.0,1.0,0
234,20,0.06797098368406296,1.1017482406342674,0.14531066147829952,0.5741066623311392,0.023747950792312622,0.023747950792312622,False,False,False,1.0,1.0,1.0,1.0,0
234,22,0.467763215303421,1.0576425880174134,1.0,0.5760103046767788,0.0074562812224030495,0.0074562812224030495,False,False,False,1.0,1.0,1.0,1.0,0
235,0,3.76818887204422e-09,0.2811591137627824,0.2962693048291438,0.619118730702257,0.017689885571599007,0.017689885571599007,False,True,False,1.0,1.0,1.953125,10.0,8
235,2,2.7187960771613007e-09,0.2097335863785682,0.10606733817784891,0.6195045091782723,0.019628869369626045,0.019628869369626045,False,True,False,1.0,1.0,1.953125,10.0,61
235,4,1.5632735994586255e-08,0.6160705929802751,0.18230125731153504,0.6152313297874932,0.0006761502590961754,0.0006761502590961754,False,False,False,1.0,1.0,1.0,1.0,0
235,6,7.575221161459922e-08,1.0462100655038495,0.16111636456214637,0.5814457219004134,0.0029918337240815163,0.0029918337240815163,False,False,False,1.0,1.0,1.0,1.0,0
235,8,4.6017080990168324e-07,1.1221979181698294,0.1709706030345848,0.5770035752469505,0.010708845220506191,0.010708845220506191,False,False,False,1.0,1.0,1.0,1.0,0
235,10,2.681520072655985e-06,0.9656612984992551,0.13307810053942706,0.5784235132288232,0.020815733820199966,0.020815733820199966,False,False,False,1.0,1.0,1.0,1.0,0
235,12,2.013997254834976e-05,1.1007946199784597,0.13863743344371035,0.5817295328976434,0.027640944346785545,0.027640944346785545,False,False,False,1.0,1.0,1.0,1.0,0
235,14,0.00014526081213261932,0.9870968419462627,0.12352468377704072,0.58059728776704,0.02674226462841034,0.02674226462841034,False,False,False,1.0,1.0,1.0,1.0,0
235,16,0.00117595586925745,1.0208532863690343,0.11968090395523386,0.5758244207607404,0.026895446702837944,0.026895446702837944,False,False,False,1.0,1.0,1.0,1.0,0
235,18,0.0098257502540946,1.115429302835641,0.13353330028131907,0.5757778194116705,0.02756381779909134,0.02756381779909134,False,False,False,1.0,1.0,1.0,1.0,0
235,20,0.07358276098966599,1.1472922252099969,0.1220617249201012,0.5805118229176371,0.03066895343363285,0.03066895343363285,False,False,False,1.0,1.0,1.0,1.0,0
235,22,0.6028323769569397,1.3247856846786545,1.0,0.5838050440650197,0.010206317529082298,0.010206317529082298,False,False,False,1.0,1.0,1.0,1.0,0
236,0,3.717962826499388e-09,0.27509802869115674,0.29532673722059616,0.6222042805816099,0.019861292093992233,0.019861292093992233,False,True,False,1.0,1.0,1.5625,10.0,9
236,2,2.5893200916726755e-09,0.1997455394578952,0.11059579583516406,0.6225561642813072,0.021811651065945625,0.021811651065945625,False,True,False,1.0,1.0,1.5625,10.0,62
236,4,1.3412464028306204e-08,0.5242350198569535,0.18868855415266358,0.6184501442355786,0.0006415248499251902,0.0006415248499251902,False,False,False,1.0,1.0,1.0,1.0,0
236,6,6.108255234948956e-08,0.8216499162951395,0.14911628569779892,0.582062020667259,0.002246858784928918,0.002246858784928918,False,False,False,1.0,1.0,1.0,1.0,0
236,8,3.996303234998777e-07,0.9537773927287138,0.15389601507140568,0.5841003980081775,0.009157194755971432,0.009157194755971432,False,False,False,1.0,1.0,1.0,1.0,0
236,10,2.5867554995784303e-06,0.9315349529152893,0.1264391433612157,0.5853879203158195,0.020914210006594658,0.020914210006594658,False,False,False,1.0,1.0,1.0,1.0,0
236,12,2.0448502255021594e-05,1.0533095779584454,0.13441915786228964,0.5860418527600844,0.02817024476826191,0.02817024476826191,False,False,False,1.0,1.0,1.0,1.0,0
236,14,0.0001521149097243324,1.0336727765554854,0.11829747598185723,0.5886394157985189,0.02731015719473362,0.02731015719473362,False,False,False,1.0,1.0,1.0,1.0,0
236,16,0.001285857753828168,1.0897296801826548,0.11818456817243718,0.5905139204717942,0.024803387001156807,0.024803387001156807,False,False,False,1.0,1.0,1.0,1.0,0
236,18,0.01088007166981697,1.2090034665808387,0.14270112727178633,0.5967483222241177,0.02828037366271019,0.02828037366271019,False,False,False,1.0,1.0,1.0,1.0,0
236,20,0.07624375820159912,1.1676242887054968,0.13274752906087067,0.6043033322059375,0.03137531504034996,0.03137531504034996,False,False,False,1.0,1.0,1.0,1.0,0
236,22,0.5743516087532043,1.204096442966849,1.0,0.5978571491630464,0.009511810727417469,0.009511810727417469,False,False,False,1.0,1.0,1.0,1.0,0
237,0,3.6915919210400716e-09,0.2731468031288804,0.283345234460351,0.619096681087041,0.017987260594964027,0.017987260594964027,False,True,False,1.0,1.0,1.953125,10.0,10
237,2,3.0286007035584817e-09,0.2345567536700924,0.11210206575010362,0.6194028826676776,0.019586268812417984,0.019586268812417984,False,True,False,1.0,1.0,1.953125,10.0,63
237,4,1.701645757634651e-08,0.670601685662315,0.22264479010714802,0.6151491815031404,0.0007038289913907647,0.0007038289913907647,False,False,False,1.0,1.0,1.0,1.0,0
237,6,6.642872563134006e-08,0.9155854253969906,0.1453073505595797,0.5760394900788799,0.002089850604534149,0.002089850604534149,False,False,False,1.0,1.0,1.0,1.0,0
237,8,4.471601187105989e-07,1.0876249738174661,0.15638391362871734,0.5812539693866061,0.00887268129736185,0.00887268129736185,False,False,False,1.0,1.0,1.0,1.0,0
237,10,2.8493741410784423e-06,1.0547931152370813,0.15933654805730335,0.5820364432088483,0.01812729425728321,0.01812729425728321,False,False,False,1.0,1.0,1.0,1.0,0
237,12,1.787274050002452e-05,0.920631179646353,0.12119622694708024,0.5823903655316358,0.020687051117420197,0.020687051117420197,False,False,False,1.0,1.0,1.0,1.0,0
237,14,0.00014745944645255804,1.0020373132402327,0.131170465486869,0.5730031210722044,0.020423127338290215,0.020423127338290215,False,False,False,1.0,1.0,1.0,1.0,0
237,16,0.0011241717729717493,0.9527051829673672,0.12717120423621267,0.5673676597994175,0.019687967374920845,0.019687967374920845,False,False,False,1.0,1.0,1.0,1.0,0
237,18,0.008839819580316544,0.9822887974350689,0.13865994429502743,0.5676606638315502,0.01948501728475094,0.01948501728475094,False,False,False,1.0,1.0,1.0,1.0,0
237,20,0.06375177949666977,0.9763176415265882,0.14468166292563378,0.5750104829009852,0.02134309895336628,0.02134309895336628,False,False,False,1.0,1.0,1.0,1.0,0
237,22,0.4406348168849945,0.9237665701160287,1.0,0.5709257749793505,0.005996168125420809,0.005996168125420809,False,False,False,1.0,1.0,1.0,1.0,0
238,0,3.412293558824331e-09,0.2513952185875743,0.27006492227344026,0.6222408836127437,0.02022572048008442,0.02022572048008442,False,True,False,1.0,1.0,1.5625,10.0,11
238,2,2.6350861492829836e-09,0.20408013908556044,0.1091940644655997,0.6225234845120732,0.021880876272916794,0.021880876272916794,False,True,False,1.0,1.0,1.5625,10.0,64
238,4,1.4132137238220821e-08,0.5569334869753078,0.2343195596086113,0.6183008733751866,0.0006786631420254707,0.0006786631420254707,False,False,False,1.0,1.0,1.0,1.0,0
238,6,5.03113852801107e-08,0.6934405357953995,0.14977245223497612,0.5795692318994398,0.0019121399382129312,0.0019121399382129312,False,False,False,1.0,1.0,1.0,1.0,0
238,8,3.259188190440909e-07,0.7927304609623872,0.15624287634898035,0.581891033811049,0.007649940438568592,0.007649940438568592,False,False,False,1.0,1.0,1.0,1.0,0
238,10,2.0759755443577887e-06,0.7684932210272577,0.11653259442863832,0.5824261688169441,0.01638833060860634,0.01638833060860634,False,False,False,1.0,1.0,1.0,1.0,0
238,12,1.780454840627499e-05,0.9731468625253659,0.10777652714416426,0.5826456059034764,0.02425692044198513,0.02425692044198513,False,False,False,1.0,1.0,1.0,1.0,0
238,14,0.00016518875781912357,1.1225140406031588,0.13332176766260634,0.5865710179267264,0.024272548034787178,0.024272548034787178,False,False,False,1.0,1.0,1.0,1.0,0
238,16,0.001239013159647584,1.0773335910270423,0.12336608979000516,0.588141776143375,0.02232491597533226,0.02232491597533226,False,False,False,1.0,1.0,1.0,1.0,0
238,18,0.010043375194072723,1.1319202685480254,0.1526542089295532,0.5913081273471994,0.023841150104999542,0.023841150104999542,False,False,False,1.0,1.0,1.0,1.0,0
238,20,0.06579165905714035,1.021016908051222,0.14000641577330258,0.5998746152075669,0.023795653134584427,0.023795653134584427,False,False,False,1.0,1.0,1.0,1.0,0
238,22,0.4699188768863678,1.0326947006427944,1.0,0.5958247355727657,0.00671691307798028,0.00671691307798028,False,False,False,1.0,1.0,1.0,1.0,0
239,0,4.77165684742431e-09,0.3530625381623362,0.36244846006430204,0.6191747830261917,0.0004554660990834236,0.0004554660990834236,False,False,True,1.0,1.0,1.0,7.0,0
239,2,3.165063100496468e-09,0.2463590196652223,0.11621263886840089,0.6193736461731421,0.019605951383709908,0.019605951383709908,False,True,False,1.0,1.0,1.953125,10.0,65
239,4,1.723510223428093e-08,0.6792182543878584,0.19994366942658934,0.6151723989871318,0.0007105848053470254,0.0007105848053470254,False,False,False,1.0,1.0,1.0,1.0,0
239,6,7.619978958928186e-08,1.0502597498776736,0.1457783704531394,0.5792386889312151,0.0028549975249916315,0.0028549975249916315,False,False,False,1.0,1.0,1.0,1.0,0
239,8,5.127098461343849e-07,1.2470611971967211,0.15154554807658785,0.5784228213779566,0.01141398586332798,0.01141398586332798,False,False,False,1.0,1.0,1.0,1.0,0
239,10,3.373206254764227e-06,1.248707455614554,0.1571847163398764,0.5787698987987994,0.022231148555874825,0.022231148555874825,False,False,False,1.0,1.0,1.0,1.0,0
239,12,2.1450141503009945e-05,1.1724047938796605,0.13664271780527143,0.5791021686053447,0.025121673941612244,0.025121673941612244,False,False,False,1.0,1.0,1.0,1.0,0
239,14,0.00015696976333856583,1.0645272650028725,0.14560173555152653,0.5712309262858639,0.023423684760928154,0.023423684760928154,False,False,False,1.0,1.0,1.0,1.0,0
239,16,0.0010780661832541227,0.9136319422546655,0.14686583501454614,0.5730815224751434,0.021687153726816177,0.021687153726816177,False,False,False,1.0,1.0,1.0,1.0,0
239,18,0.007340473122894764,0.7994349236142932,0.14169541008180603,0.5733992794130314,0.01962667517364025,0.01962667517364025,False,False,False,1.0,1.0,1.0,1.0,0
239,20,0.05180458351969719,0.7914253158223,0.13107666553114686,0.5771878476881819,0.020552759990096092,0.020552759990096092,False,False,False,1.0,1.0,1.0,1.0,0
239,22,0.3952235281467438,0.8429797753606922,1.0,0.5695472313303053,0.006114119663834572,0.006114119663834572,False,False,False,1.0,1.0,1.0,1.0,0
240,0,2.9999103201561184e-09,0.2210135492969152,0.2309091436817922,0.6219066777717949,0.01286929938942194,0.01286929938942194,False,True,False,1.0,1.0,1.25,8.4,1
240,2,2.9917346378027787e-09,0.23078863484844478,0.10978527599174029,0.6224531823128238,0.02203250490128994,0.02203250490128994,False,True,False,1.0,1.0,2.44140625,10.0,66
240,4,1.7250782136102316e-08,0.6742582195621838,0.25176422464722886,0.6182770335293526,0.0007431064732372761,0.0007431064732372761,False,False,False,1.0,1.0,1.0,1.0,0
240,6,5.851959272717977e-08,0.8065740489818376,0.14539895833930971,0.5794174723478454,0.00240989588201046,0.00240989588201046,False,False,False,1.0,1.0,1.0,1.0,0
240,8,3.924760108020564e-07,0.9546171340222704,0.1559388502457363,0.5785412082440756,0.00938080158084631,0.00938080158084631,False,False,False,1.0,1.0,1.0,1.0,0
240,10,2.5068584363907576e-06,0.927999233746879,0.14978395426139174,0.5788380009047642,0.018153909593820572,0.018153909593820572,False,False,False,1.0,1.0,1.0,1.0,0
240,12,1.672649523243308e-05,0.9142234885750318,0.12280111276957537,0.5800000105104706,0.020604215562343597,0.020604215562343597,False,False,False,1.0,1.0,1.0,1.0,0
240,14,0.0001361980102956295,0.9236587500365931,0.1323582616121878,0.5836691923453757,0.019306685775518417,0.019306685775518417,False,False,False,1.0,1.0,1.0,1.0,0
240,16,0.001029000268317759,0.8947254075573152,0.13398574179301284,0.5866558253434252,0.019942833110690117,0.019942833110690117,False,False,False,1.0,1.0,1.0,1.0,0
240,18,0.007679913658648729,0.8655506503484681,0.14555816960576987,0.5855731307870576,0.0186306145042181,0.0186306145042181,False,False,False,1.0,1.0,1.0,1.0,0
240,20,0.052761808037757874,0.8188074123365199,0.14378820775345996,0.5902661817191506,0.018980713561177254,0.018980713561177254,False,False,False,1.0,1.0,1.0,1.0,0
240,22,0.3669411242008209,0.8063905772862349,1.0,0.5785043519613872,0.0053762272000312805,0.0053762272000312805,False,False,False,1.0,1.0,1.0,1.0,0
241,0,3.6966629757273495e-09,0.27234567624590844,0.2816124168702807,0.6246905610875693,0.015672745183110237,0.015672745183110237,False,True,False,1.0,1.0,1.25,8.82,2
241,2,3.126775505180035e-09,0.24054932221473438,0.11509603237369233,0.6252252899987418,0.027598226442933083,0.027598226442933083,False,True,False,1.0,1.0,1.953125,10.0,67
241,4,1.7166666310686196e-08,0.6647443537080265,0.21743752122360469,0.6210521965510701,0.0007376102730631828,0.0007376102730631828,False,False,False,1.0,1.0,1.0,1.0,0
241,6,6.89498804717914e-08,0.9720069517308735,0.1524847804913855,0.5789238035243799,0.002495682565495372,0.002495682565495372,False,False,False,1.0,1.0,1.0,1.0,0
241,8,4.421754908889852e-07,1.0822834625615136,0.1487846909338583,0.5782736640903303,0.009599710814654827,0.009599710814654827,False,False,False,1.0,1.0,1.0,1.0,0
241,10,2.9619152428495e-06,1.1101336759583655,0.15046714747425224,0.578393921519103,0.019400544464588165,0.019400544464588165,False,False,False,1.0,1.0,1.0,1.0,0
241,12,1.9674796931212768e-05,1.0992346130418524,0.11952705230279013,0.5792091309490369,0.02229829877614975,0.02229829877614975,False,False,False,1.0,1.0,1.0,1.0,0
241,14,0.00016459538892377168,1.1184818962545766,0.12020471775897543,0.5807416562421859,0.02134975790977478,0.02134975790977478,False,False,False,1.0,1.0,1.0,1.0,0
241,16,0.0013692822540178895,1.2203621576126056,0.1331571912634954,0.5857282509646764,0.02084944024682045,0.02084944024682045,False,False,False,1.0,1.0,1.0,1.0,0
241,18,0.010283191688358784,1.1717527876230516,0.14865475659283256,0.588306413071264,0.021696295589208603,0.021696295589208603,False,False,False,1.0,1.0,1.0,1.0,0
241,20,0.06917498260736465,1.090220891141135,0.14290302212860412,0.5935447219800954,0.023149730637669563,0.023149730637669563,False,False,False,1.0,1.0,1.0,1.0,0
241,22,0.4840694069862366,1.0945119317535046,1.0,0.5921220413679058,0.006600010208785534,0.006600010208785534,False,False,False,1.0,1.0,1.0,1.0,0
242,0,4.686279808652216e-09,0.3434911411963782,0.3535637985167939,0.6213301182974351,0.00040069266106002033,0.00040069266106002033,False,False,True,1.0,1.0,1.0,6.1739999999999995,0
242,2,3.2544107408938316e-09,0.2503685655185173,0.10755487759631434,0.6218806734691701,0.02197367511689663,0.02197367511689663,False,True,False,1.0,1.0,1.5625,10.0,68
242,4,2.0258141830709064e-08,0.7844554763785085,0.16826369193899987,0.617722628610757,0.0007390633109025657,0.0007390633109025657,False,False,False,1.0,1.0,1.0,1.0,0
242,6,1.1039520586564322e-07,1.5562740182423727,0.1603052804581984,0.5754969866691446,0.003278204472735524,0.003278204472735524,False,False,False,1.0,1.0,1.0,1.0,0
242,8,6.786560788896168e-07,1.661101228094709,0.1377751794230041,0.5749443532353532,0.01288837380707264,0.01288837380707264,False,False,False,1.0,1.0,1.0,1.0,0
242,10,4.915822501061484e-06,1.8424632901420004,0.13980256126235727,0.5752795970627642,0.028311965987086296,0.028311965987086296,False,False,False,1.0,1.0,1.0,1.0,0
242,12,3.515260686981492e-05,1.9639827717180667,0.1393411801671208,0.5754083042643179,0.034882646054029465,0.034882646054029465,False,False,False,1.0,1.0,1.0,1.0,0
242,14,0.00025226722937077284,1.7142420022482163,0.12485920734900444,0.5606713005079457,0.03166017681360245,0.03166017681360245,False,False,False,1.0,1.0,1.0,1.0,0
242,16,0.0020204035099595785,1.8006689120723385,0.1250582178264845,0.561370485415627,0.03280700370669365,0.03280700370669365,False,False,False,1.0,1.0,1.0,1.0,0
242,18,0.01615569368004799,1.8409147353550586,0.1672663266463172,0.5655681852286424,0.035128045827150345,0.035128045827150345,False,False,False,1.0,1.0,1.0,1.0,0
242,20,0.09658663719892502,1.522237747091631,0.15033791949692518,0.567262036953512,0.030298948287963867,0.030298948287963867,False,False,False,1.0,1.0,1.0,1.0,0
242,22,0.6424635648727417,1.4526512671975176,1.0,0.5684765360704278,0.008736946620047092,0.008736946620047092,False,False,False,1.0,1.0,1.0,1.0,0
243,0,3.5534648556989623e-09,0.2601539322219974,0.2807936562741411,0.618058529291225,0.011292614974081516,0.011292614974081516,False,True,False,1.0,1.0,1.25,6.4826999999999995,1
243,2,2.6550752707521497e-09,0.20426044522558648,0.10641615166295225,0.618821007981211,0.019526178017258644,0.019526178017258644,False,True,False,1.0,1.0,1.25,10.0,69
243,4,1.494992751815971e-08,0.5789056375992244,0.20212773184234262,0.6144364524147331,0.0006701224483549595,0.0006701224483549595,False,False,False,1.0,1.0,1.0,1.0,0
243,6,6.396277285602991e-08,0.9017022138780885,0.1508428767329754,0.5709775758578278,0.0020586152095347643,0.0020586152095347643,False,False,False,1.0,1.0,1.0,1.0,0
243,8,4.1403575323784025e-07,1.013407703212156,0.1337492706596132,0.5704919811991999,0.007885007187724113,0.007885007187724113,False,False,False,1.0,1.0,1.0,1.0,0
243,10,3.0856112971378025e-06,1.1564952846438696,0.1337829015235926,0.5699066352671727,0.018280891701579094,0.018280891701579094,False,False,False,1.0,1.0,1.0,1.0,0
243,12,2.3054317352944054e-05,1.288049056008499,0.12319598074357412,0.5702630750762872,0.02612937241792679,0.02612937241792679,False,False,False,1.0,1.0,1.0,1.0,0
243,14,0.0001871253043645993,1.2715803682681674,0.1286984021894997,0.5604287461502159,0.024202076718211174,0.024202076718211174,False,False,False,1.0,1.0,1.0,1.0,0
243,16,0.0014539731200784445,1.2958422332014539,0.12139768112076628,0.56336380251111,0.025392882525920868,0.025392882525920868,False,False,False,1.0,1.0,1.0,1.0,0
243,18,0.011976933106780052,1.3647518377909567,0.13510803098745938,0.562752382356137,0.025695376098155975,0.025695376098155975,False,False,False,1.0,1.0,1.0,1.0,0
243,20,0.08864707499742508,1.3971075880033337,0.14012282952194716,0.5693167798135819,0.028089093044400215,0.028089093044400215,False,False,False,1.0,1.0,1.0,1.0,0
243,22,0.6326383352279663,1.4304357937071,1.0,0.5707919042736055,0.008864299394190311,0.008864299394190311,False,False,False,1.0,1.0,1.0,1.0,0
244,0,3.456436470372637e-09,0.2533470804472803,0.27672617269539557,0.6153675185465394,0.011813774704933167,0.011813774704933167,False,True,False,1.0,1.0,1.25,6.8068349999999995,2
244,2,2.4904573958650644e-09,0.19221908384706932,0.103055283090273,0.6163230280023194,0.01940879411995411,0.01940879411995411,False,True,False,1.0,1.0,1.25,10.0,70
244,4,1.4166227302325751e-08,0.5572249490636552,0.20385349353914503,0.6126343779874128,0.0006752022891305387,0.0006752022891305387,False,False,False,0.9,1.0,1.0,1.0,0
244,6,5.949219783474291e-08,0.8386791894842586,0.1402888516816472,0.5740363217612128,0.002099062316119671,0.002099062316119671,False,False,False,0.9,1.0,1.0,1.0,0
244,8,4.1406931927667756e-07,1.0134898605670657,0.1371336808321031,0.5731577193344648,0.008550789207220078,0.008550789207220078,False,False,False,0.9,1.0,1.0,1.0,0
244,10,3.0094574867689516e-06,1.127952634867816,0.15755789972476192,0.5724764339189046,0.01862042210996151,0.01862042210996151,False,False,False,0.9,1.0,1.0,1.0,0
244,12,1.9090644855168648e-05,1.0665979264466647,0.1357665879591543,0.5727312415963695,0.02032083086669445,0.02032083086669445,False,False,False,0.9,1.0,1.0,1.0,0
244,14,0.0001406037190463394,0.955450303484673,0.1235653475541618,0.5632985266138001,0.019261213019490242,0.019261213019490242,False,False,False,0.9,1.0,1.0,1.0,0
244,16,0.001137879560701549,1.014126307214147,0.12852122031547084,0.5618105365183642,0.019882485270500183,0.019882485270500183,False,False,False,0.9,1.0,1.0,1.0,0
244,18,0.008853621780872345,1.0088556468359569,0.15882923766101112,0.5649783119610876,0.021092316135764122,0.021092316135764122,False,False,False,0.9,1.0,1.0,1.0,0
244,20,0.0557430125772953,0.8785285453825372,0.13690938519849863,0.5747777177318318,0.01858147606253624,0.01858147606253624,False,False,False,0.9,1.0,1.0,1.0,0
244,22,0.40715259313583374,0.920598089447575,1.0,0.5789129986335191,0.005632008425891399,0.005632008425891399,False,False,False,0.9,1.0,1.0,1.0,0
245,0,3.1508857745166097e-09,0.23184814830752945,0.24044998750227198,0.6128738803636546,0.012172110378742218,0.012172110378742218,False,True,False,1.0,1.0,1.5625,8.168201999999999,3
245,2,3.1041211823179538e-09,0.24096160045513382,0.108624074623699,0.6137767517549223,0.019458772614598274,0.019458772614598274,False,True,False,1.0,1.0,1.5625,10.0,71
245,4,1.8576733040731597e-08,0.7307110708785064,0.24362310176867172,0.6101305814162854,0.0007569434819743037,0.0007569434819743037,False,False,False,0.9720000000000001,1.0,1.0,1.0,0
245,6,6.625193549325559e-08,0.933973219742069,0.16628139026485578,0.5683140965818021,0.002254955004900694,0.002254955004900694,False,False,False,0.9720000000000001,1.0,1.0,1.0,0
245,8,3.8843265315335884e-07,0.9447824985689117,0.1430276824502232,0.5678857119127168,0.00783051922917366,0.00783051922917366,False,False,False,0.9720000000000001,1.0,1.0,1.0,0
245,10,2.705786528167664e-06,1.0016392582731473,0.12212316376359716,0.5671989652939962,0.016421016305685043,0.016421016305685043,False,False,False,0.9720000000000001,1.0,1.0,1.0,0
245,12,2.214621054008603e-05,1.2104499823379598,0.13189591249778188,0.573764317958176,0.026990080252289772,0.026990080252289772,False,False,False,0.9720000000000001,1.0,1.0,1.0,0
245,14,0.00016789672372397035,1.1409155940127047,0.1572103415434789,0.5717714627248871,0.02603958360850811,0.02603958360850811,False,False,False,0.9720000000000001,1.0,1.0,1.0,0
245,16,0.0010679650586098433,0.9442364108612015,0.12960891729476334,0.5787574197072199,0.02494354546070099,0.02494354546070099,False,False,False,0.9720000000000001,1.0,1.0,1.0,0
245,18,0.008239894174039364,0.9314055634262504,0.13238423630951587,0.5790860657603768,0.02391713671386242,0.02391713671386242,False,False,False,0.9720000000000001,1.0,1.0,1.0,0
245,20,0.06224225088953972,0.9809587176419423,0.14284390630094435,0.5776753042828094,0.02418406680226326,0.02418406680226326,False,False,False,0.9720000000000001,1.0,1.0,1.0,0
245,22,0.43573611974716187,0.9852272737673806,1.0,0.5778165796190908,0.007070174906402826,0.007070174906402826,False,False,False,0.9720000000000001,0.9,1.0,1.0,0
246,0,3.6883847087665345e-09,0.27247521329995616,0.2808067553972618,0.6165192455004312,0.014908187091350555,0.014908187091350555,False,True,False,1.0,1.0,1.25,8.5766121,4
246,2,3.1349571827377076e-09,0.24335528664725298,0.11136387985458997,0.6174436282626804,0.019673632457852364,0.019673632457852364,False,True,False,1.0,1.0,1.25,10.0,72
246,4,1.815057437681844e-08,0.7028441990531912,0.21794976529708754,0.6136915594293952,0.0007681618444621563,0.0007681618444621563,False,False,False,0.8748000000000001,1.0,1.0,1.0,0
246,6,7.327870577000795e-08,1.0104249229153295,0.14979785713557237,0.5755121218169309,0.0027042769361287355,0.0027042769361287355,False,False,False,0.8748000000000001,1.0,1.0,1.0,0
246,8,4.791839387507935e-07,1.1655163263226604,0.13023020354782452,0.5750510904384617,0.01123479288071394,0.01123479288071394,False,False,False,0.8748000000000001,1.0,1.0,1.0,0
246,10,3.6695146263809875e-06,1.3523221219381225,0.13127902374445932,0.5742584746741309,0.025850046426057816,0.025850046426057816,False,False,False,0.8748000000000001,1.0,1.0,1.0,0
246,12,2.7942025553784333e-05,1.4792821283112774,0.13684944236729324,0.5740545651907839,0.029117614030838013,0.029117614030838013,False,False,False,0.8748000000000001,1.0,1.0,1.0,0
246,14,0.00020417077757883817,1.3846320133688508,0.11629952848633422,0.5632493185471628,0.027593465521931648,0.027593465521931648,False,False,False,0.8748000000000001,1.0,1.0,1.0,0
246,16,0.001755549805238843,1.5521613126037606,0.1323082688447124,0.5695130727977551,0.03241913393139839,0.03241913393139839,False,False,False,0.8748000000000001,1.0,1.0,1.0,0
246,18,0.013268622569739819,1.5119377285956426,0.15978703251850482,0.5714725494445633,0.03145262226462364,0.03145262226462364,False,False,False,0.8748000000000001,1.0,1.0,1.0,0
246,20,0.08303941041231155,1.3087289162528306,0.13071928894658394,0.5733251409298121,0.029252411797642708,0.029252411797642708,False,False,False,0.8748000000000001,1.0,1.0,1.0,0
246,22,0.6352498531341553,1.4390816750062327,1.0,0.5753583447494842,0.009046000428497791,0.009046000428497791,False,False,False,0.8748000000000001,0.9720000000000001,1.0,1.0,0
247,0,2.905375495743101e-09,0.21463130080696155,0.22577351662169454,0.6139105961176903,0.015347323380410671,0.015347323380410671,False,True,False,1.0,1.0,1.5625,10.0,5
247,2,2.868539850098273e-09,0.22267428127044342,0.10212005356578019,0.6148234517076103,0.019557323306798935,0.019557323306798935,False,True,False,1.0,1.0,1.5625,10.0,73
247,4,1.8089878039972973e-08,0.7003577629736449,0.1996029009331756,0.6109933834546101,0.0007549655274488032,0.0007549655274488032,False,False,False,0.9447840000000002,1.0,1.0,1.0,0
247,6,8.06293343202924e-08,1.1117812201950812,0.15111590523870636,0.5727946121574786,0.0028072702698409557,0.0028072702698409557,False,False,False,0.9447840000000002,1.0,1.0,1.0,0
247,8,5.235595494923473e-07,1.2560413913952884,0.1475049614655011,0.5723386668957156,0.011071177199482918,0.011071177199482918,False,False,False,0.9447840000000002,1.0,1.0,1.0,0
247,10,3.5394368751440197e-06,1.2735592754162066,0.13485239443554758,0.5681275811700802,0.023136116564273834,0.023136116564273834,False,False,False,0.9447840000000002,1.0,1.0,1.0,0
247,12,2.6236748453811742e-05,1.352917344518899,0.13772380024568326,0.5688278633744872,0.025438550859689713,0.025438550859689713,False,False,False,0.9447840000000002,1.0,1.0,1.0,0
247,14,0.00019049264665227383,1.271670461908172,0.15634572784956471,0.5709497333801893,0.022786566987633705,0.022786566987633705,False,False,False,0.9447840000000002,1.0,1.0,1.0,0
247,16,0.0012183964718133211,1.077239655245363,0.13673801529748092,0.5728505939477136,0.02067309059202671,0.02067309059202671,False,False,False,0.9447840000000002,1.0,1.0,1.0,0
247,18,0.008910434320569038,1.0072008114946158,0.13434398375550616,0.5729602201762707,0.018001927062869072,0.018001927062869072,False,False,False,0.9447840000000002,1.0,1.0,1.0,0
247,20,0.06632550805807114,1.0293016794661394,0.13889920305856843,0.5775373771876675,0.019431771710515022,0.019431771710515022,False,False,False,0.9447840000000002,1.0,1.0,1.0,0
247,22,0.47750818729400635,1.049488287620633,1.0,0.5794805279609981,0.006283008027821779,0.006283008027821779,False,False,False,0.9447840000000002,0.8748000000000001,1.0,1.0,0
248,0,3.441656293290407e-09,0.2546536654343444,0.2690648760804841,0.6174789403396702,0.01805143989622593,0.01805143989622593,False,True,False,1.0,1.0,1.25,10.0,6
248,2,2.791176401117923e-09,0.21770983622319837,0.10829780024408951,0.6186890291976348,0.019778233021497726,0.019778233021497726,False,True,False,1.0,1.0,1.25,10.0,74
248,4,1.5773158779097685e-08,0.6106649350065749,0.2588321731545181,0.6151662265862988,0.0007591249886900187,0.0007591249886900187,False,False,False,1.0,1.0,1.0,1.0,0
248,6,5.0939714668629676e-08,0.7023971933800903,0.1323862932564787,0.5799917552735229,0.002264671493321657,0.002264671493321657,False,False,False,1.0,1.0,1.0,1.0,0
248,8,3.747808818843623e-07,0.8991151069765148,0.12756045647629044,0.5795878713886501,0.009464938193559647,0.009464938193559647,False,False,False,1.0,1.0,1.0,1.0,0
248,10,2.9280647595442133e-06,1.0535755164118084,0.1378773740477338,0.5719425642214374,0.021578582003712654,0.021578582003712654,False,False,False,1.0,1.0,1.0,1.0,0
248,12,2.122673140547704e-05,1.094572108905579,0.1292028279589094,0.5718231800146387,0.024449346587061882,0.024449346587061882,False,False,False,1.0,1.0,1.0,1.0,0
248,14,0.00016427999071311206,1.0966828134513704,0.14841853633462848,0.5688352233367306,0.023561742156744003,0.023561742156744003,False,False,False,1.0,1.0,1.0,1.0,0
248,16,0.0011068597668781877,0.9786249888776026,0.11362636367711207,0.5704231744588366,0.01969655603170395,0.01969655603170395,False,False,False,1.0,1.0,1.0,1.0,0
248,18,0.009741213172674179,1.1011088191078098,0.12494157185567548,0.5720941592300448,0.022450845688581467,0.022450845688581467,False,False,False,1.0,1.0,1.0,1.0,0
248,20,0.07796613872051239,1.2099519457318006,0.1313747326499432,0.5757597914255042,0.02468186244368553,0.02468186244368553,False,False,False,1.0,1.0,1.0,1.0,0
248,22,0.5934637188911438,1.3043404043678835,1.0,0.5784405100404288,0.008037041872739792,0.008037041872739792,False,False,False,1.0,0.9447840000000002,1.0,1.0,0
249,0,3.4765239576017848e-09,0.25723357980270734,0.26510702799517033,0.6150104623857633,0.017948824912309647,0.017948824912309647,False,True,False,1.0,1.0,1.5625,10.0,7
249,2,3.1136619949023725e-09,0.2426887315836779,0.10417504207350252,0.6160975431834081,0.019697722047567368,0.019697722047567368,False,True,False,1.0,1.0,1.5625,10.0,75
249,4,1.988875197866946e-08,0.767914580621339,0.18835684016320328,0.6129810851072743,0.0007903946097940207,0.0007903946097940207,False,False,False,1.0,1.0,1.0,1.0,0
249,6,9.559081348697873e-08,1.3180819630213243,0.13686469098183715,0.5809875828185559,0.003307626349851489,0.003307626349851489,False,False,False,1.0,1.0,1.0,1.0,0
249,8,6.884329764034192e-07,1.6515796806735341,0.15586326401602674,0.5810601419545807,0.014441139996051788,0.014441139996051788,False,False,False,1.0,1.0,1.0,1.0,0
249,10,4.40690337200067e-06,1.5457595081909967,0.1462912179613181,0.5735159543494033,0.027356568723917007,0.027356568723917007,False,False,False,1.0,1.0,1.0,1.0,0
249,12,3.011418266396504e-05,1.5119546595802595,0.13221477720882735,0.5727564140786863,0.030804140493273735,0.030804140493273735,False,False,False,1.0,1.0,1.0,1.0,0
249,14,0.00022775714751332998,1.4736570965200826,0.11602709919761559,0.5677632935121202,0.028248712420463562,0.028248712420463562,False,False,False,1.0,1.0,1.0,1.0,0
249,16,0.0019629551097750664,1.735537761833083,0.15231123157308363,0.5744051383507129,0.03295377641916275,0.03295377641916275,False,False,False,1.0,1.0,1.0,1.0,0
249,18,0.012887779623270035,1.45099351631626,0.15182702182750674,0.5728026375147578,0.027202973142266273,0.027202973142266273,False,False,False,1.0,1.0,1.0,1.0,0
249,20,0.08488461375236511,1.2967932117797323,0.14262855887953046,0.5808056493983157,0.02648961916565895,0.02648961916565895,False,False,False,1.0,1.0,1.0,1.0,0
249,22,0.5951445698738098,1.2693951652419948,1.0,0.5779684495766474,0.007689734920859337,0.007689734920859337,False,False,False,1.0,1.0,1.0,1.0,0
250,0,4.6893089411526034e-09,0.346969484589899,0.36888103079040724,0.6187226199148218,0.0004582645487971604,0.0004582645487971604,False,False,True,1.0,1.0,1.0,7.0,0
250,2,2.71225286674337e-09,0.20976210968002837,0.10745220814793431,0.6195531819575992,0.01968022622168064,0.01968022622168064,False,True,False,1.0,1.0,1.953125,10.0,76
250,4,1.5241480966210474e-08,0.5746873845791131,0.1968987235122692,0.6161863991817961,0.0007244846201501787,0.0007244846201501787,False,False,False,1.0,1.0,1.0,1.0,0
250,6,6.740771851809768e-08,0.9071062674817589,0.13288719059401893,0.5837380180663932,0.002729568863287568,0.002729568863287568,False,False,False,1.0,1.0,1.0,1.0,0
250,8,4.972552005710895e-07,1.1726264036997078,0.15426411338135526,0.5825938499470525,0.011813154444098473,0.011813154444098473,False,False,False,1.0,1.0,1.0,1.0,0
250,10,3.2134016691998113e-06,1.1085590462556445,0.15920514690511076,0.5761716363084082,0.02278212085366249,0.02278212085366249,False,False,False,1.0,1.0,1.0,1.0,0
250,12,2.0174031305941753e-05,0.9935872452056183,0.12405036992686154,0.5772565967274218,0.024133361876010895,0.024133361876010895,False,False,False,1.0,1.0,1.0,1.0,0
250,14,0.00016261773998849094,1.0259212102268946,0.12644243987787557,0.5913067200447416,0.022046780213713646,0.022046780213713646,False,False,False,1.0,1.0,1.0,1.0,0
250,16,0.0012860909337177873,1.1116432920276065,0.14324893967196278,0.6033696103468734,0.025773605331778526,0.025773605331778526,False,False,False,1.0,1.0,1.0,1.0,0
250,18,0.00897800363600254,0.9775328767399134,0.14125767363539557,0.602929832608843,0.023970384150743484,0.023970384150743484,False,False,False,1.0,1.0,1.0,1.0,0
250,20,0.06355762481689453,0.9621401454977957,0.14071038561784363,0.6062446626915381,0.022805230692029,0.022805230692029,False,False,False,1.0,1.0,1.0,1.0,0
250,22,0.45169106125831604,0.95351097472388,1.0,0.6052768495248273,0.006939902435988188,0.006939902435988188,False,False,False,1.0,1.0,1.0,1.0,0
251,0,3.989643282409361e-09,0.29473034680505644,0.31973416562542273,0.6215965018536452,0.013006079010665417,0.013006079010665417,False,True,False,1.0,1.0,1.25,8.4,1
251,2,2.47800113761798e-09,0.19164538557217045,0.10596045797821242,0.622677309834643,0.02198244258761406,0.02198244258761406,False,True,False,1.0,1.0,2.44140625,10.0,77
251,4,1.3386093122846887e-08,0.5047290918484816,0.25661926307604344,0.6193391112784137,0.0007175096543505788,0.0007175096543505788,False,False,False,1.0,1.0,1.0,1.0,0
251,6,4.216324356320911e-08,0.5587843882238813,0.1496213937895423,0.5838647069061852,0.0018029258353635669,0.0018029258353635669,False,False,False,1.0,1.0,1.0,1.0,0
251,8,2.7179956418876827e-07,0.639960804965246,0.13421990796425798,0.5827553201397441,0.006154477130621672,0.006154477130621672,False,False,False,1.0,1.0,1.0,1.0,0
251,10,2.0150316686340375e-06,0.6819081173939308,0.14469297729566918,0.5763437717431744,0.012478232383728027,0.012478232383728027,False,False,False,1.0,1.0,1.0,1.0,0
251,12,1.391625755786663e-05,0.6848125024977785,0.13409988541941284,0.5762246886993608,0.014041089452803135,0.014041089452803135,False,False,False,1.0,1.0,1.0,1.0,0
251,14,0.00010376531281508505,0.643174821866177,0.14298472742030935,0.5758790286475545,0.012521536089479923,0.012521536089479923,False,False,False,1.0,1.0,1.0,1.0,0
251,16,0.0007256990647874773,0.6150103364274521,0.11000180576369682,0.590662313199476,0.013404030352830887,0.013404030352830887,False,False,False,1.0,1.0,1.0,1.0,0
251,18,0.006597145926207304,0.7156704142058867,0.13894662303765884,0.5862096958873667,0.014056140556931496,0.014056140556931496,False,False,False,1.0,1.0,1.0,1.0,0
251,20,0.04747970402240753,0.7187513609565928,0.13386753499998438,0.5848825321957802,0.014159434475004673,0.014159434475004673,False,False,False,1.0,1.0,1.0,1.0,0
251,22,0.354676753282547,0.7487156725931693,1.0,0.5827123548585195,0.0043779220432043076,0.0043779220432043076,False,False,False,1.0,1.0,1.0,1.0,0
252,0,4.085397797837231e-09,0.29993542018279545,0.32152645732212165,0.6244297569621822,0.015729058533906937,0.015729058533906937,False,True,False,1.0,1.0,1.25,8.82,2
252,2,2.7062569962765792e-09,0.21093428857759178,0.10164079006961844,0.6254163720521935,0.027444785460829735,0.027444785460829735,False,True,False,1.0,1.0,1.953125,10.0,78
252,4,1.6625698151528923e-08,0.6298851667943336,0.2036742456954857,0.6218895786200611,0.0007493154844269156,0.0007493154844269156,False,False,False,1.0,1.0,1.0,1.0,0
252,6,7.162886817013714e-08,0.9492887618955461,0.14432153298670658,0.5859245057254533,0.0028617039788514376,0.0028617039788514376,False,False,False,1.0,1.0,1.0,1.0,0
252,8,4.863144908995309e-07,1.1450430908203364,0.16255639655150148,0.5845600503348097,0.011320479214191437,0.011320479214191437,False,False,False,1.0,1.0,1.0,1.0,0
252,10,2.9816662845405517e-06,1.0090275376000901,0.14715594268153823,0.5783174767200738,0.020582957193255424,0.020582957193255424,False,False,False,1.0,1.0,1.0,1.0,0
252,12,2.0251949536032043e-05,0.9965889309363228,0.11266062544163251,0.5780391145583342,0.023326698690652847,0.023326698690652847,False,False,False,1.0,1.0,1.0,1.0,0
252,14,0.0001797506702132523,1.114159463873628,0.13952909211807027,0.5663777857178327,0.024262117221951485,0.024262117221951485,False,False,False,1.0,1.0,1.0,1.0,0
252,16,0.0012882566079497337,1.0917626441920223,0.12491240882079505,0.5765878913635041,0.024950111284852028,0.024950111284852028,False,False,False,1.0,1.0,1.0,1.0,0
252,18,0.010313269682228565,1.1188022923635417,0.14569234737164505,0.5744528703283376,0.026093022897839546,0.026093022897839546,False,False,False,1.0,1.0,1.0,1.0,0
252,20,0.07078798860311508,1.0715939409364676,0.1418679681542721,0.5800052952614636,0.025680331513285637,0.025680331513285637,False,False,False,1.0,1.0,1.0,1.0,0
252,22,0.4989708960056305,1.0533177789344996,1.0,0.5774650111407527,0.00740915909409523,0.00740915909409523,False,False,False,1.0,1.0,1.0,1.0,0
253,0,3.0580658005874284e-09,0.2245123476914281,0.23896226618182922,0.6210504138466582,0.016170287504792213,0.016170287504792213,False,True,False,1.0,1.0,1.5625,10.0,3
253,2,2.797274856192189e-09,0.2180285104329325,0.10551234150853069,0.6220862259894449,0.02198489010334015,0.02198489010334015,False,True,False,1.0,1.0,2.44140625,10.0,79
253,4,1.651135228541989e-08,0.6156110641481799,0.29092435473645467,0.6186887592670315,0.0007723779999651015,0.0007723779999651015,False,False,False,1.0,1.0,1.0,1.0,0
253,6,4.6754795590686626e-08,0.6124520976829174,0.1567140026038412,0.5828503673474528,0.0021485595498234034,0.0021485595498234034,False,False,False,1.0,1.0,1.0,1.0,0
253,8,2.883447223211988e-07,0.6571721100502035,0.1317288839354916,0.5815792800739065,0.0076784538105130196,0.0076784538105130196,False,False,False,1.0,1.0,1.0,1.0,0
253,10,2.1789255697513e-06,0.7321361168524471,0.14420337021705348,0.5718091219181011,0.014316570945084095,0.014316570945084095,False,False,False,1.0,1.0,1.0,1.0,0
253,12,1.5100087694008835e-05,0.7416463732519958,0.12896336231131902,0.5749801837491848,0.01721154898405075,0.01721154898405075,False,False,False,1.0,1.0,1.0,1.0,0
253,14,0.000117078197945375,0.7162548063337631,0.1269845653917879,0.5633056053991267,0.017142673954367638,0.017142673954367638,False,False,False,1.0,1.0,1.0,1.0,0
253,16,0.0009219776256941259,0.7675478128478471,0.12484392809596798,0.5739353717868586,0.02037224918603897,0.02037224918603897,False,False,False,1.0,1.0,1.0,1.0,0
253,18,0.007385031785815954,0.769295061533024,0.16550737131831844,0.5747520955904566,0.01951901614665985,0.01951901614665985,False,False,False,1.0,1.0,1.0,1.0,0
253,20,0.04462055116891861,0.6645079695680494,0.12153581524977283,0.575797152427998,0.01748592033982277,0.01748592033982277,False,False,False,1.0,1.0,1.0,1.0,0
253,22,0.3671391010284424,0.7636182364816223,1.0,0.573456598128354,0.005422377493232489,0.005422377493232489,False,False,False,1.0,1.0,1.0,1.0,0
254,0,4.0208414375797474e-09,0.2951959211187017,0.30264425045288634,0.6238685051420432,0.018613867461681366,0.018613867461681366,False,True,False,1.0,1.0,1.25,10.0,4
254,2,3.2857023768428917e-09,0.25603725534865607,0.10611180675432459,0.6250077992196286,0.027675092220306396,0.027675092220306396,False,True,False,1.0,1.0,1.953125,10.0,80
254,4,2.0964531444178647e-08,0.7816438828644732,0.2118257399619117,0.6218572537116775,0.0008450621971860528,0.0008450621971860528,False,False,False,1.0,1.0,1.0,1.0,0
254,6,8.897065129076509e-08,1.165447550926705,0.1469940947895391,0.5890608984637954,0.0037824916653335094,0.0037824916653335094,False,False,False,1.0,1.0,1.0,1.0,0
254,8,5.952668402642303e-07,1.3566843266983617,0.16342647129162505,0.5810367496923989,0.014210564084351063,0.014210564084351063,False,False,False,1.0,1.0,1.0,1.0,0
254,10,3.63241383638524e-06,1.2205195982328725,0.14154738122438254,0.5745714047243502,0.02490406669676304,0.02490406669676304,False,False,False,1.0,1.0,1.0,1.0,0
254,12,2.5652176191215403e-05,1.2599160894796966,0.13207544520859857,0.5780962418284947,0.030568759888410568,0.030568759888410568,False,False,False,1.0,1.0,1.0,1.0,0
254,14,0.0001942136586876586,1.1881500478475353,0.11492767338569229,0.5820951795899573,0.026952121406793594,0.026952121406793594,False,False,False,1.0,1.0,1.0,1.0,0
254,16,0.00168986723292619,1.4068171097527797,0.14614477152087274,0.597856148913618,0.03719240799546242,0.03719240799546242,False,False,False,1.0,1.0,1.0,1.0,0
254,18,0.011562957428395748,1.2045074827526447,0.14974921314281633,0.5969782954725664,0.031329307705163956,0.031329307705163956,False,False,False,1.0,1.0,1.0,1.0,0
254,20,0.07721547037363052,1.1499251822995042,0.13897640115201357,0.5930793026332296,0.02895989827811718,0.02895989827811718,False,False,False,1.0,1.0,1.0,1.0,0
254,22,0.5556012988090515,1.1728634489897576,1.0,0.5944552349726571,0.008838336914777756,0.008838336914777756,False,False,False,1.0,1.0,1.0,1.0,0
255,0,3.3621068151745703e-09,0.24558872789646483,0.2588899911408784,0.620554217200335,0.018564406782388687,0.018564406782388687,False,True,False,1.0,1.0,1.5625,10.0,5
255,2,2.9866233930420094e-09,0.2327316258782165,0.10350030783852499,0.6216690271500988,0.02213446795940399,0.02213446795940399,False,True,False,1.0,1.0,2.44140625,10.0,81
255,4,1.8856178840565008e-08,0.7030358338401487,0.23492402087871386,0.6181009139876129,0.0008087513269856572,0.0008087513269856572,False,False,False,1.0,1.0,1.0,1.0,0
255,6,7.026500981055506e-08,0.9135027814644385,0.16196275696291104,0.5885205883025432,0.002636606339365244,0.002636606339365244,False,False,False,1.0,1.0,1.0,1.0,0
255,8,4.238343649376475e-07,0.9321846861892459,0.14258641509427997,0.5740434256536715,0.007245038636028767,0.007245038636028767,False,False,False,1.0,1.0,1.0,1.0,0
255,10,2.9624736725963885e-06,0.9935216476843937,0.14186644873122914,0.5677965643098799,0.015034796670079231,0.015034796670079231,False,False,False,1.0,1.0,1.0,1.0,0
255,12,2.0872130335192196e-05,1.0251423752512412,0.1341537744609658,0.5707787794523446,0.01909899339079857,0.01909899339079857,False,False,False,1.0,1.0,1.0,1.0,0
255,14,0.00015557362348772585,0.9460371481015428,0.15215700306157126,0.5666442315939039,0.01817917451262474,0.01817917451262474,False,False,False,1.0,1.0,1.0,1.0,0
255,16,0.0010224445722997189,0.832125208559393,0.14190289484409846,0.5778287828969848,0.019603492692112923,0.019603492692112923,False,False,False,1.0,1.0,1.0,1.0,0
255,18,0.007205231115221977,0.7364682596260391,0.1417010492613937,0.5801417722266122,0.016641192138195038,0.016641192138195038,False,False,False,1.0,1.0,1.0,1.0,0
255,20,0.0508481040596962,0.7505226926449778,0.14336715091782035,0.572482523251022,0.014955874532461166,0.014955874532461166,False,False,False,1.0,1.0,1.0,1.0,0
255,22,0.35467052459716797,0.737684653490285,1.0,0.5761021088827754,0.004660145379602909,0.004660145379602909,False,False,False,1.0,1.0,1.0,1.0,0
256,0,5.132759550718902e-09,0.37682900631050525,0.37405340191236613,0.6234317249612662,0.00047607847955077887,0.00047607847955077887,False,False,True,1.0,1.0,1.0,7.0,0
256,2,3.721996710837061e-09,0.28791129074186417,0.10895142563589309,0.6245791837361107,0.027761565521359444,0.027761565521359444,False,True,False,1.0,1.0,1.953125,10.0,82
256,4,2.4161982636883295e-08,0.8918637724638768,0.19096658793276647,0.6209675396763654,0.0008695204160176218,0.0008695204160176218,False,False,False,1.0,1.0,1.0,1.0,0
256,6,1.1652466014311358e-07,1.514916192809563,0.16114465099590536,0.5915218258025585,0.004561970010399818,0.004561970010399818,False,False,False,1.0,1.0,1.0,1.0,0
256,8,7.131059760467906e-07,1.6097021299643994,0.14663042532306472,0.5769808028828298,0.014217082411050797,0.014217082411050797,False,False,False,1.0,1.0,1.0,1.0,0
256,10,4.853287919104332e-06,1.627489614255844,0.14148812283942827,0.5710347948901241,0.026957469061017036,0.026957469061017036,False,False,False,1.0,1.0,1.0,1.0,0
256,12,3.429173375479877e-05,1.6589844715107893,0.12995078405457572,0.5724574787275389,0.03225620463490486,0.03225620463490486,False,False,False,1.0,1.0,1.0,1.0,0
256,14,0.0002638724690768868,1.6045982121622666,0.14866689353629486,0.5915686784600037,0.03375062718987465,0.03375062718987465,False,False,False,1.0,1.0,1.0,1.0,0
256,16,0.0017749142134562135,1.4445290239306292,0.1377191642243544,0.6046793069017155,0.03579635173082352,0.03579635173082352,False,False,False,1.0,1.0,1.0,1.0,0
256,18,0.012887914665043354,1.3769700973139634,0.1470740367395977,0.6037065175982427,0.03190282732248306,0.03190282732248306,False,False,False,1.0,1.0,1.0,1.0,0
256,20,0.08762874454259872,1.3265305817657616,0.1418394388659465,0.6000278470285085,0.02843407355248928,0.02843407355248928,False,False,False,1.0,1.0,1.0,1.0,0
256,22,0.6178023815155029,1.3041687151048,1.0,0.598741053375039,0.008129972964525223,0.008129972964525223,False,False,False,1.0,1.0,1.0,1.0,0
257,0,3.574936568995213e-09,0.2624591667709957,0.26799595515702007,0.6198110294744031,0.01325033139437437,0.01325033139437437,False,True,False,1.0,1.0,1.25,8.4,1
257,2,3.3395168852479173e-09,0.25709991996282605,0.10329550755112615,0.6211044204911479,0.02230900526046753,0.02230900526046753,False,True,False,1.0,1.0,2.44140625,10.0,83
257,4,2.2329739834958673e-08,0.8209196293499714,0.2138881277426352,0.6169844581805689,0.0009027133346535265,0.0009027133346535265,False,False,False,1.0,1.0,1.0,1.0,0
257,6,9.439915515940811e-08,1.2074776764193274,0.17565907017871613,0.5831724606995611,0.00418628565967083,0.00418628565967083,False,False,False,1.0,1.0,1.0,1.0,0
257,8,5.273998340271646e-07,1.159967405784096,0.1290434657688569,0.5723808844464208,0.012702678330242634,0.012702678330242634,False,False,False,1.0,1.0,1.0,1.0,0
257,10,4.076993718626909e-06,1.3564830383583166,0.13691350733693539,0.5664287136032494,0.027495408430695534,0.027495408430695534,False,False,False,1.0,1.0,1.0,1.0,0
257,12,2.9767878004349768e-05,1.4135176865715924,0.14272967585835228,0.5676696651856263,0.031047705560922623,0.031047705560922623,False,False,False,1.0,1.0,1.0,1.0,0
257,14,0.00020855123875662684,1.2646974928378127,0.1359397418360371,0.5819036764223255,0.028933532536029816,0.028933532536029816,False,False,False,1.0,1.0,1.0,1.0,0
257,16,0.0015341347316280007,1.2485685954034669,0.14184764654237156,0.5912429573168387,0.035106316208839417,0.035106316208839417,False,False,False,1.0,1.0,1.0,1.0,0
257,18,0.010815359652042389,1.1555342520192133,0.15562792635974984,0.5895477953238375,0.031360164284706116,0.031360164284706116,False,False,False,1.0,1.0,1.0,1.0,0
257,20,0.06949497014284134,1.0520201294058575,0.12785958309083795,0.5835686420903341,0.026321204379200935,0.026321204379200935,False,False,False,1.0,1.0,1.0,1.0,0
257,22,0.5435256958007812,1.1473720877865534,1.0,0.5818516515492264,0.008596010506153107,0.008596010506153107,False,False,False,1.0,1.0,1.0,1.0,0
258,0,3.7245992956513874e-09,0.2745903997322154,0.30481687298622917,0.6227465979370199,0.015555777586996555,0.015555777586996555,False,True,False,1.0,1.0,1.25,8.82,2
258,2,2.21913754039349e-09,0.1708450963497115,0.09495907600286912,0.6239919013804605,0.02755514532327652,0.02755514532327652,False,True,False,1.0,1.0,1.953125,10.0,84
258,4,1.336940957941124e-08,0.49074763983012143,0.21252112626353406,0.6195350744316256,0.000743898912332952,0.000743898912332952,False,False,False,1.0,1.0,1.0,1.0,0
258,6,5.29086143785662e-08,0.6646189220711681,0.14106800699367902,0.5860025410378975,0.0022045373916625977,0.0022045373916625977,False,False,False,1.0,1.0,1.0,1.0,0
258,8,3.6505750244941737e-07,0.7755964214202656,0.15525734490587653,0.5787058746628333,0.007521188817918301,0.007521188817918301,False,False,False,1.0,1.0,1.0,1.0,0
258,10,2.3413058443111368e-06,0.7657496348930156,0.14341358826278272,0.5726294526801764,0.01547987014055252,0.01547987014055252,False,False,False,1.0,1.0,1.0,1.0,0
258,12,1.6315550965373404e-05,0.7642503937158505,0.1319871312444498,0.5727207904098119,0.01770668290555477,0.01770668290555477,False,False,False,1.0,1.0,1.0,1.0,0
258,14,0.00012360471009742469,0.7421355513264583,0.12958455789056458,0.5810462476021285,0.018544407561421394,0.018544407561421394,False,False,False,1.0,1.0,1.0,1.0,0
258,16,0.0009538437006995082,0.755482634065931,0.1281423835226969,0.5912770050722088,0.020275989547371864,0.020275989547371864,False,False,False,1.0,1.0,1.0,1.0,0
258,18,0.007443613838404417,0.7524651183811467,0.13607832630131783,0.5925758666810237,0.021128302440047264,0.021128302440047264,False,False,False,1.0,1.0,1.0,1.0,0
258,20,0.05470094084739685,0.8073909179937913,0.1380203101325242,0.5880858192271717,0.017972588539123535,0.017972588539123535,False,False,False,1.0,1.0,1.0,1.0,0
258,22,0.3963252902030945,0.8243230381350978,1.0,0.591728368855512,0.005954463966190815,0.005954463966190815,False,False,False,1.0,1.0,1.0,1.0,0
259,0,3.6202572051280413e-09,0.26557712233549674,0.2974206214299564,0.619535824501317,0.016188012436032295,0.016188012436032295,False,True,False,1.0,1.0,1.25,9.261000000000001,3
259,2,2.1721795473439443e-09,0.16722993383683898,0.09384627547711094,0.6206046013667974,0.0218273364007473,0.0218273364007473,False,True,False,1.0,1.0,1.5625,10.0,85
259,4,1.314614550551596e-08,0.48255234020434756,0.27807569942649124,0.6161665546880918,0.0007344964542426169,0.0007344964542426169,False,False,False,1.0,1.0,1.0,1.0,0
259,6,3.727542008391538e-08,0.46824037648504324,0.15080165790473024,0.5859842552742247,0.0018468585330992937,0.0018468585330992937,False,False,False,1.0,1.0,1.0,1.0,0
259,8,2.3718176578313432e-07,0.5039132945720732,0.12628914966473856,0.5788836154957246,0.005530425347387791,0.005530425347387791,False,False,False,1.0,1.0,1.0,1.0,0
259,10,1.8680850644159364e-06,0.610977612985235,0.1370327556689073,0.5728634573618058,0.01212848350405693,0.01212848350405693,False,False,False,1.0,1.0,1.0,1.0,0
259,12,1.3622398000734393e-05,0.6380981590821199,0.12589473447528418,0.5717591295219708,0.014224356040358543,0.014224356040358543,False,False,False,1.0,1.0,1.0,1.0,0
259,14,0.00010819466842804104,0.6507712911057814,0.12806433163793474,0.5680439026201096,0.015535264275968075,0.015535264275968075,False,False,False,1.0,1.0,1.0,1.0,0
259,16,0.0008448362350463867,0.6746526148659799,0.12043361437027152,0.5729341304768419,0.01501656323671341,0.01501656323671341,False,False,False,1.0,1.0,1.0,1.0,0
259,18,0.00701494375243783,0.7494903584088718,0.15155263473003866,0.5759464347822522,0.017174270004034042,0.017174270004034042,False,False,False,1.0,1.0,1.0,1.0,0
259,20,0.0462871678173542,0.6832028542186356,0.11565689717022652,0.5763527085903072,0.015927067026495934,0.015927067026495934,False,False,False,1.0,1.0,1.0,1.0,0
259,22,0.40021103620529175,0.8324050607289906,1.0,0.5761281428100756,0.005315651651471853,0.005315651651471853,False,False,False,1.0,1.0,1.0,1.0,0
260,0,3.3415674671744e-09,0.24574691358544135,0.26983168586967754,0.6167932181133,0.016744835302233696,0.016744835302233696,False,True,False,1.0,1.0,1.5625,10.0,4
260,2,2.3838957474708877e-09,0.18440384421888087,0.09603818678318181,0.6175208758652111,0.019387174397706985,0.019387174397706985,False,True,False,1.0,1.0,1.953125,10.0,86
260,4,1.4822373550771317e-08,0.5447654740837475,0.21495817485996324,0.6128317855137669,0.0007460480555891991,0.0007460480555891991,False,False,False,1.0,1.0,1.0,1.0,0
260,6,5.895468646599511e-08,0.7541006877421729,0.14452030907351993,0.5847467605047547,0.0026931706815958023,0.0026931706815958023,False,False,False,1.0,1.0,1.0,1.0,0
260,8,3.97933575868592e-07,0.898259930748347,0.1461278141628339,0.5741045520707287,0.009221439249813557,0.009221439249813557,False,False,False,1.0,1.0,1.0,1.0,0
260,10,2.713188450798043e-06,0.9027225370895945,0.15716598784511993,0.5684146740333186,0.019376520067453384,0.019376520067453384,False,False,False,1.0,1.0,1.0,1.0,0
260,12,1.7253203623113222e-05,0.8192625778608746,0.1245374845520915,0.5676318783192336,0.019442956894636154,0.019442956894636154,False,False,False,1.0,1.0,1.0,1.0,0
260,14,0.00013852823758497834,0.8332222034373402,0.1318913599635436,0.5647701183951787,0.021702829748392105,0.021702829748392105,False,False,False,1.0,1.0,1.0,1.0,0
260,16,0.0010503107914701104,0.838736423099041,0.12437278416097143,0.5665300542592043,0.022376546636223793,0.022376546636223793,False,False,False,1.0,1.0,1.0,1.0,0
260,18,0.008444850333034992,0.9022643838899078,0.14785450566220365,0.5735062971898718,0.02250516042113304,0.02250516042113304,False,False,False,1.0,1.0,1.0,1.0,0
260,20,0.057115938514471054,0.843036505677768,0.1296077682656407,0.5746519576110393,0.02182556502521038,0.02182556502521038,False,False,False,1.0,1.0,1.0,1.0,0
260,22,0.440682977437973,0.9165832708529341,1.0,0.5773759411351193,0.0072650848887860775,0.0072650848887860775,False,False,False,1.0,1.0,1.0,1.0,0
261,0,4.424296484728529e-09,0.32537341130757685,0.3481050700824099,0.6201401169193145,0.0004429042455740273,0.0004429042455740273,False,False,True,1.0,1.0,1.0,7.0,0
261,2,2.709658275534821e-09,0.2111492120194188,0.10238742450603665,0.6207158869818639,0.021629538387060165,0.021629538387060165,False,True,False,1.0,1.0,1.5625,10.0,87
261,4,1.646475666916558e-08,0.6121596190749626,0.19561816935759643,0.6159700107224378,0.0007464571390300989,0.0007464571390300989,False,False,False,1.0,1.0,1.0,1.0,0
261,6,7.416782921154663e-08,0.9486949107774765,0.1486933599095317,0.5849319900746681,0.0025837519206106663,0.0025837519206106663,False,False,False,1.0,1.0,1.0,1.0,0
261,8,4.887971840616956e-07,1.1033673741826626,0.15166498130735884,0.5775182070011687,0.009644621051847935,0.009644621051847935,False,False,False,1.0,1.0,1.0,1.0,0
261,10,3.2128743896464584e-06,1.0689762885872318,0.144448426690386,0.5719902036546635,0.01846400462090969,0.01846400462090969,False,False,False,1.0,1.0,1.0,1.0,0
261,12,2.2232363335206173e-05,1.0556963040498786,0.12123471410840692,0.570602449478242,0.02130974642932415,0.02130974642932415,False,False,False,1.0,1.0,1.0,1.0,0
261,14,0.00018337281653657556,1.1029542056462633,0.13780619615625123,0.5592610804938772,0.023020880296826363,0.023020880296826363,False,False,False,1.0,1.0,1.0,1.0,0
261,16,0.001330647268332541,1.0626019834430178,0.1257438606259053,0.559332066582937,0.022304149344563484,0.022304149344563484,False,False,False,1.0,1.0,1.0,1.0,0
261,18,0.010582194663584232,1.1306224470304458,0.14633867167083311,0.5612889730510422,0.023163732141256332,0.023163732141256332,False,False,False,1.0,1.0,1.0,1.0,0
261,20,0.07231303304433823,1.0673470186822585,0.12247084272847807,0.5671525163273978,0.021972110494971275,0.021972110494971275,False,False,False,1.0,1.0,1.0,1.0,0
261,22,0.5904510021209717,1.2280880780755992,1.0,0.5691351782903621,0.008274746127426624,0.008274746127426624,False,False,False,1.0,1.0,1.0,1.0,0
262,0,4.324056668281173e-09,0.31800153396190145,0.34271771973992177,0.6171065374880672,0.0003401456051506102,0.0003401456051506102,False,False,False,1.0,1.0,1.0,7.0,0
262,2,2.6169626465843976e-09,0.20454248053303212,0.09921646448152574,0.617775633943612,0.0192200168967247,0.0192200168967247,False,True,False,1.0,1.0,1.953125,10.0,88
262,4,1.637629409856345e-08,0.6163794927983509,0.244651550870018,0.6129829469488165,0.0007373533444479108,0.0007373533444479108,False,False,False,1.0,1.0,1.0,1.0,0
262,6,5.6937217607355706e-08,0.7222202369540518,0.16874052163222764,0.585131741309643,0.0019337083213031292,0.0019337083213031292,False,False,False,1.0,1.0,1.0,1.0,0
262,8,3.27424686474842e-07,0.7094652081468629,0.14184105138632178,0.5777478220256183,0.005643806420266628,0.005643806420266628,False,False,False,1.0,1.0,1.0,1.0,0
262,10,2.2983915641816566e-06,0.7517140511094221,0.12788611260983979,0.5722589433627612,0.010832400992512703,0.010832400992512703,False,False,False,1.0,1.0,1.0,1.0,0
262,12,1.796217475202866e-05,0.8278846257791144,0.13392476632121525,0.5715687480575021,0.01461394876241684,0.01461394876241684,False,False,False,1.0,1.0,1.0,1.0,0
262,14,0.00013411138206720352,0.7714924344698234,0.15104451936784993,0.5737727349065184,0.01655510999262333,0.01655510999262333,False,False,False,1.0,1.0,1.0,1.0,0
262,16,0.0008878830703906715,0.709028105430885,0.11857347969518171,0.5791581197855403,0.01611228659749031,0.01611228659749031,False,False,False,1.0,1.0,1.0,1.0,0
262,18,0.007488030940294266,0.8000359220653079,0.14520062446409307,0.5752567524390696,0.016616152599453926,0.016616152599453926,False,False,False,1.0,1.0,1.0,1.0,0
262,20,0.05157022923231125,0.7593880145547102,0.12087742022880857,0.5751662491270922,0.015236835926771164,0.015236835926771164,False,False,False,1.0,1.0,1.0,1.0,0
262,22,0.42663243412971497,0.8738178475874685,1.0,0.5709426971434336,0.004938864149153233,0.004938864149153233,False,False,False,1.0,1.0,1.0,1.0,0
263,0,5.161543636944543e-09,0.37959234119198304,0.36901003505206664,0.6204452530346918,0.00036902897409163415,0.00036902897409163415,False,False,False,1.0,1.0,1.0,7.0,0
263,2,3.98754274044677e-09,0.31270639713316983,0.10915515189434674,0.6210480922610991,0.000506314798258245,0.000506314798258245,False,False,True,1.0,1.0,1.0,7.0,0
263,4,2.653096231597374e-08,1.0016198939305938,0.26135906328461633,0.616347170832778,0.0009227895061485469,0.0009227895061485469,False,False,False,1.0,1.0,1.0,1.0,0
263,6,9.151154500841585e-08,1.191093987516781,0.17723826746855512,0.5861629825145472,0.0032917074859142303,0.0032917074859142303,False,False,False,1.0,1.0,1.0,1.0,0
263,8,5.063193384557962e-07,1.1803640613094872,0.14909639451191675,0.5813566933445163,0.01053718663752079,0.01053718663752079,False,False,False,1.0,1.0,1.0,1.0,0
263,10,3.3859193990792846e-06,1.1265512166759706,0.15126976714539261,0.5732139524127678,0.018874604254961014,0.018874604254961014,False,False,False,1.0,1.0,1.0,1.0,0
263,12,2.2373318643076345e-05,1.062389519490412,0.1346287308364218,0.5733666346797215,0.022541282698512077,0.022541282698512077,False,False,False,1.0,1.0,1.0,1.0,0
263,14,0.00016617531946394593,1.0004633534412593,0.12710425086145974,0.5831542540625576,0.025289231911301613,0.025289231911301613,False,False,False,1.0,1.0,1.0,1.0,0
263,16,0.0013073838781565428,1.1096940792801613,0.11939958839779728,0.5918737291879003,0.025558827444911003,0.025558827444911003,False,False,False,1.0,1.0,1.0,1.0,0
263,18,0.010949641466140747,1.224213008491125,0.15942823609894635,0.5960049884797848,0.027142709121108055,0.027142709121108055,False,False,False,1.0,1.0,1.0,1.0,0
263,20,0.06868068128824234,1.0575764411010107,0.13391519331008483,0.593514280538736,0.024649176746606827,0.024649176746606827,False,False,False,1.0,1.0,1.0,1.0,0
263,22,0.5128669738769531,1.1038901799309242,1.0,0.5975265770401516,0.008101647719740868,0.008101647719740868,False,False,False,1.0,1.0,1.0,1.0,0
264,0,4.2442018788335645e-09,0.3108321455322261,0.32910491255883145,0.6230359914826026,0.00035552226472646,0.00035552226472646,False,False,False,1.0,1.0,1.0,7.0,0
264,2,2.896197281998525e-09,0.2263675322023359,0.09863229167643175,0.6236175078119172,0.013896889984607697,0.013896889984607697,False,True,False,1.0,1.0,1.25,8.4,1
264,4,1.9363580960884974e-08,0.7288165527313696,0.22862439681770708,0.6181295921072617,0.0008229083032347262,0.0008229083032347262,False,False,False,1.0,1.0,1.0,1.0,0
264,6,7.469603957588333e-08,0.9474820454706289,0.1703510536467095,0.5921327283213592,0.0031735249795019627,0.0031735249795019627,False,False,False,1.0,1.0,1.0,1.0,0
264,8,4.2848299131037493e-07,0.9284387743951104,0.13500311252085054,0.5844631003992181,0.01014216523617506,0.01014216523617506,False,False,False,1.0,1.0,1.0,1.0,0
264,10,3.163874907841091e-06,1.0526733530066215,0.1177006825710513,0.5794404543867783,0.022672969847917557,0.022672969847917557,False,False,False,1.0,1.0,1.0,1.0,0
264,12,2.687068445084151e-05,1.2759454239902046,0.13124444226905443,0.5758594191981725,0.02928808331489563,0.02928808331489563,False,False,False,1.0,1.0,1.0,1.0,0
264,14,0.000204727693926543,1.2389893442681483,0.14836488896269726,0.5786563719405187,0.028845161199569702,0.028845161199569702,False,False,False,1.0,1.0,1.0,1.0,0
264,16,0.001379883149638772,1.1712307202470018,0.1339967658546705,0.5890062108448909,0.029758956283330917,0.029758956283330917,False,False,False,1.0,1.0,1.0,1.0,0
264,18,0.010297873988747597,1.1513428394720324,0.15659550649390425,0.5957921850663994,0.028242524713277817,0.028242524713277817,False,False,False,1.0,1.0,1.0,1.0,0
264,20,0.06576097011566162,1.012617397407462,0.13651584529431854,0.594238150194522,0.025605499744415283,0.025605499744415283,False,False,False,1.0,1.0,1.0,1.0,0
264,22,0.48170942068099976,1.036826947639542,1.0,0.5970122251066189,0.008280590176582336,0.008280590176582336,False,False,False,1.0,1.0,1.0,1.0,0
265,0,3.290206551653796e-09,0.24004731123934123,0.2560969202897787,0.6256521837881434,0.013026352971792221,0.013026352971792221,False,True,False,1.0,1.0,1.25,7.3500000000000005,1
265,2,2.8475053426291197e-09,0.22189089847447716,0.1006478081755895,0.6262678958598245,0.016682881861925125,0.016682881861925125,False,True,False,1.0,1.0,1.25,8.82,2
265,4,1.8291776981982366e-08,0.6686131538837139,0.24068904468817107,0.6209829052408827,0.0008230205276049674,0.0008230205276049674,False,False,False,1.0,1.0,1.0,1.0,0
265,6,6.599754698299876e-08,0.8153186248447241,0.166444900659263,0.5918714333235694,0.002756517380475998,0.002756517380475998,False,False,False,1.0,1.0,1.0,1.0,0
265,8,3.8651288036817277e-07,0.8333009787094317,0.1398144620422261,0.5840164936463637,0.008464024402201176,0.008464024402201176,False,False,False,1.0,1.0,1.0,1.0,0
265,10,2.7544699605641654e-06,0.8935046817845235,0.13836125828105353,0.5789969165947622,0.018148766830563545,0.018148766830563545,False,False,False,1.0,1.0,1.0,1.0,0
265,12,1.9897812308045104e-05,0.9170990219103895,0.13727765118300092,0.5821665511374329,0.02216346375644207,0.02216346375644207,False,False,False,1.0,1.0,1.0,1.0,0
265,14,0.00014493575145024806,0.8676396484469776,0.12616080529010762,0.5847348421144087,0.01984109729528427,0.01984109729528427,False,False,False,1.0,1.0,1.0,1.0,0
265,16,0.0011488075833767653,0.9173920435129622,0.12512843893783546,0.5899091090002444,0.02312249317765236,0.02312249317765236,False,False,False,1.0,1.0,1.0,1.0,0
265,18,0.009181017056107521,0.9809178814225958,0.1513064637303901,0.5917400932986415,0.02333039976656437,0.02333039976656437,False,False,False,1.0,1.0,1.0,1.0,0
265,20,0.06067827716469765,0.9187657785413887,0.1436100437774214,0.5941161073215233,0.021993616595864296,0.021993616595864296,False,False,False,1.0,1.0,1.0,1.0,0
265,22,0.42252111434936523,0.8809702866727855,1.0,0.5936006784008694,0.006861882749944925,0.006861882749944925,False,False,False,1.0,1.0,1.0,1.0,0
266,0,3.2207592148836284e-09,0.23498056354350663,0.24421327623540964,0.6221669425416966,0.013567615300416946,0.013567615300416946,False,True,False,1.0,1.0,1.25,7.717500000000001,2
266,2,3.188305175427786e-09,0.24865139421817523,0.10431370838293466,0.6227612508736707,0.017551127821207047,0.017551127821207047,False,True,False,1.0,1.0,1.25,9.261000000000001,3
266,4,2.056458470178768e-08,0.7516903278076655,0.34134891769847847,0.6174489855388868,0.0008763349615037441,0.0008763349615037441,False,False,False,1.0,1.0,1.0,1.0,0
266,6,5.024505611572749e-08,0.6207159497621006,0.1458413921704033,0.5850502148494177,0.0021330448798835278,0.0021330448798835278,False,False,False,1.0,1.0,1.0,1.0,0
266,8,3.34518489353286e-07,0.7212038685721578,0.14385211594550745,0.5771522343033998,0.006786877289414406,0.006786877289414406,False,False,False,1.0,1.0,1.0,1.0,0
266,10,2.315433221156127e-06,0.7510883956195628,0.14673172357101893,0.5753620474053135,0.014452640898525715,0.014452640898525715,False,False,False,1.0,1.0,1.0,1.0,0
266,12,1.577004513819702e-05,0.7488352954690483,0.11982657047396443,0.581013416440383,0.019747305661439896,0.019747305661439896,False,False,False,1.0,1.0,1.0,1.0,0
266,14,0.00013159724767319858,0.7964119776614661,0.12395325204776236,0.5764538739614401,0.02077181078493595,0.02077181078493595,False,False,False,1.0,1.0,1.0,1.0,0
266,16,0.0010616583749651909,0.8477981519404248,0.13236230252785733,0.5757582243771052,0.02155539207160473,0.02155539207160473,False,False,False,1.0,1.0,1.0,1.0,0
266,18,0.008020841516554356,0.847768253730653,0.1421539920625272,0.5798241422987206,0.022492315620183945,0.022492315620183945,False,False,False,1.0,1.0,1.0,1.0,0
266,20,0.056423600763082504,0.8543431999971535,0.14367213489741773,0.5810260883833407,0.020856237038969994,0.020856237038969994,False,False,False,1.0,1.0,1.0,1.0,0
266,22,0.3927247226238251,0.8188438393337327,1.0,0.5854496590675202,0.006894067395478487,0.006894067395478487,False,False,False,1.0,1.0,1.0,1.0,0
267,0,4.551850896206133e-09,0.33292190771426344,0.35791942171628494,0.6189204946964058,0.00037778899422846735,0.00037778899422846735,False,False,True,1.0,1.0,1.0,5.40225,0
267,2,2.7175297567794132e-09,0.21193628767419243,0.10127408051465933,0.6195794681562403,0.018163546919822693,0.018163546919822693,False,True,False,1.0,1.0,1.25,9.724050000000002,4
267,4,1.683341821490103e-08,0.6153062578006991,0.21688282006310622,0.6141886236514522,0.0007865905063226819,0.0007865905063226819,False,False,False,1.0,1.0,1.0,1.0,0
267,6,6.76152680512132e-08,0.8576659866032897,0.16490622086690682,0.5779856980258306,0.002233139704912901,0.002233139704912901,False,False,False,1.0,1.0,1.0,1.0,0
267,8,4.000225430900173e-07,0.9171491091512354,0.14031031809520925,0.5700606195933406,0.007048948667943478,0.007048948667943478,False,False,False,1.0,1.0,1.0,1.0,0
267,10,2.840984507201938e-06,0.9526887456094308,0.11839999204901851,0.5715936783868705,0.01473204419016838,0.01473204419016838,False,False,False,1.0,1.0,1.0,1.0,0
267,12,2.39848031924339e-05,1.1658932836754787,0.12845243020702274,0.5776396781609316,0.021069645881652832,0.021069645881652832,False,False,False,1.0,1.0,1.0,1.0,0
267,14,0.00018671128782443702,1.1422524402315724,0.14515356742923127,0.578782746845243,0.022610196843743324,0.022610196843743324,False,False,False,1.0,1.0,1.0,1.0,0
267,16,0.0012862917501479387,1.086751165212074,0.1360924398832657,0.5830934497829448,0.022593382745981216,0.022593382745981216,False,False,False,1.0,1.0,1.0,1.0,0
267,18,0.009451593272387981,1.0409793592780057,0.15017702651678067,0.5852990717496139,0.019637180492281914,0.019637180492281914,False,False,False,1.0,1.0,1.0,1.0,0
267,20,0.06293633580207825,0.9733530758104947,0.13967570056232997,0.5874219285398516,0.01947700046002865,0.01947700046002865,False,False,False,1.0,1.0,1.0,1.0,0
267,22,0.45058900117874146,0.9698436415705577,1.0,0.5850205231803303,0.006004631984978914,0.006004631984978914,False,False,False,1.0,1.0,1.0,1.0,0
268,0,4.652181306852299e-09,0.33572494674886594,0.36504313913427705,0.6161620026065083,0.00029387036920525134,0.00029387036920525134,False,False,False,1.0,1.0,1.0,5.40225,0
268,2,2.74419598156328e-09,0.2144870710593958,0.10106457824331455,0.6167048763835846,0.018944377079606056,0.018944377079606056,False,True,False,1.0,1.0,1.5625,10.0,5
268,4,1.7152895992467165e-08,0.6417201464720974,0.2503936326755466,0.6112700382374237,0.000805992225650698,0.000805992225650698,False,False,False,1.0,1.0,1.0,1.0,0
268,6,5.850372275517657e-08,0.7547748117859865,0.16274987447752615,0.5718013339502828,0.0022016705479472876,0.0022016705479472876,False,False,False,1.0,1.0,1.0,1.0,0
268,8,3.4947015592479147e-07,0.8282687564686845,0.14146228929720095,0.563759464259861,0.006593278143554926,0.006593278143554926,False,False,False,1.0,1.0,1.0,1.0,0
268,10,2.4604121335869422e-06,0.8325509297791207,0.1610450350908018,0.5653435607507813,0.014766989275813103,0.014766989275813103,False,False,False,1.0,1.0,1.0,1.0,0
268,12,1.5267789422068745e-05,0.7421621516317775,0.12850040208300054,0.5712076841307991,0.017531221732497215,0.017531221732497215,False,False,False,1.0,1.0,1.0,1.0,0
268,14,0.00011880511010531336,0.7268196181977891,0.140643401240609,0.5708187717326868,0.017275633290410042,0.017275633290410042,False,False,False,1.0,1.0,1.0,1.0,0
268,16,0.0008447158033959568,0.6938349661112334,0.1178274721666285,0.5795870868297488,0.018118467181921005,0.018118467181921005,False,False,False,1.0,1.0,1.0,1.0,0
268,18,0.0071690804325044155,0.7695188823169536,0.14415981972588937,0.5880457773725497,0.01957562565803528,0.01957562565803528,False,False,False,1.0,1.0,1.0,1.0,0
268,20,0.049730077385902405,0.7862836973357674,0.1258429236734097,0.5887768787842141,0.019959906116127968,0.019959906116127968,False,False,False,1.0,1.0,1.0,1.0,0
268,22,0.3951757848262787,0.8759492590347542,1.0,0.589115215813095,0.0067754220217466354,0.0067754220217466354,False,False,False,1.0,1.0,1.0,1.0,0
269,0,4.269810727208778e-09,0.3048723197682984,0.32213321243900495,0.6194627810772411,0.0003029200015589595,0.0003029200015589595,False,False,False,1.0,1.0,1.0,5.40225,0
269,2,3.254798208729426e-09,0.2548638039997426,0.10726846291371504,0.6200225556172615,0.019773690029978752,0.019773690029978752,False,True,False,1.0,1.0,1.953125,10.0,6
269,4,2.0342545425933167e-08,0.7536186059227864,0.3148475795387002,0.6146908552557478,0.0008805590914562345,0.0008805590914562345,False,False,False,1.0,1.0,1.0,1.0,0
269,6,5.46107727927847e-08,0.7045506476340293,0.16038775572644648,0.5755262778076939,0.00218829489313066,0.00218829489313066,False,False,False,1.0,1.0,1.0,1.0,0
269,8,3.3049215630853723e-07,0.7832895676139976,0.14761461749118607,0.5670653819115848,0.0067582568153738976,0.0067582568153738976,False,False,False,1.0,1.0,1.0,1.0,0
269,10,2.2288850232143886e-06,0.765485027761143,0.1269146381964313,0.568499168357175,0.01522705890238285,0.01522705890238285,False,False,False,1.0,1.0,1.0,1.0,0
269,12,1.755207995302044e-05,0.8679270269942541,0.12684549209700133,0.5741883896916373,0.01994757540524006,0.01994757540524006,False,False,False,1.0,1.0,1.0,1.0,0
269,14,0.0001383636990794912,0.8696339286439879,0.13739061254275348,0.571107054953812,0.020856186747550964,0.020856186747550964,False,False,False,1.0,1.0,1.0,1.0,0
269,16,0.001007072627544403,0.8271920563042781,0.11628054351768591,0.5790340583336848,0.022555150091648102,0.022555150091648102,False,False,False,1.0,1.0,1.0,1.0,0
269,18,0.008660704828798771,0.9538725063336378,0.1465380541191852,0.576401602333751,0.023953435942530632,0.023953435942530632,False,False,False,1.0,1.0,1.0,1.0,0
269,20,0.059102077037096024,0.9562310807164874,0.13703154687181168,0.5763903612547917,0.02143542841076851,0.02143542841076851,False,False,False,1.0,1.0,1.0,1.0,0
269,22,0.4313026964664459,0.9678362994368563,1.0,0.5787389528135054,0.007197568193078041,0.007197568193078041,False,False,False,1.0,1.0,1.0,1.0,0
270,0,5.6675006909756576e-09,0.40329128657198493,0.4366154908493337,0.6224898087585045,0.00031649775337427855,0.00031649775337427855,False,False,False,1.0,1.0,1.0,3.781575,0
270,2,2.9805304890828666e-09,0.2333875373126154,0.10868473810526097,0.6229814932237877,0.021959595382213593,0.021959595382213593,False,True,False,1.0,1.0,1.5625,10.0,7
270,4,1.7423634091073836e-08,0.645483372846958,0.20403712135209068,0.617664046112139,0.0007994745392352343,0.0007994745392352343,False,False,False,1.0,1.0,1.0,1.0,0
270,6,7.539443203086194e-08,0.9829445134700813,0.14588004518641032,0.5787989687310232,0.0025190263986587524,0.0025190263986587524,False,False,False,1.0,1.0,1.0,1.0,0
270,8,5.068248469797254e-07,1.2392470335083392,0.11888726435796997,0.5744407420227615,0.009851207956671715,0.009851207956671715,False,False,False,1.0,1.0,1.0,1.0,0
270,10,4.253070983395446e-06,1.5147735620719476,0.1409671024159459,0.5754206823405703,0.026514137163758278,0.026514137163758278,False,False,False,1.0,1.0,1.0,1.0,0
270,12,3.0160663300193846e-05,1.5045785167969516,0.12418727257048455,0.5804860617844857,0.03240342065691948,0.03240342065691948,False,False,False,1.0,1.0,1.0,1.0,0
270,14,0.00024285436666104943,1.6161772320005126,0.12265897500891829,0.5755626790038202,0.034550826996564865,0.034550826996564865,False,False,False,1.0,1.0,1.0,1.0,0
270,16,0.001979905180633068,1.7913754875133048,0.13824760033363598,0.5813129502484017,0.037108443677425385,0.037108443677425385,False,False,False,1.0,1.0,1.0,1.0,0
270,18,0.014321433380246162,1.6238623332543585,0.15542231931663103,0.5781430088379274,0.03185861185193062,0.03185861185193062,False,False,False,1.0,1.0,1.0,1.0,0
270,20,0.09214527159929276,1.5385704413321646,0.14594140470225783,0.5804434931306796,0.030505742877721786,0.030505742877721786,False,False,False,1.0,1.0,1.0,1.0,0
270,22,0.6313853859901428,1.4481553777861658,1.0,0.5821651297314423,0.009194367565214634,0.009194367565214634,False,False,False,1.0,1.0,1.0,1.0,0
271,0,5.0932671413761454e-09,0.36242964408828227,0.3842461067306625,0.6189469992796994,0.00026750171673484147,0.00026750171673484147,False,False,False,1.0,1.0,1.0,3.781575,0
271,2,3.255221203701808e-09,0.2538700802630724,0.10468509831235485,0.619790192623674,0.019777312874794006,0.019777312874794006,False,True,False,1.0,1.0,1.953125,10.0,8
271,4,2.1095363678114154e-08,0.7730562439870474,0.2531818649241406,0.6145929927826932,0.0008800078649073839,0.0008800078649073839,False,False,False,1.0,1.0,1.0,1.0,0
271,6,7.332099016821303e-08,0.9546207476489941,0.14878031380693083,0.5722711742456329,0.00236223335377872,0.00236223335377872,False,False,False,1.0,1.0,1.0,1.0,0
271,8,4.828137889489881e-07,1.1805371407055143,0.1367407788793864,0.5678538590838546,0.00853078905493021,0.00853078905493021,False,False,False,1.0,1.0,1.0,1.0,0
271,10,3.5208690860599745e-06,1.2539925686408848,0.13890334929835954,0.5711530546229587,0.02006027102470398,0.02006027102470398,False,False,False,1.0,1.0,1.0,1.0,0
271,12,2.533761835366022e-05,1.2615269391942454,0.1340576940922457,0.5763477737390246,0.027318105101585388,0.027318105101585388,False,False,False,1.0,1.0,1.0,1.0,0
271,14,0.00018899532733485103,1.2577494454501006,0.13394683829601103,0.5693521734048383,0.027851561084389687,0.027851561084389687,False,False,False,1.0,1.0,1.0,1.0,0
271,16,0.0014109626645222306,1.2766085748679148,0.11324024581533788,0.5739316013244447,0.02609047293663025,0.02609047293663025,False,False,False,1.0,1.0,1.0,1.0,0
271,18,0.012459894642233849,1.3967128010942291,0.1391346067998166,0.5684141894184978,0.027342742308974266,0.027342742308974266,False,False,False,1.0,1.0,1.0,1.0,0
271,20,0.08955279737710953,1.495283312877954,0.1426596870666992,0.565528431491374,0.027913516387343407,0.027913516387343407,False,False,False,1.0,1.0,1.0,1.0,0
271,22,0.6277372241020203,1.4397878967285638,1.0,0.5736059664546429,0.009068281389772892,0.009068281389772892,False,False,False,1.0,1.0,1.0,1.0,0
272,0,4.213267068564619e-09,0.29744628350920266,0.33458018866334527,0.6218248187014486,0.007427643984556198,0.007427643984556198,False,True,False,1.0,1.0,1.25,4.53789,1
272,2,2.5926973901135852e-09,0.20142381443089605,0.10143833137231618,0.6228196438869973,0.022029651328921318,0.022029651328921318,False,True,False,1.0,1.0,2.44140625,10.0,9
272,4,1.5559345811766434e-08,0.5585293372910565,0.2850158252397846,0.6179727146632821,0.000811903621070087,0.000811903621070087,False,False,False,1.0,1.0,1.0,1.0,0
272,6,4.459116453858769e-08,0.5648731449235146,0.15314798894357917,0.5731505893563706,0.001748079783283174,0.001748079783283174,False,False,False,1.0,1.0,1.0,1.0,0
272,8,2.811638921684789e-07,0.6663781252336713,0.13477066692147996,0.5687584351609436,0.005717988591641188,0.005717988591641188,False,False,False,1.0,1.0,1.0,1.0,0
272,10,2.0762395251949783e-06,0.7130606801290298,0.12766368635474626,0.5782858141920472,0.014280164614319801,0.014280164614319801,False,False,False,1.0,1.0,1.0,1.0,0
272,12,1.6253352441708557e-05,0.7900700413074975,0.13395893240683385,0.5836966468664188,0.018511107191443443,0.018511107191443443,False,False,False,1.0,1.0,1.0,1.0,0
272,14,0.00012132085976190865,0.7540868217361207,0.15027083952625012,0.5763882266176312,0.01970391534268856,0.01970391534268856,False,False,False,1.0,1.0,1.0,1.0,0
272,16,0.0008073379867710173,0.6630787868637543,0.11811185822014417,0.5826555371303239,0.01860043592751026,0.01860043592751026,False,False,False,1.0,1.0,1.0,1.0,0
272,18,0.006835357751697302,0.7336975650983384,0.13869222881429163,0.5761579719222634,0.017664046958088875,0.017664046958088875,False,False,False,1.0,1.0,1.0,1.0,0
272,20,0.049284350126981735,0.7973869912347347,0.1296747773821702,0.5692931276022178,0.017444169148802757,0.017444169148802757,False,False,False,1.0,1.0,1.0,1.0,0
272,22,0.38006117939949036,0.8528511610133802,1.0,0.5731238457654619,0.005627440754324198,0.005627440754324198,False,False,False,1.0,1.0,1.0,1.0,0
273,0,4.059132141520649e-09,0.2852771024031474,0.3155819023326863,0.6245224178136473,0.008796836249530315,0.008796836249530315,False,True,False,1.0,1.0,1.25,4.7647845,2
273,2,2.86237300528569e-09,0.22237461697117403,0.09800425302390223,0.6254958563410203,0.0275890976190567,0.0275890976190567,False,True,False,1.0,1.0,1.953125,10.0,10
273,4,1.920662029419873e-08,0.6894544947003717,0.272343971151817,0.6205869133292111,0.0008658290025778115,0.0008658290025778115,False,False,False,1.0,1.0,1.0,1.0,0
273,6,6.052339074358315e-08,0.7879992399085148,0.15664174964247068,0.575126153043103,0.0020938909146934748,0.0020938909146934748,False,False,False,1.0,1.0,1.0,1.0,0
273,8,3.763809672818752e-07,0.9202962324215367,0.14307413036447889,0.5739018997220232,0.007283822633326054,0.007283822633326054,False,False,False,1.0,1.0,1.0,1.0,0
273,10,2.6206710117548937e-06,0.9333780646956003,0.14401311021870558,0.5803195833262815,0.01800397038459778,0.01800397038459778,False,False,False,1.0,1.0,1.0,1.0,0
273,12,1.8187447494710796e-05,0.8917613664615511,0.1450355537804203,0.5869069242323399,0.020360514521598816,0.020360514521598816,False,False,False,1.0,1.0,1.0,1.0,0
273,14,0.0001253899245057255,0.8344603553752751,0.16248089051810713,0.5952755960183029,0.019971512258052826,0.019971512258052826,False,False,False,1.0,1.0,1.0,1.0,0
273,16,0.000771711056586355,0.6982275129810831,0.12251750406842817,0.602327339380049,0.01720566302537918,0.01720566302537918,False,False,False,1.0,1.0,1.0,1.0,0
273,18,0.006298772059381008,0.7060714250899041,0.1500795791070777,0.597979899022674,0.01611444726586342,0.01611444726586342,False,False,False,1.0,1.0,1.0,1.0,0
273,20,0.04196953773498535,0.700774864240771,0.11219226997980687,0.6003565945021637,0.014803010039031506,0.014803010039031506,False,False,False,1.0,1.0,1.0,1.0,0
273,22,0.37408581376075745,0.8580090622490468,1.0,0.6034342120230074,0.005668750032782555,0.005668750032782555,False,False,False,1.0,1.0,1.0,1.0,0
274,0,5.924130075385392e-09,0.416349752420763,0.45006340511996107,0.6212680465023164,0.00032472802558913827,0.00032472802558913827,False,False,True,1.0,1.0,1.0,3.33534915,0
274,2,3.1628788477178205e-09,0.2455787578613541,0.1089260285287192,0.62205814827666,0.02214270830154419,0.02214270830154419,False,True,False,1.0,1.0,1.5625,10.0,11
274,4,1.9036942688899217e-08,0.6662335481609059,0.30708921615786783,0.6172198193639692,0.0008757244795560837,0.0008757244795560837,False,False,False,1.0,1.0,1.0,1.0,0
274,6,5.199157016022582e-08,0.6769170937808345,0.1571757940901329,0.572083896256138,0.0017858213977888227,0.0017858213977888227,False,False,False,1.0,1.0,1.0,1.0,0
274,8,3.2078611411634483e-07,0.7843602038817377,0.13736206649361984,0.5709703238489499,0.005583813413977623,0.005583813413977623,False,False,False,1.0,1.0,1.0,1.0,0
274,10,2.3253326162375743e-06,0.8281903555929357,0.14980475764845336,0.5771892174333921,0.013992237858474255,0.013992237858474255,False,False,False,1.0,1.0,1.0,1.0,0
274,12,1.551242166897282e-05,0.7606003178111688,0.12488608019124435,0.5835246613999544,0.017834434285759926,0.017834434285759926,False,False,False,1.0,1.0,1.0,1.0,0
274,14,0.00012420257553458214,0.8265586388033864,0.13731293017305388,0.5863041782265078,0.018349692225456238,0.018349692225456238,False,False,False,1.0,1.0,1.0,1.0,0
274,16,0.0009045120677910745,0.8183830025046004,0.12151413392637381,0.5882074173698839,0.017516395077109337,0.017516395077109337,False,False,False,1.0,1.0,1.0,1.0,0
274,18,0.007443667855113745,0.8344104407665396,0.16037414281652557,0.59013613295259,0.018943585455417633,0.018943585455417633,False,False,False,1.0,1.0,1.0,1.0,0
274,20,0.04641437903046608,0.7749913846866415,0.13995930453486377,0.5897091225337644,0.016257980838418007,0.016257980838418007,False,False,False,1.0,1.0,1.0,1.0,0
274,22,0.33162766695022583,0.7606263939155327,1.0,0.5929135513507112,0.005179665982723236,0.005179665982723236,False,False,False,1.0,1.0,1.0,1.0,0
275,0,5.030320604504368e-09,0.3528314779126108,0.3868412005576369,0.617785868239249,0.0002677802403923124,0.0002677802403923124,False,False,False,1.0,1.0,1.0,2.334744405,0
275,2,3.0035802733863193e-09,0.23321016965518807,0.10810051356317427,0.6189671428827701,0.019718552008271217,0.019718552008271217,False,True,False,1.0,1.0,1.25,10.0,12
275,4,1.7785069417186605e-08,0.622421892828916,0.2230392841762886,0.6141577341394651,0.0008224546327255666,0.0008224546327255666,False,False,False,1.0,1.0,1.0,1.0,0
275,6,6.973962740630668e-08,0.9519407736312144,0.15953424712445216,0.5719721466608519,0.0023001248482614756,0.0023001248482614756,False,False,False,1.0,1.0,1.0,1.0,0
275,8,4.271451814474858e-07,1.0619605024943224,0.14550186855737657,0.5712393469585744,0.008062255568802357,0.008062255568802357,False,False,False,1.0,1.0,1.0,1.0,0
275,10,2.925668013631366e-06,1.0662719121050845,0.1364246810032269,0.576895175101505,0.018989762291312218,0.018989762291312218,False,False,False,1.0,1.0,1.0,1.0,0
275,12,2.143529854947701e-05,1.1250572052484333,0.133541164273573,0.5833593296216618,0.02551022171974182,0.02551022171974182,False,False,False,1.0,1.0,1.0,1.0,0
275,14,0.00016050453996285796,1.1323711120977156,0.1228743235871634,0.5929876281867785,0.025654148310422897,0.025654148310422897,False,False,False,1.0,1.0,1.0,1.0,0
275,16,0.0013062396319583058,1.236975693547736,0.12933906096686767,0.5988750652537387,0.02837422490119934,0.02837422490119934,False,False,False,1.0,1.0,1.0,1.0,0
275,18,0.010099333710968494,1.1808236338643896,0.1651234626905229,0.5952337426502061,0.025652626529335976,0.025652626529335976,False,False,False,1.0,1.0,1.0,1.0,0
275,20,0.0611623078584671,1.0525441695549704,0.11340320734400396,0.588901410931102,0.02219860441982746,0.02219860441982746,False,False,False,1.0,1.0,1.0,1.0,0
275,22,0.5393348932266235,1.2572859215567778,1.0,0.5890953332780814,0.008233398199081421,0.008233398199081421,False,False,False,1.0,1.0,1.0,1.0,0
276,0,5.78264991446531e-09,0.4044678416167933,0.41172675348699894,0.6150571542688137,0.00023535953368991613,0.00023535953368991613,False,False,False,0.9,1.0,1.0,1.6343210835,0
276,2,4.044872881081574e-09,0.31406035629844997,0.10836333353769145,0.6161611244578072,0.0005135364481247962,0.0005135364481247962,False,False,True,0.9,1.0,1.0,7.0,0
276,4,2.732695136842267e-08,0.9746251126143085,0.21089027966183657,0.611319298212743,0.0009808239992707968,0.0009808239992707968,False,False,False,0.9,1.0,1.0,1.0,0
276,6,1.1957899914705195e-07,1.632244524263072,0.14114544703977325,0.5722842555439549,0.0039449771866202354,0.0039449771866202354,False,False,False,0.9,1.0,1.0,1.0,0
276,8,8.372040838366956e-07,2.0814414119074436,0.1523143037648767,0.5715551288353353,0.01672189123928547,0.01672189123928547,False,False,False,0.9,1.0,1.0,1.0,0
276,10,5.486555892275646e-06,1.9995981823197015,0.15186368370988063,0.5772156438796657,0.03794551640748978,0.03794551640748978,False,False,False,0.9,1.0,1.0,1.0,0
276,12,3.611816282500513e-05,1.8957048455758299,0.12705723199809194,0.5840805224343805,0.0477384477853775,0.0477384477853775,False,False,False,0.9,1.0,1.0,1.0,0
276,14,0.00028425687924027443,2.0054527961715114,0.11420266580341515,0.5911400161578771,0.04789882153272629,0.04789882153272629,False,False,False,0.9,1.0,1.0,1.0,0
276,16,0.0024890464264899492,2.2520355011501056,0.14445576442870556,0.5890014987776386,0.050119128078222275,0.050119128078222275,False,False,False,0.9,1.0,1.0,1.0,0
276,18,0.017230499535799026,1.9314817630419412,0.15497768903667722,0.5878964934649166,0.04527246952056885,0.04527246952056885,False,False,False,0.9,1.0,1.0,1.0,0
276,20,0.11118050664663315,1.8564060663114585,0.14033391791067643,0.5882024160854771,0.041151389479637146,0.041151389479637146,False,False,False,0.9,1.0,1.0,1.0,0
276,22,0.7922568321228027,1.8171326379802843,1.0,0.5883397317409034,0.01289377175271511,0.01289377175271511,False,False,False,0.9,1.0,1.0,1.0,0
277,0,5.9544049690885e-09,0.4164812605955972,0.45010808427433413,0.612348576977241,0.00019695049559231848,0.00019695049559231848,False,False,False,0.9720000000000001,1.0,1.0,1.6343210835,0
277,2,3.2288336448971222e-09,0.2506997561499789,0.10474414727383811,0.613481469278147,0.013813669793307781,0.013813669793307781,False,True,False,0.9720000000000001,1.0,1.25,8.4,1
277,4,2.082590988550237e-08,0.7427632337688304,0.1904310806923534,0.6081350834050854,0.0008568728808313608,0.0008568728808313608,False,False,False,0.9720000000000001,1.0,1.0,1.0,0
277,6,9.936192668646981e-08,1.356282975364053,0.16334031078086436,0.5693509325019385,0.003113510785624385,0.003113510785624385,False,False,False,0.9720000000000001,1.0,1.0,1.0,0
277,8,5.983123401165358e-07,1.487513147650539,0.13937226125790822,0.5663137846482086,0.01142058428376913,0.01142058428376913,False,False,False,0.9720000000000001,1.0,1.0,1.0,0
277,10,4.28290832132916e-06,1.5609238040259172,0.1445091617974614,0.572935495322133,0.026302509009838104,0.026302509009838104,False,False,False,0.9720000000000001,1.0,1.0,1.0,0
277,12,2.9627624826389365e-05,1.5550412189682326,0.12811416851570875,0.5795181872450313,0.03257893770933151,0.03257893770933151,False,False,False,0.9720000000000001,1.0,1.0,1.0,0
277,14,0.00023124954896047711,1.6314822558232134,0.13016451353573755,0.574204002146319,0.03474144637584686,0.03474144637584686,False,False,False,0.9720000000000001,1.0,1.0,1.0,0
277,16,0.0017765844240784645,1.607415253984284,0.13626670968278318,0.562730504623631,0.03427886590361595,0.03427886590361595,False,False,False,0.9720000000000001,1.0,1.0,1.0,0
277,18,0.013037542812526226,1.4614652421976455,0.16779297571758967,0.5663454238392062,0.029307203367352486,0.029307203367352486,False,False,False,0.9720000000000001,1.0,1.0,1.0,0
277,20,0.0777001604437828,1.2973771531700435,0.13408700138458643,0.5715497343154133,0.026064058765769005,0.026064058765769005,False,False,False,0.9720000000000001,1.0,1.0,1.0,0
277,22,0.5794757008552551,1.3290945136051127,1.0,0.5760859001025281,0.008398707956075668,0.008398707956075668,False,False,False,0.9720000000000001,0.9,1.0,1.0,0
278,0,3.987419283646432e-09,0.2774015793130038,0.3127437507710815,0.6158465622366263,0.0034475093707442284,0.0034475093707442284,False,True,False,1.0,1.0,1.25,1.716037137675,1
278,2,2.749796834677909e-09,0.21350539288551687,0.09787061258462434,0.6171384189335611,0.01659400761127472,0.01659400761127472,False,True,False,1.0,1.0,1.25,8.82,2
278,4,1.8096246279242223e-08,0.6454088430875242,0.23973410302631773,0.6119021289565298,0.000860509870108217,0.000860509870108217,False,False,False,0.8748000000000001,1.0,1.0,1.0,0
278,6,6.548465592004504e-08,0.8938607264750639,0.14412785515804194,0.572847752902209,0.0024417347740381956,0.0024417347740381956,False,False,False,0.8748000000000001,1.0,1.0,1.0,0
278,8,4.443511443241732e-07,1.104737651285996,0.1307981982902342,0.5696493988637454,0.008890182711184025,0.008890182711184025,False,False,False,0.8748000000000001,1.0,1.0,1.0,0
278,10,3.3872267977130832e-06,1.2344889363739635,0.15897102980582375,0.5764414376915419,0.02321450039744377,0.02321450039744377,False,False,False,0.8748000000000001,1.0,1.0,1.0,0
278,12,2.12971954169916e-05,1.1178086976565536,0.11286168566070547,0.5805543132441531,0.026831449940800667,0.026831449940800667,False,False,False,0.8748000000000001,1.0,1.0,1.0,0
278,14,0.0001886917307274416,1.3312337770440668,0.1223821873317526,0.5852218649339316,0.028018062934279442,0.028018062934279442,False,False,False,0.8748000000000001,1.0,1.0,1.0,0
278,16,0.0015418134862557054,1.3949995750366049,0.11954034218514813,0.5855761753482854,0.030382072553038597,0.030382072553038597,False,False,False,0.8748000000000001,1.0,1.0,1.0,0
278,18,0.012897840701043606,1.4458050995519542,0.14321094168972096,0.5886706120093784,0.029764382168650627,0.029764382168650627,False,False,False,0.8748000000000001,1.0,1.0,1.0,0
278,20,0.09006182849407196,1.503782720570651,0.13325777533256575,0.5894895878205281,0.029110901057720184,0.029110901057720184,False,False,False,0.8748000000000001,1.0,1.0,1.0,0
278,22,0.6758466958999634,1.5501325322753403,1.0,0.5929236761414779,0.009995807893574238,0.009995807893574238,False,False,False,0.8748000000000001,0.9720000000000001,1.0,1.0,0
279,0,4.749357351840899e-09,0.3304090030175299,0.3680037842189035,0.6132490609090987,0.0001976448984351009,0.0001976448984351009,False,False,True,1.0,1.0,1.0,1.2012259963725,0
279,2,2.9057296568879565e-09,0.22561265042900128,0.10132753307289212,0.6146264988494736,0.01739632338285446,0.01739632338285446,False,True,False,1.0,1.0,1.5625,10.0,3
279,4,1.8676605151313197e-08,0.6624316325043522,0.26660138785395016,0.6097255851556115,0.0008879537344910204,0.0008879537344910204,False,False,False,0.9447840000000002,1.0,1.0,1.0,0
279,6,6.005441832712677e-08,0.7928907446053528,0.1522504666635503,0.567221888623924,0.002408941276371479,0.002408941276371479,False,False,False,0.9447840000000002,1.0,1.0,1.0,0
279,8,3.8444488836830715e-07,0.9400134786148866,0.13061215207890572,0.57037864412065,0.009664264507591724,0.009664264507591724,False,False,False,0.9447840000000002,1.0,1.0,1.0,0
279,10,2.9334082682908047e-06,1.0447625513230279,0.13666480033108716,0.5741745661776654,0.023547571152448654,0.023547571152448654,False,False,False,0.9447840000000002,1.0,1.0,1.0,0
279,12,2.1454256057040766e-05,1.0410895079856088,0.13949297284889697,0.5816252369658551,0.028339071199297905,0.028339071199297905,False,False,False,0.9447840000000002,1.0,1.0,1.0,0
279,14,0.00015379169781226665,1.0069505080401957,0.14915485130847672,0.5806987681522799,0.027676701545715332,0.027676701545715332,False,False,False,0.9447840000000002,1.0,1.0,1.0,0
279,16,0.001031077466905117,0.8468393747362583,0.13246361621499902,0.5765819123210435,0.0242888405919075,0.0242888405919075,False,False,False,0.9447840000000002,1.0,1.0,1.0,0
279,18,0.007783844135701656,0.8355067425770332,0.13709199376355324,0.5798876668232794,0.02148420549929142,0.02148420549929142,False,False,False,0.9447840000000002,1.0,1.0,1.0,0
279,20,0.05677824467420578,0.9320085806108875,0.12440886046685432,0.5831476398146626,0.021883131936192513,0.021883131936192513,False,False,False,0.9447840000000002,1.0,1.0,1.0,0
279,22,0.45638424158096313,1.02411888242711,1.0,0.5837592085843534,0.00774783082306385,0.00774783082306385,False,False,False,0.9447840000000002,0.8748000000000001,1.0,1.0,0
280,0,5.00371788447751e-09,0.3453680586791734,0.3691280695286328,0.6169094861442014,0.0001874739391496405,0.0001874739391496405,False,False,False,1.0,1.0,1.0,1.0,0
280,2,3.555506333796643e-09,0.27560006213629606,0.10715633274366983,0.6183429374291756,0.01998262293636799,0.01998262293636799,False,True,False,1.0,1.0,1.25,10.0,4
280,4,2.3180552588542014e-08,0.8138041390855641,0.24286236185472682,0.6138723518265325,0.0009630225249566138,0.0009630225249566138,False,False,False,1.0,1.0,1.0,1.0,0
280,6,8.544728302695148e-08,1.1281494642858083,0.1667980478381888,0.5720572138401263,0.00303123751655221,0.00303123751655221,False,False,False,1.0,1.0,1.0,1.0,0
280,8,5.022798745812906e-07,1.2281340354071177,0.13654479222585825,0.5752948047153993,0.011484764516353607,0.011484764516353607,False,False,False,1.0,1.0,1.0,1.0,0
280,10,3.6684989481727825e-06,1.2679174825048947,0.13761596958545388,0.5757005337645194,0.02596304379403591,0.02596304379403591,False,False,False,1.0,1.0,1.0,1.0,0
280,12,2.664750900294166e-05,1.246594363540133,0.13114529363782151,0.582437014000562,0.03514035791158676,0.03514035791158676,False,False,False,1.0,1.0,1.0,1.0,0
280,14,0.00020318073802627623,1.2928427717542261,0.1226275949298201,0.5731842868294442,0.03306587040424347,0.03306587040424347,False,False,False,1.0,1.0,1.0,1.0,0
280,16,0.0016568824648857117,1.3608223975516336,0.12933767491667247,0.5651748521386503,0.03521701693534851,0.03521701693534851,False,False,False,1.0,1.0,1.0,1.0,0
280,18,0.012810506857931614,1.3750615594342661,0.14758058704293425,0.5701331467647488,0.03317639231681824,0.03317639231681824,False,False,False,1.0,1.0,1.0,1.0,0
280,20,0.08680345863103867,1.424869133152044,0.13334663630903598,0.5696994412691386,0.029569076374173164,0.029569076374173164,False,False,False,1.0,1.0,1.0,1.0,0
280,22,0.6509609818458557,1.4354579315053584,1.0,0.5706130345106548,0.009777722880244255,0.009777722880244255,False,False,False,1.0,0.9447840000000002,1.0,1.0,0
281,0,4.79890793769755e-09,0.32864694192433996,0.35483005107125226,0.6143952588903145,0.00018365017604082823,0.00018365017604082823,False,False,False,1.0,1.0,1.0,1.0,0
281,2,3.524525116205268e-09,0.2723085603196998,0.10303176335870273,0.6156677152119119,0.020040331408381462,0.020040331408381462,False,True,False,1.0,1.0,1.5625,10.0,5
281,4,2.420814126935511e-08,0.838906709959282,0.2972650196460154,0.6113041776140339,0.0010021975031122565,0.0010021975031122565,False,False,False,1.0,1.0,1.0,1.0,0
281,6,7.143622582361786e-08,0.9300815925768681,0.16556617839723783,0.566059368313606,0.0023978129029273987,0.0023978129029273987,False,False,False,1.0,1.0,1.0,1.0,0
281,8,4.2146629652961565e-07,0.9950008347159544,0.1280763800202422,0.5693449161473018,0.009150293655693531,0.009150293655693531,False,False,False,1.0,1.0,1.0,1.0,0
281,10,3.280741793787456e-06,1.116073898845488,0.12222633844184969,0.5697739769285595,0.02225053682923317,0.02225053682923317,False,False,False,1.0,1.0,1.0,1.0,0
281,12,2.683152888494078e-05,1.2506085943322836,0.13751267459480543,0.5761902699725161,0.03148558735847473,0.03148558735847473,False,False,False,1.0,1.0,1.0,1.0,0
281,14,0.0001951104059116915,1.1944321387466368,0.12702950609853256,0.5623974617763438,0.02973835915327072,0.02973835915327072,False,False,False,1.0,1.0,1.0,1.0,0
281,16,0.0015359355602413416,1.184883409325924,0.13791211331661127,0.5513415584313124,0.030408013612031937,0.030408013612031937,False,False,False,1.0,1.0,1.0,1.0,0
281,18,0.011137050576508045,1.1392850265502643,0.14668241326719797,0.5589394951453804,0.025984911248087883,0.025984911248087883,False,False,False,1.0,1.0,1.0,1.0,0
281,20,0.075926274061203,1.2236437012551364,0.13698606246074058,0.5606751142314607,0.025938820093870163,0.025938820093870163,False,False,False,1.0,1.0,1.0,1.0,0
281,22,0.5542627573013306,1.1816789043176874,1.0,0.5626544973333811,0.008405174128711224,0.008405174128711224,False,False,False,1.0,1.0,1.0,1.0,0
282,0,3.546428262168888e-09,0.24124099784963535,0.27232265005286865,0.6178633643500868,0.0022882861085236073,0.0022882861085236073,False,True,False,1.0,1.0,1.25,1.05,1
282,2,3.0228912706320443e-09,0.2326722894822504,0.09874691801831831,0.6191111398655587,0.020074157044291496,0.020074157044291496,False,True,False,1.0,1.0,1.25,10.0,6
282,4,2.061251258567154e-08,0.7078039711153389,0.31440496321439837,0.6146943523939651,0.0009505379130132496,0.0009505379130132496,False,False,False,1.0,1.0,1.0,1.0,0
282,6,5.5560391842846e-08,0.7233822494623491,0.15299033317864053,0.5728623274280157,0.0018919865833595395,0.0018919865833595395,False,False,False,1.0,1.0,1.0,1.0,0
282,8,3.531627612574084e-07,0.8393759836839759,0.13518228344068686,0.5728792051873081,0.005592671688646078,0.005592671688646078,False,False,False,1.0,1.0,1.0,1.0,0
282,10,2.602492941150558e-06,0.8853407631920265,0.13767904212294457,0.5765833084947748,0.013744973577558994,0.013744973577558994,False,False,False,1.0,1.0,1.0,1.0,0
282,12,1.8892607840825804e-05,0.8805781376232741,0.14220490338504868,0.5832637613414269,0.017329156398773193,0.017329156398773193,False,False,False,1.0,1.0,1.0,1.0,0
282,14,0.00013284482702147216,0.8132530406015411,0.15091422307560484,0.5723794500305993,0.016884487122297287,0.016884487122297287,False,False,False,1.0,1.0,1.0,1.0,0
282,16,0.0008802571101114154,0.6790662790230029,0.12483911282864119,0.5681022234219212,0.01702626794576645,0.01702626794576645,False,False,False,1.0,1.0,1.0,1.0,0
282,18,0.00705112237483263,0.7213075029905385,0.14231603879925853,0.5657161100777339,0.01402811985462904,0.01402811985462904,False,False,False,1.0,1.0,1.0,1.0,0
282,20,0.04954551160335541,0.7984858199421111,0.12289712633587348,0.5647539473146252,0.012892136350274086,0.012892136350274086,False,False,False,1.0,1.0,1.0,1.0,0
282,22,0.4031462073326111,0.8595009538077933,1.0,0.5673634652706696,0.0049367621541023254,0.0049367621541023254,False,False,False,1.0,1.0,1.0,1.0,0
283,0,3.736477793836457e-09,0.25416886083488605,0.27801531278111996,0.6149046848371666,0.002404061844572425,0.002404061844572425,False,True,False,1.0,1.0,1.5625,1.26,2
283,2,3.4398273118796396e-09,0.26433297391556804,0.10096163766849821,0.6163847768424893,0.020101651549339294,0.020101651549339294,False,True,False,1.0,1.0,1.5625,10.0,7
283,4,2.4070637039130816e-08,0.8219414146896605,0.26879699735114293,0.612131328266749,0.0010062166256830096,0.0010062166256830096,False,False,False,1.0,1.0,1.0,1.0,0
283,6,7.95495012084757e-08,1.0357143860785156,0.14116700488122327,0.5699086927936221,0.002615680219605565,0.002615680219605565,False,False,False,1.0,1.0,1.0,1.0,0
283,8,5.535134164347255e-07,1.3155573559001041,0.14448547486255003,0.5733854407132086,0.010295922867953777,0.010295922867953777,False,False,False,1.0,1.0,1.0,1.0,0
283,10,3.8209277590794954e-06,1.2998394903732184,0.16425786077116655,0.5740385279072232,0.023379024118185043,0.023379024118185043,False,False,False,1.0,1.0,1.0,1.0,0
283,12,2.325176501472015e-05,1.0837569966847571,0.12552671210498903,0.5819718280839813,0.0262204110622406,0.0262204110622406,False,False,False,1.0,1.0,1.0,1.0,0
283,14,0.0001852236018748954,1.133906835465867,0.14283782161023462,0.5893565857082739,0.027642732486128807,0.027642732486128807,False,False,False,1.0,1.0,1.0,1.0,0
283,16,0.0012967305956408381,1.000350931974468,0.13468026214620163,0.5843683222612098,0.02643813192844391,0.02643813192844391,False,False,False,1.0,1.0,1.0,1.0,0
283,18,0.009628205560147762,0.9849349566897354,0.1516105443888638,0.585639317674991,0.022745933383703232,0.022745933383703232,False,False,False,1.0,1.0,1.0,1.0,0
283,20,0.06350616365671158,1.0234786061906977,0.14915537590203032,0.5880541706926785,0.020962877199053764,0.020962877199053764,False,False,False,1.0,1.0,1.0,1.0,0
283,22,0.4257718622684479,0.9077384707288776,1.0,0.5899708276305761,0.006013400387018919,0.006013400387018919,False,False,False,1.0,1.0,1.0,1.0,0
284,0,5.452087226132107e-09,0.37337907232968537,0.4117760534789752,0.6182158614377846,0.00018764262495096773,0.00018764262495096773,False,False,True,1.0,1.0,1.0,1.0,0
284,2,3.240418378069876e-09,0.24900942662084502,0.10168583947748887,0.6199681237117187,0.020066412165760994,0.020066412165760994,False,True,False,1.0,1.0,1.25,10.0,8
284,4,2.18669580220876e-08,0.7466922617135321,0.1978402454747051,0.6159389743317485,0.0009295389172621071,0.0009295389172621071,False,False,False,1.0,1.0,1.0,1.0,0
284,6,1.0052836074692095e-07,1.308853831296975,0.17196078303424103,0.5737428407103402,0.002954366384074092,0.002954366384074092,False,False,False,1.0,1.0,1.0,1.0,0
284,8,5.746005058426817e-07,1.3656758801516864,0.1460224480294691,0.5767213900180779,0.010716276243329048,0.010716276243329048,False,False,False,1.0,1.0,1.0,1.0,0
284,10,3.925014880223898e-06,1.3352488357033565,0.15316981383738582,0.5773891398639555,0.02353101596236229,0.02353101596236229,False,False,False,1.0,1.0,1.0,1.0,0
284,12,2.5615250706323422e-05,1.1939182749024655,0.13746398448098787,0.5815040969478106,0.028080370277166367,0.028080370277166367,False,False,False,1.0,1.0,1.0,1.0,0
284,14,0.00018633154104463756,1.0778455094753683,0.1335430565187581,0.5788131250424441,0.025202104821801186,0.025202104821801186,False,False,False,1.0,1.0,1.0,1.0,0
284,16,0.001395281869918108,1.0803399117268706,0.12630617907240554,0.5774523866678059,0.027343198657035828,0.027343198657035828,False,False,False,1.0,1.0,1.0,1.0,0
284,18,0.011046811938285828,1.157957739037681,0.1536073872130326,0.581100109371726,0.02479632757604122,0.02479632757604122,False,False,False,1.0,1.0,1.0,1.0,0
284,20,0.0719158798456192,1.1590113499100216,0.12581671795850094,0.5824501660534956,0.02209833264350891,0.02209833264350891,False,False,False,1.0,1.0,1.0,1.0,0
284,22,0.571592390537262,1.2604393404013738,1.0,0.5833221080165407,0.00732292328029871,0.00732292328029871,False,False,False,1.0,1.0,1.0,1.0,0
285,0,5.2320019428009346e-09,0.3558998733730543,0.40052938108103137,0.6153026329721462,0.0001835540315369144,0.0001835540315369144,False,False,False,1.0,1.0,1.0,1.0,0
285,2,3.062716968926793e-09,0.2339222375423339,0.10103004510127957,0.6171249912910038,0.019928961992263794,0.019928961992263794,False,True,False,1.0,1.0,1.5625,10.0,9
285,4,2.0314912418939457e-08,0.6822904124103139,0.223158439560824,0.613047443506773,0.0009165866649709642,0.0009165866649709642,False,False,False,1.0,1.0,1.0,1.0,0
285,6,8.10335833989484e-08,1.0550367608444773,0.14764147741992525,0.5700112673955414,0.0025599803775548935,0.0025599803775548935,False,False,False,1.0,1.0,1.0,1.0,0
285,8,5.388537829276174e-07,1.2807152217757003,0.14718745551460713,0.5735408315294448,0.01000942848622799,0.01000942848622799,False,False,False,1.0,1.0,1.0,1.0,0
285,10,3.6510034533421276e-06,1.2420330263680226,0.1474184184801992,0.5743048682177203,0.022814495489001274,0.022814495489001274,False,False,False,1.0,1.0,1.0,1.0,0
285,12,2.4756263883318752e-05,1.1538811861523437,0.13073797738053108,0.5756962722904944,0.025774911046028137,0.025774911046028137,False,False,False,1.0,1.0,1.0,1.0,0
285,14,0.00018934786203317344,1.0952935916111288,0.15342079153770374,0.5790309570539491,0.025207435712218285,0.025207435712218285,False,False,False,1.0,1.0,1.0,1.0,0
285,16,0.0012341634137555957,0.9555889904535982,0.12128822099510495,0.5719016239884528,0.02384740673005581,0.02384740673005581,False,False,False,1.0,1.0,1.0,1.0,0
285,18,0.010175449773669243,1.066619118659305,0.15240154265038836,0.577747633621064,0.021981967613101006,0.021981967613101006,False,False,False,1.0,1.0,1.0,1.0,0
285,20,0.06676735728979111,1.0760366843663027,0.1343664565399373,0.5773966228873518,0.020064078271389008,0.020064078271389008,False,False,False,1.0,1.0,1.0,1.0,0
285,22,0.4969049394130707,1.0957433031732529,1.0,0.5808820134514081,0.006624292582273483,0.006624292582273483,False,False,False,1.0,1.0,1.0,1.0,0
286,0,5.861289231745559e-09,0.396726452420254,0.4417055316260571,0.6188702449467566,0.00020027690334245563,0.00020027690334245563,False,False,False,1.0,1.0,1.0,1.0,0
286,2,3.2696758633932177e-09,0.2493499774993139,0.10221183951426763,0.6204791723184198,0.020107382908463478,0.020107382908463478,False,True,False,1.0,1.0,1.25,10.0,10
286,4,2.1989208676131966e-08,0.7250290222306346,0.25157654948035885,0.6164684023004949,0.0009756554500199854,0.0009756554500199854,False,False,False,1.0,1.0,1.0,1.0,0
286,6,7.740563745528561e-08,0.9838351356050734,0.14151899397884493,0.5735149921070083,0.002671612426638603,0.002671612426638603,False,False,False,1.0,1.0,1.0,1.0,0
286,8,5.369628865992127e-07,1.2363706909554981,0.15673910846991676,0.5771432124008014,0.011377655901014805,0.011377655901014805,False,False,False,1.0,1.0,1.0,1.0,0
286,10,3.4158385915361578e-06,1.0958474074322906,0.1424045764698164,0.5779827169278314,0.023421447724103928,0.023421447724103928,False,False,False,1.0,1.0,1.0,1.0,0
286,12,2.3976859665708616e-05,1.0721660049857245,0.1199223602900505,0.5798330386123973,0.027180185541510582,0.027180185541510582,False,False,False,1.0,1.0,1.0,1.0,0
286,14,0.000199926522327587,1.0761027810242,0.13290273847343978,0.5894129224285286,0.028779305517673492,0.028779305517673492,False,False,False,1.0,1.0,1.0,1.0,0
286,16,0.00150429701898247,1.1647482445922557,0.1273956713517071,0.5894109657478248,0.031888023018836975,0.031888023018836975,False,False,False,1.0,1.0,1.0,1.0,0
286,18,0.011808060109615326,1.1971131296413215,0.14296954021083647,0.594803528732693,0.029445625841617584,0.029445625841617584,False,False,False,1.0,1.0,1.0,1.0,0
286,20,0.08259142935276031,1.3063869607514194,0.14014213376739534,0.5908533789793892,0.02936434932053089,0.02936434932053089,False,False,False,1.0,1.0,1.0,1.0,0
286,22,0.5893404483795166,1.236435800940548,1.0,0.5916592286067169,0.008857239037752151,0.008857239037752151,False,False,False,1.0,1.0,1.0,1.0,0
287,0,4.8399533270071515e-09,0.3248004626092991,0.3763591869509978,0.61618131485843,0.00018678241758607328,0.00018678241758607328,False,False,False,1.0,1.0,1.0,1.0,0
287,2,2.8599314028099343e-09,0.21810230149240842,0.09810208792507438,0.6175739818614391,0.019966967403888702,0.019966967403888702,False,True,False,1.0,1.0,1.5625,10.0,11
287,4,1.9152604835426246e-08,0.631500412839844,0.25880651568333923,0.6135189838462757,0.0009403721778653562,0.0009403721778653562,False,False,False,1.0,1.0,1.0,1.0,0
287,6,6.40035651144899e-08,0.794207864663027,0.1744002661223487,0.5744002981208479,0.002592407399788499,0.002592407399788499,False,False,False,1.0,1.0,1.0,1.0,0
287,8,3.569923592294799e-07,0.8008835233739756,0.15586075510202596,0.5779232519359945,0.008562861010432243,0.008562861010432243,False,False,False,1.0,1.0,1.0,1.0,0
287,10,2.2804570107837208e-06,0.6819580503658043,0.15403393148176941,0.5789340903878899,0.017692191526293755,0.017692191526293755,False,False,False,1.0,1.0,1.0,1.0,0
287,12,1.4794900380366016e-05,0.6262573981965799,0.12467631859315494,0.580405802456219,0.01912858337163925,0.01912858337163925,False,False,False,1.0,1.0,1.0,1.0,0
287,14,0.00011865648411912844,0.6361206474460667,0.12109309151838864,0.5817793208825138,0.020138632506132126,0.020138632506132126,False,False,False,1.0,1.0,1.0,1.0,0
287,16,0.0009798682294785976,0.7528789152484637,0.13441898230729266,0.5704624338146933,0.019612032920122147,0.019612032920122147,False,False,False,1.0,1.0,1.0,1.0,0
287,18,0.0072896466590464115,0.7190843220324964,0.14109095815289044,0.5792264337669892,0.018712587654590607,0.018712587654590607,False,False,False,1.0,1.0,1.0,1.0,0
287,20,0.05166628211736679,0.7931968647199625,0.14571681267678327,0.58104013407805,0.018529638648033142,0.018529638648033142,False,False,False,1.0,1.0,1.0,1.0,0
287,22,0.354566365480423,0.6843326177375026,1.0,0.5850315786874446,0.005636196117848158,0.005636196117848158,False,False,False,1.0,1.0,1.0,1.0,0
288,0,5.400028868507434e-09,0.3618877067932148,0.4119488895696253,0.6194884651431836,0.00017973293142858893,0.00017973293142858893,False,False,False,1.0,1.0,1.0,1.0,0
288,2,3.108492352410508e-09,0.2370579013070612,0.0992859094513803,0.6208928403888384,0.02010198123753071,0.02010198123753071,False,True,False,1.0,1.0,1.25,10.0,12
288,4,2.1308494524419075e-08,0.7025844894098305,0.2614019236310104,0.6170269013558797,0.0009614892187528312,0.0009614892187528312,False,False,False,1.0,1.0,1.0,1.0,0
288,6,7.151621161938237e-08,0.8874308426009858,0.16167968070874678,0.5809304657164465,0.002525468124076724,0.002525468124076724,False,False,False,1.0,1.0,1.0,1.0,0
288,8,4.3233271185272315e-07,0.9699035191838973,0.1354064089452055,0.5842618601315076,0.009255866520106792,0.009255866520106792,False,False,False,1.0,1.0,1.0,1.0,0
288,10,3.1828526516619604e-06,0.9518144734432262,0.14986478157901761,0.5849348748498256,0.020648829638957977,0.020648829638957977,False,False,False,1.0,1.0,1.0,1.0,0
288,12,2.122816295013763e-05,0.9492533626489146,0.132543453277725,0.5853259534005999,0.024419723078608513,0.024419723078608513,False,False,False,1.0,1.0,1.0,1.0,0
288,14,0.0001601500262040645,0.8620061339180917,0.1290940902175075,0.5771008872546664,0.023276839405298233,0.023276839405298233,False,False,False,1.0,1.0,1.0,1.0,0
288,16,0.001240558223798871,0.9531793171141439,0.13598312447200273,0.5540590219621871,0.02123374305665493,0.02123374305665493,False,False,False,1.0,1.0,1.0,1.0,0
288,18,0.009122873656451702,0.8999222767672321,0.16836066190450452,0.570932565570627,0.02111229859292507,0.02111229859292507,False,False,False,1.0,1.0,1.0,1.0,0
288,20,0.05418648198246956,0.8318877584623487,0.13377920944970273,0.5754704860788002,0.017701588571071625,0.017701588571071625,False,False,False,1.0,1.0,1.0,1.0,0
288,22,0.4050441086292267,0.7817574427337963,1.0,0.5888121759436741,0.006288378033787012,0.006288378033787012,False,False,False,1.0,1.0,1.0,1.0,0
289,0,4.571816702991782e-09,0.3044423549413093,0.36114489118711346,0.616530768580382,0.00017895658675115556,0.00017895658675115556,False,False,False,1.0,1.0,1.0,1.0,0
289,2,2.6592312796225315e-09,0.20244328012917284,0.0955622675167681,0.6180130977324216,0.019932908937335014,0.019932908937335014,False,True,False,1.0,1.0,1.5625,10.0,13
289,4,1.7827209930487697e-08,0.584929635440384,0.2687785066582881,0.6143030532542109,0.0009205658570863307,0.0009205658570863307,False,False,False,1.0,1.0,1.0,1.0,0
289,6,5.632676902678213e-08,0.6913277261837202,0.1439892453326316,0.5782046273317315,0.002215523272752762,0.002215523272752762,False,False,False,1.0,1.0,1.0,1.0,0
289,8,3.811873341419414e-07,0.8502156730403795,0.12472104379438592,0.5784692100693184,0.008360208943486214,0.008360208943486214,False,False,False,1.0,1.0,1.0,1.0,0
289,10,3.0463193070318084e-06,0.9109849322268794,0.14834339577483827,0.5792587402482691,0.021951546892523766,0.021951546892523766,False,False,False,1.0,1.0,1.0,1.0,0
289,12,2.0525591025943868e-05,0.9178366657302901,0.11883390691654425,0.5807804980452603,0.026797683909535408,0.026797683909535408,False,False,False,1.0,1.0,1.0,1.0,0
289,14,0.00017271503747906536,0.929637198667339,0.13733755286416355,0.5840148498206573,0.026852106675505638,0.026852106675505638,False,False,False,1.0,1.0,1.0,1.0,0
289,16,0.0012575851287692785,0.9662618902178565,0.11817065543701466,0.5745093149123731,0.023629287257790565,0.023629287257790565,False,False,False,1.0,1.0,1.0,1.0,0
289,18,0.010642100125551224,1.0497857731262121,0.14837470223222418,0.5910514231197248,0.02759202942252159,0.02759202942252159,False,False,False,1.0,1.0,1.0,1.0,0
289,20,0.07172448188066483,1.1011365985686803,0.13520908978825635,0.5918781684396026,0.025223810225725174,0.025223810225725174,False,False,False,1.0,1.0,1.0,1.0,0
289,22,0.5304708480834961,1.0238379593917113,1.0,0.5905456770364664,0.008284954354166985,0.008284954354166985,False,False,False,1.0,1.0,1.0,1.0,0
290,0,4.623012639370927e-09,0.3078515492391674,0.3561879306731708,0.6198296263974986,0.00018456224643159658,0.00018456224643159658,False,False,False,1.0,1.0,1.0,1.0,0
290,2,2.9791389355438014e-09,0.22766536303042895,0.0927953620650714,0.6211832268859998,0.020089400932192802,0.020089400932192802,False,True,False,1.0,1.0,1.953125,10.0,14
290,4,2.2104394759026036e-08,0.725597536982834,0.29950571428784895,0.6174110209855675,0.0009869482601061463,0.0009869482601061463,False,False,False,1.0,1.0,1.0,1.0,0
290,6,6.380291495133861e-08,0.7830863527114343,0.17856939843890013,0.5816388871024147,0.0024936527479439974,0.0024936527479439974,False,False,False,1.0,1.0,1.0,1.0,0
290,8,3.4730038578345557e-07,0.774632850566099,0.14075990733469917,0.5821983702873866,0.007756284903734922,0.007756284903734922,False,False,False,1.0,1.0,1.0,1.0,0
290,10,2.4573246264480986e-06,0.7348493321487813,0.17515563743387524,0.5802211821871747,0.017166025936603546,0.017166025936603546,False,False,False,1.0,1.0,1.0,1.0,0
290,12,1.4019377886143047e-05,0.6269002942895178,0.13573290774530877,0.5812411800665049,0.01654214970767498,0.01654214970767498,False,False,False,1.0,1.0,1.0,1.0,0
290,14,0.0001032765067066066,0.5558849060523503,0.1539317486032455,0.5876949264584231,0.016216769814491272,0.016216769814491272,False,False,False,1.0,1.0,1.0,1.0,0
290,16,0.0006709140143357217,0.5154948391446987,0.12696444821151098,0.5799128243394881,0.012964019551873207,0.012964019551873207,False,False,False,1.0,1.0,1.0,1.0,0
290,18,0.0052842567674815655,0.5076727776645477,0.14408465972779544,0.5943726561831403,0.014230857603251934,0.014230857603251934,False,False,False,1.0,1.0,1.0,1.0,0
290,20,0.036674655973911285,0.5296290510299537,0.12407706592328936,0.5940384053616863,0.01380886323750019,0.01380886323750019,False,False,False,1.0,1.0,1.0,1.0,0
290,22,0.2955796420574188,0.5525856239462427,1.0,0.5961503332747995,0.00479864701628685,0.00479864701628685,False,False,False,1.0,1.0,1.0,1.0,0
291,0,7.71118546794014e-09,0.5167719087437651,0.5562285702531817,0.622803798427054,0.00022595621703658253,0.00022595621703658253,False,False,False,1.0,1.0,1.0,1.0,0
291,2,3.863339426146695e-09,0.29523583558646843,0.10861990437035986,0.6240980662481128,0.02263532392680645,0.02263532392680645,False,True,False,1.0,1.0,1.5625,10.0,15
291,4,2.5567508998847188e-08,0.8322970535528683,0.264658675766184,0.6205160455561116,0.0010516151087358594,0.0010516151087358594,False,False,False,1.0,1.0,1.0,1.0,0
291,6,8.660559558393288e-08,1.0746720907428502,0.16258984222752476,0.5876778716995243,0.003283970057964325,0.003283970057964325,False,False,False,1.0,1.0,1.0,1.0,0
291,8,5.226630150900746e-07,1.1885756744352052,0.15069683256255645,0.587848874186724,0.011593085713684559,0.011593085713684559,False,False,False,1.0,1.0,1.0,1.0,0
291,10,3.4583079013827955e-06,1.0667872367649547,0.13962167053047517,0.5829804907698513,0.021718773990869522,0.021718773990869522,False,False,False,1.0,1.0,1.0,1.0,0
291,12,2.4759134248597547e-05,1.1540149729187232,0.13005912124121052,0.5834956715811427,0.025386346504092216,0.025386346504092216,False,False,False,1.0,1.0,1.0,1.0,0
291,14,0.00019035830337088555,1.0635770865284426,0.13513145957887485,0.589121065494065,0.02674930915236473,0.02674930915236473,False,False,False,1.0,1.0,1.0,1.0,0
291,16,0.0014086797600612044,1.102971505741687,0.12710841894799071,0.5809892379581715,0.026357999071478844,0.026357999071478844,False,False,False,1.0,1.0,1.0,1.0,0
291,18,0.01108249556273222,1.0932284074792094,0.1380149138966982,0.59318735211046,0.02611788734793663,0.02611788734793663,False,False,False,1.0,1.0,1.0,1.0,0
291,20,0.0802992507815361,1.2327791230379053,0.12470661722558264,0.5872307058973261,0.026649242267012596,0.026649242267012596,False,False,False,1.0,1.0,1.0,1.0,0
291,22,0.6439052820205688,1.2534951228598412,1.0,0.5852848538447829,0.008412121795117855,0.008412121795117855,False,False,False,1.0,1.0,1.0,1.0,0
292,0,4.760673633086299e-09,0.31904075067374826,0.35542324970578587,0.6186710682701939,0.00018639961490407586,0.00018639961490407586,False,False,False,1.0,1.0,1.0,1.0,0
292,2,3.3943787780543744e-09,0.25939793124400623,0.09771225342795943,0.6206891678107866,0.020176978781819344,0.020176978781819344,False,True,False,1.0,1.0,1.25,10.0,16
292,4,2.473851701267904e-08,0.8053109444431463,0.234732393829401,0.6169014053821373,0.0010289751226082444,0.0010289751226082444,False,False,False,1.0,1.0,1.0,1.0,0
292,6,9.539029832694723e-08,1.1836797685924916,0.14199467608491081,0.5842340160167678,0.0033523254096508026,0.0033523254096508026,False,False,False,1.0,1.0,1.0,1.0,0
292,8,6.617878511860908e-07,1.5049561932767994,0.14546917267849133,0.5844689990106315,0.01364588737487793,0.01364588737487793,False,False,False,1.0,1.0,1.0,1.0,0
292,10,4.539333986031124e-06,1.400252290368688,0.16582556359499456,0.5796028174592802,0.027897333726286888,0.027897333726286888,False,False,False,1.0,1.0,1.0,1.0,0
292,12,2.736415081017185e-05,1.275433924267084,0.1339513637088414,0.5794282692554915,0.02867710217833519,0.02867710217833519,False,False,False,1.0,1.0,1.0,1.0,0
292,14,0.00020427422714419663,1.1413286602768866,0.1510214019609192,0.5744706587959396,0.029506869614124298,0.029506869614124298,False,False,False,1.0,1.0,1.0,1.0,0
292,16,0.0013526077382266521,1.0590680976667743,0.1334818497181613,0.5635648883180141,0.024120625108480453,0.024120625108480453,False,False,False,1.0,1.0,1.0,1.0,0
292,18,0.010133260861039162,0.9995915243979707,0.13775337749649166,0.579192553331581,0.02469642646610737,0.02469642646610737,False,False,False,1.0,1.0,1.0,1.0,0
292,20,0.07356087863445282,1.1293295338408107,0.13002319259863315,0.5800777032832896,0.025567134842276573,0.025567134842276573,False,False,False,1.0,1.0,1.0,1.0,0
292,22,0.5657519698143005,1.1013534982741766,1.0,0.5788523236429299,0.007855736650526524,0.007855736650526524,False,False,False,1.0,1.0,1.0,1.0,0
293,0,5.739118513758967e-09,0.38461209903360666,0.4324200175570692,0.6157998419101316,0.00020837770716752857,0.00020837770716752857,False,False,False,1.0,1.0,1.0,1.0,0
293,2,3.2720925968732217e-09,0.2490994909970469,0.09913846592402052,0.6178498037669181,0.020168788731098175,0.020168788731098175,False,True,False,1.0,1.0,1.5625,10.0,17
293,4,2.3005277682841552e-08,0.7405004651229308,0.2785389766360344,0.6143519951959361,0.0010420616017654538,0.0010420616017654538,False,False,False,1.0,1.0,1.0,1.0,0
293,6,7.259266965320421e-08,0.8909675828395839,0.14970078287626,0.5788511751054491,0.0030134047847241163,0.0030134047847241163,False,False,False,1.0,1.0,1.0,1.0,0
293,8,4.7491843702118786e-07,1.05927732221265,0.15586128594384427,0.582025205250274,0.011777463369071484,0.011777463369071484,False,False,False,1.0,1.0,1.0,1.0,0
293,10,3.0370583772310056e-06,0.908215502414493,0.14856118796621443,0.5771240993894282,0.023504948243498802,0.023504948243498802,False,False,False,1.0,1.0,1.0,1.0,0
293,12,2.0433148165466264e-05,0.9137029262085345,0.11619007748541209,0.5783145292068914,0.02546989545226097,0.02546989545226097,False,False,False,1.0,1.0,1.0,1.0,0
293,14,0.00017584966553840786,0.9465093071443117,0.13030667580926597,0.5918981135639936,0.02964799851179123,0.02964799851179123,False,False,False,1.0,1.0,1.0,1.0,0
293,16,0.0013494961895048618,1.036881487449581,0.12682030745961426,0.585133680709098,0.02734357677400112,0.02734357677400112,False,False,False,1.0,1.0,1.0,1.0,0
293,18,0.010641000233590603,1.0479237156658845,0.15824219546287718,0.5987934982297137,0.029056547209620476,0.029056547209620476,False,False,False,1.0,1.0,1.0,1.0,0
293,20,0.0672450140118599,0.9711042138454458,0.13639061629944652,0.6014355927919933,0.025930678471922874,0.025930678471922874,False,False,False,1.0,1.0,1.0,1.0,0
293,22,0.4930325448513031,0.9217234804335304,1.0,0.6003849829716453,0.008283914066851139,0.008283914066851139,False,False,False,1.0,1.0,1.0,1.0,0
294,0,6.390361129149369e-09,0.4255412492391725,0.4766462884141762,0.6191478286632648,0.00021385432046372443,0.00021385432046372443,False,False,False,1.0,1.0,1.0,1.0,0
294,2,3.4069251864110583e-09,0.2581814414175966,0.10051243454485419,0.6211407793335475,0.02033114619553089,0.02033114619553089,False,True,False,1.0,1.0,1.953125,10.0,18
294,4,2.3895559309039527e-08,0.7564824103618027,0.26825672992654703,0.6176963209923124,0.0010546660050749779,0.0010546660050749779,False,False,False,1.0,1.0,1.0,1.0,0
294,6,7.907720345201597e-08,0.9637163185661829,0.1592280109011723,0.5793280321016848,0.0029059932567179203,0.0029059932567179203,False,False,False,1.0,1.0,1.0,1.0,0
294,8,4.866287213189935e-07,1.0361854168043465,0.14703314821022767,0.5826057892338098,0.010651664808392525,0.010651664808392525,False,False,False,1.0,1.0,1.0,1.0,0
294,10,3.299653144495096e-06,0.9867430145196817,0.1517242597699108,0.5775876133753759,0.020637933164834976,0.020637933164834976,False,False,False,1.0,1.0,1.0,1.0,0
294,12,2.1737696442869492e-05,0.9720380182262277,0.13974593177516853,0.5775068991016422,0.023296378552913666,0.023296378552913666,False,False,False,1.0,1.0,1.0,1.0,0
294,14,0.00015554155106656253,0.8372010562625072,0.13208485110530713,0.5708094857523434,0.023216914385557175,0.023216914385557175,False,False,False,1.0,1.0,1.0,1.0,0
294,16,0.0011775781167671084,0.8868120384036896,0.12186029899159881,0.56537328226829,0.02048725262284279,0.02048725262284279,False,False,False,1.0,1.0,1.0,1.0,0
294,18,0.009663335047662258,0.9284316739862352,0.15605612713251563,0.5798543763781489,0.024090494960546494,0.024090494960546494,False,False,False,1.0,1.0,1.0,1.0,0
294,20,0.061922166496515274,0.8911618652309937,0.11675656031596642,0.5743921620393235,0.02217737026512623,0.02217737026512623,False,False,False,1.0,1.0,1.0,1.0,0
294,22,0.530352771282196,0.991493578484207,1.0,0.5753779587201109,0.007599297445267439,0.007599297445267439,False,False,False,1.0,1.0,1.0,1.0,0
295,0,5.202209329979723e-09,0.34642090053178676,0.4044134963047834,0.6219766315601909,0.00019977572083007544,0.00019977572083007544,False,False,False,1.0,1.0,1.0,1.0,0
295,2,2.863589809720679e-09,0.2163710411790996,0.0944020587092551,0.6240495729946047,0.022683633491396904,0.022683633491396904,False,True,False,1.0,1.0,1.5625,10.0,19
295,4,2.03339762805399e-08,0.636868053061721,0.3095674822701995,0.6207022656601333,0.0010199007811024785,0.0010199007811024785,False,False,False,1.0,1.0,1.0,1.0,0
295,6,5.568511696196765e-08,0.6551255469435989,0.1639978649282329,0.5799866062526408,0.0023800532799214125,0.0023800532799214125,False,False,False,1.0,1.0,1.0,1.0,0
295,8,3.2954781659100263e-07,0.6714864666273916,0.12898394765200388,0.5833796145617922,0.007528497837483883,0.007528497837483883,False,False,False,1.0,1.0,1.0,1.0,0
295,10,2.5449521672271658e-06,0.7589079241484867,0.15334169118756716,0.578310658875994,0.016247304156422615,0.016247304156422615,False,False,False,1.0,1.0,1.0,1.0,0
295,12,1.6586609490332194e-05,0.7370276805449448,0.13193166584069463,0.5786735919155546,0.018017739057540894,0.018017739057540894,False,False,False,1.0,1.0,1.0,1.0,0
295,14,0.00012571121624205261,0.6766395365110642,0.1399652850021982,0.5828014138495835,0.01838696002960205,0.01838696002960205,False,False,False,1.0,1.0,1.0,1.0,0
295,16,0.0008981499704532325,0.6763799316146497,0.13049149620596934,0.5824722275365711,0.01648823916912079,0.01648823916912079,False,False,False,1.0,1.0,1.0,1.0,0
295,18,0.006882813759148121,0.6612853914950716,0.1401614089763435,0.5859812882265757,0.01757950894534588,0.01757950894534588,False,False,False,1.0,1.0,1.0,1.0,0
295,20,0.049106329679489136,0.7067208857152046,0.1329709846941225,0.5819862259011223,0.0162131879478693,0.0162131879478693,False,False,False,1.0,1.0,1.0,1.0,0
295,22,0.36930108070373535,0.6904077245788562,1.0,0.5797810779129342,0.005229755770415068,0.005229755770415068,False,False,False,1.0,1.0,1.0,1.0,0
296,0,4.743957227049123e-09,0.3141077043169566,0.3673356883313899,0.6187239694889158,0.00018874210945796221,0.00018874210945796221,False,False,False,1.0,1.0,1.0,1.0,0
296,2,2.914501306960915e-09,0.22021788182242877,0.09681255713829962,0.6207730553106563,0.020233822986483574,0.020233822986483574,False,True,False,1.0,1.0,1.25,10.0,20
296,4,2.010457933465659e-08,0.6296832514131214,0.30355703617360624,0.6177206853565436,0.0010045990347862244,0.0010045990347862244,False,False,False,1.0,1.0,1.0,1.0,0
296,6,5.6229989553457926e-08,0.661535876561088,0.16310585388075904,0.5728669615685886,0.002059311605989933,0.002059311605989933,False,False,False,1.0,1.0,1.0,1.0,0
296,8,3.347453798596689e-07,0.68207701894982,0.1403993830906758,0.5761079844247724,0.006675332318991423,0.006675332318991423,False,False,False,1.0,1.0,1.0,1.0,0
296,10,2.374236828472931e-06,0.708000396288959,0.13182632667816566,0.5713122074503536,0.013531205244362354,0.013531205244362354,False,False,False,1.0,1.0,1.0,1.0,0
296,12,1.8000338968704455e-05,0.7998468937765607,0.1279125644939899,0.5709047055011823,0.01712791621685028,0.01712791621685028,False,False,False,1.0,1.0,1.0,1.0,0
296,14,0.00014071377518121153,0.7573906805261408,0.12624183445407916,0.5649374024288595,0.016692906618118286,0.016692906618118286,False,False,False,1.0,1.0,1.0,1.0,0
296,16,0.0011146266479045153,0.8424207856661751,0.131346167212847,0.5621172139866445,0.016217073425650597,0.016217073425650597,False,False,False,1.0,1.0,1.0,1.0,0
296,18,0.008486165665090084,0.8153318657899723,0.1694925726438831,0.5672026844982696,0.016007395461201668,0.016007395461201668,False,False,False,1.0,1.0,1.0,1.0,0
296,20,0.05006805807352066,0.720561739773807,0.11848225897602244,0.5691545127594652,0.01513422280550003,0.01513422280550003,False,False,False,1.0,1.0,1.0,1.0,0
296,22,0.42257851362228394,0.7966989006296279,1.0,0.5647664879022649,0.005379013251513243,0.005379013251513243,False,False,False,1.0,1.0,1.0,1.0,0
297,0,5.453107743136343e-09,0.36544483448389137,0.41049525600738657,0.61579845639382,0.00021782224939670414,0.00021782224939670414,False,False,False,0.9,1.0,1.0,1.0,0
297,2,3.2842162323021284e-09,0.24939633071617537,0.10056622590571933,0.6180551411034584,0.020317642018198967,0.020317642018198967,False,True,False,1.0,1.0,1.25,10.0,21
297,4,2.2657248521795736e-08,0.7172801336125477,0.3452442007522898,0.615283722574555,0.0010758490534499288,0.0010758490534499288,False,False,False,0.9,1.0,1.0,1.0,0
297,6,5.5626731665370244e-08,0.677924695287803,0.15525488446411345,0.5680196622874466,0.0020815907046198845,0.0020815907046198845,False,False,False,0.9,1.0,1.0,1.0,0
297,8,3.4829295714189357e-07,0.7416251181966668,0.14626116676690595,0.5724049817836642,0.00667181983590126,0.00667181983590126,False,False,False,0.9,1.0,1.0,1.0,0
297,10,2.3713084829068976e-06,0.7185353316218138,0.14571682250069784,0.5669683757853223,0.014452247880399227,0.014452247880399227,False,False,False,0.9,1.0,1.0,1.0,0
297,12,1.6263402358163148e-05,0.7527270311702264,0.12397574733252352,0.5703242618373632,0.016438376158475876,0.016438376158475876,False,False,False,0.9,1.0,1.0,1.0,0
297,14,0.00013117212802171707,0.7265276861093006,0.1384241791363057,0.57710076313788,0.01678515039384365,0.01678515039384365,False,False,False,0.9,1.0,1.0,1.0,0
297,16,0.0009475999395363033,0.741954106095538,0.12522190858871132,0.5808596876879804,0.015962615609169006,0.015962615609169006,False,False,False,0.9,1.0,1.0,1.0,0
297,18,0.0075673554092645645,0.7452317474073601,0.15250010571356393,0.5879459475133617,0.016375254839658737,0.016375254839658737,False,False,False,0.9,1.0,1.0,1.0,0
297,20,0.049621958285570145,0.7405577619143464,0.13904939722306203,0.5899001507007324,0.01726021245121956,0.01726021245121956,False,False,False,0.9,1.0,1.0,1.0,0
297,22,0.35686567425727844,0.6947928715333108,1.0,0.5892009506988252,0.0052681779488921165,0.0052681779488921165,False,False,False,0.9,1.0,1.0,1.0,0
298,0,8.580793853241175e-09,0.5750494831841634,0.5801603123605651,0.6132041344977934,0.00022385215561371297,0.00022385215561371297,False,False,False,0.81,1.0,1.0,1.0,0
298,2,4.7903840894036875e-09,0.36361154648128796,0.11341664371041546,0.6154044533362942,0.0005237161531113088,0.0005237161531113088,False,False,True,0.9,1.0,1.0,7.0,0
298,4,3.22370468097688e-08,1.0096768558663773,0.20551619929252748,0.6126332958124837,0.0011209351941943169,0.0011209351941943169,False,False,False,0.81,1.0,1.0,1.0,0
298,6,1.4685890903365362e-07,1.8024757571978507,0.17506506570380315,0.5655575460291321,0.004006499424576759,0.004006499424576759,False,False,False,0.81,1.0,1.0,1.0,0
298,8,8.288818662549602e-07,1.8487716948289514,0.14501793828270174,0.5696379507884207,0.014825246296823025,0.014825246296823025,False,False,False,0.81,1.0,1.0,1.0,0
298,10,5.705719559045974e-06,1.7600482593573068,0.1695236789759423,0.5642204412644107,0.029892703518271446,0.029892703518271446,False,False,False,0.81,1.0,1.0,1.0,0
298,12,3.364736039657146e-05,1.5733560230940313,0.13200602248033683,0.5639038193386873,0.030015811324119568,0.030015811324119568,False,False,False,0.81,1.0,1.0,1.0,0
298,14,0.00025488261599093676,1.4623855481011194,0.14260690669352247,0.5611558768211292,0.03030446544289589,0.03030446544289589,False,False,False,0.81,1.0,1.0,1.0,0
298,16,0.001787299057468772,1.430890462492296,0.12525579584579788,0.560102380187784,0.02735617570579052,0.02735617570579052,False,False,False,0.81,1.0,1.0,1.0,0
298,18,0.014269182458519936,1.4415779468902106,0.14196120655001776,0.5696685399162855,0.030620232224464417,0.030620232224464417,False,False,False,0.81,1.0,1.0,1.0,0
298,20,0.10051465034484863,1.543132237207329,0.13567426715861955,0.5748992640783959,0.032279305160045624,0.032279305160045624,False,False,False,0.81,1.0,1.0,1.0,0
298,22,0.7408527135848999,1.4967666350522406,1.0,0.5767951471064198,0.010424712672829628,0.010424712672829628,False,False,False,0.81,0.9,1.0,1.0,0
299,0,4.829872057854345e-09,0.31979631173464923,0.37991952482421915,0.609926618342006,0.00018716487102210522,0.00018716487102210522,False,False,False,0.8748000000000001,1.0,1.0,1.0,0
299,2,2.7128819191091225e-09,0.2046678442105303,0.09168619105435648,0.6123580561606976,0.014082914218306541,0.014082914218306541,False,True,False,0.9720000000000001,1.0,1.25,8.4,1
299,4,1.9588773270129423e-08,0.6112551711949517,0.2552519081084028,0.6087824232218202,0.0009991003898903728,0.0009991003898903728,False,False,False,0.8748000000000001,1.0,1.0,1.0,0
299,6,6.67429063128111e-08,0.8133978587295398,0.16238296768337854,0.5580501118014681,0.0021299493964761496,0.0021299493964761496,False,False,False,0.8748000000000001,1.0,1.0,1.0,0
299,8,4.010215945982054e-07,0.8649686659007567,0.13416346449366626,0.5636347131861553,0.007983044721186161,0.007983044721186161,False,False,False,0.8748000000000001,1.0,1.0,1.0,0
299,10,2.979052169393981e-06,0.9189508055936046,0.14407319410831873,0.5580155089346177,0.016162315383553505,0.016162315383553505,False,False,False,0.8748000000000001,1.0,1.0,1.0,0
299,12,2.066735214611981e-05,0.9565572000553657,0.13213528156423285,0.5591915847479919,0.020705869421362877,0.020705869421362877,False,False,False,0.8748000000000001,1.0,1.0,1.0,0
299,14,0.00015640055062249303,0.8973460353746692,0.13640468882292492,0.5573961938769929,0.021132461726665497,0.021132461726665497,False,False,False,0.8748000000000001,1.0,1.0,1.0,0
299,16,0.0011465821880847216,0.917940123415883,0.1257331674449912,0.5549701681854693,0.018992898985743523,0.018992898985743523,False,False,False,0.8748000000000001,1.0,1.0,1.0,0
299,18,0.00911916047334671,0.9212847807324955,0.16108820647238545,0.5661914806215612,0.020525485277175903,0.020525485277175903,False,False,False,0.8748000000000001,1.0,1.0,1.0,0
299,20,0.05660972371697426,0.8690901207670598,0.1345484758999767,0.5691370418258782,0.01899288408458233,0.01899288408458233,False,False,False,0.8748000000000001,0.9572727272727274,1.0,1.0,0
299,22,0.42073848843574524,0.8500304041887928,1.0,0.5703468451813754,0.006182002369314432,0.006182002369314432,False,False,False,0.8748000000000001,0.81,1.0,1.0,0
300,0,4.555609223189094e-09,0.3016367741897145,0.3490681001751042,0.6137179198574012,0.00018560056923888624,0.00018560056923888624,False,False,False,0.9447840000000002,1.0,1.0,1.0,0
300,2,3.050774965984715e-09,0.23015949609210762,0.09916553790793149,0.6160876094609791,0.0168763380497694,0.0168763380497694,False,True,False,1.0,1.0,1.5625,10.0,2
300,4,2.0764467478784354e-08,0.6479419588193783,0.25275431138991483,0.6126678162438536,0.001008482649922371,0.001008482649922371,False,False,False,0.9447840000000002,1.0,1.0,1.0,0
300,6,7.215277264549513e-08,0.8793280666589716,0.17104036642445053,0.5654121041914882,0.002402378711849451,0.002402378711849451,False,False,False,0.9447840000000002,1.0,1.0,1.0,0
300,8,4.1184645738212566e-07,0.8883169524940199,0.1397043687986825,0.5708675077041675,0.00873697642236948,0.00873697642236948,False,False,False,0.9447840000000002,1.0,1.0,1.0,0
300,10,2.9379855277511524e-06,0.9062829430404027,0.15568837217435813,0.5652166673748338,0.018018541857600212,0.018018541857600212,False,False,False,0.9447840000000002,1.0,1.0,1.0,0
300,12,1.8860937416320667e-05,0.8775414837647254,0.13411582678087186,0.5666665425033495,0.0206243097782135,0.0206243097782135,False,False,False,0.9447840000000002,1.0,1.0,1.0,0
300,14,0.00014062170521356165,0.8068151241078002,0.1273067641378302,0.5666505659421438,0.02047770842909813,0.02047770842909813,False,False,False,0.9447840000000002,1.0,1.0,1.0,0
300,16,0.0011045794235542417,0.8843132074759782,0.11901476155729027,0.5622223933713725,0.019489461556077003,0.019489461556077003,False,False,False,0.9447840000000002,1.0,1.0,1.0,0
300,18,0.009281018748879433,0.937636896293982,0.13657806782365858,0.5711881794406314,0.021173380315303802,0.021173380315303802,False,False,False,0.9447840000000002,1.0,1.0,1.0,0
300,20,0.0679539367556572,1.0432500147295871,0.12484675604071281,0.5841349882535152,0.025514744222164154,0.025514744222164154,False,False,False,0.9447840000000002,1.0,1.0,1.0,0
300,22,0.5442987680435181,1.0996628892204432,1.0,0.583202682747735,0.008674019016325474,0.008674019016325474,False,False,False,0.9447840000000002,0.8748000000000001,1.0,1.0,0
